74.16129592;modelname;79.9362068;positionY;positionZ;rotationX;rotationY;rotationZ;location;texturename;iscollider;meshname
-16.23125528;0;40.1356492;0;;;;;;;;
-108.3947366;0;72.6447167;0;;;;;;;;
-109.4579171;0;-91.04000443;0;;;;;;;;
36.94646565;0;-43.26008486;0;;;;;;;;
21.05181682;0;50.92410185;0;;;;;;;;
-56.41343497;0;-112.4944026;0;;;;;;;;
16.4100894;0;57.30724838;0;;;;;;;;
-30.3656824;0;-114.3441012;0;;;;;;;;
70.06945359;0;13.27429081;0;;;;;;;;
-31.95759886;0;-63.46770426;0;;;;;;;;
-13.35613837;0;-123.5581084;0;;;;;;;;
54.61446396;0;31.18690289;0;;;;;;;;
-19.27530808;0;-23.94443552;0;;;;;;;;
36.59383258;0;117.3745862;0;;;;;;;;
-115.717617;0;7.658764025;0;;;;;;;;
-36.91603428;0;-107.7914438;0;;;;;;;;
-16.15155923;0;64.61307938;0;;;;;;;;
123.5685189;0;-66.52103128;0;;;;;;;;
79.87841643;0;115.9875404;0;;;;;;;;
25.4140074;0;-117.3651659;0;;;;;;;;
-57.21821914;0;-19.61475142;0;;;;;;;;
60.21493501;0;-10.76877541;0;;;;;;;;
75.22886905;0;37.63725788;0;;;;;;;;
4.905456224;0;56.46422678;0;;;;;;;;
65.5554701;0;8.963614647;0;;;;;;;;
-117.1002527;0;10.23557645;0;;;;;;;;
-15.14741899;0;111.5918825;0;;;;;;;;
-86.45779374;0;-52.09822295;0;;;;;;;;
116.9689092;0;-65.84105673;0;;;;;;;;
80.50393167;0;76.28876138;0;;;;;;;;
93.31794566;0;-33.65245051;0;;;;;;;;
107.583846;0;11.89055819;0;;;;;;;;
2.315051256;0;71.38310719;0;;;;;;;;
-50.22485975;0;49.66098033;0;;;;;;;;
-101.5600426;0;-75.0414491;0;;;;;;;;
20.64544224;0;1.087289626;0;;;;;;;;
90.70513291;0;-53.00262305;0;;;;;;;;
116.7935662;0;32.89149135;0;;;;;;;;
5.473843291;0;20.52397912;0;;;;;;;;
22.75389986;0;42.86956919;0;;;;;;;;
-42.17410742;0;-3.814843871;0;;;;;;;;
75.92329276;0;54.78463383;0;;;;;;;;
28.18711696;0;-30.8275165;0;;;;;;;;
41.5855747;0;-1.515729947;0;;;;;;;;
-6.222895105;0;-26.56877054;0;;;;;;;;
-15.65048013;0;46.35146463;0;;;;;;;;
-35.24632957;0;114.0051777;0;;;;;;;;
103.779829;0;43.53908065;0;;;;;;;;
-23.8179302;0;120.1812913;0;;;;;;;;
21.74482531;0;55.52418371;0;;;;;;;;
99.0468956;0;56.59541722;0;;;;;;;;
-52.83388068;0;-49.27912036;0;;;;;;;;
-38.43668531;0;-51.72754327;0;;;;;;;;
69.35407257;0;28.67863613;0;;;;;;;;
79.27240355;0;91.52564826;0;;;;;;;;
-110.44034;0;-38.48242597;0;;;;;;;;
-61.96574082;0;40.98678711;0;;;;;;;;
-34.67621342;0;-120.4233903;0;;;;;;;;
67.21947552;0;49.64031777;0;;;;;;;;
88.43333925;0;105.5364819;0;;;;;;;;
-65.61379493;0;-13.85137635;0;;;;;;;;
-60.30779634;0;-9.819757053;0;;;;;;;;
45.82919602;0;-23.64774725;0;;;;;;;;
95.81847961;0;64.44097654;0;;;;;;;;
-57.88532236;0;-56.57643901;0;;;;;;;;
65.83012199;0;67.27451405;0;;;;;;;;
21.96552854;0;27.66111621;0;;;;;;;;
-53.14185148;0;55.45030116;0;;;;;;;;
-112.5614635;0;-3.40917621;0;;;;;;;;
-12.5257858;0;-35.58113274;0;;;;;;;;
116.5601052;0;41.02412099;0;;;;;;;;
-115.8901667;0;-28.08498304;0;;;;;;;;
78.05781224;0;118.8417672;0;;;;;;;;
26.09884679;0;95.45284694;0;;;;;;;;
62.09481176;0;17.10467508;0;;;;;;;;
43.12773393;0;-13.13786309;0;;;;;;;;
-61.42697681;0;90.76569013;0;;;;;;;;
87.5407263;0;-54.20533283;0;;;;;;;;
101.5255445;0;24.7867845;0;;;;;;;;
-122.4730521;0;-123.6094629;0;;;;;;;;
102.0662238;0;-42.20808344;0;;;;;;;;
65.26624624;0;-19.26443149;0;;;;;;;;
-10.10086184;0;-113.6344171;0;;;;;;;;
-92.36480373;0;69.49284735;0;;;;;;;;
74.92895984;0;85.33778571;0;;;;;;;;
-31.9202465;0;-26.46270298;0;;;;;;;;
78.8139751;0;-11.66613386;0;;;;;;;;
58.82427965;0;-80.94446854;0;;;;;;;;
-34.64068089;0;4.593114367;0;;;;;;;;
-5.641051251;0;-89.02157176;0;;;;;;;;
-99.78867034;0;-36.7444624;0;;;;;;;;
25.61343777;0;80.22369939;0;;;;;;;;
-68.02227222;0;33.7925031;0;;;;;;;;
-22.26061244;0;-69.16238301;0;;;;;;;;
-38.20941092;0;-76.62986223;0;;;;;;;;
-114.306803;0;61.67666214;0;;;;;;;;
-9.402869706;0;16.08820225;0;;;;;;;;
-51.30192961;0;-13.46460364;0;;;;;;;;
-67.89518482;0;5.622489369;0;;;;;;;;
-32.05933544;0;-121.4247003;0;;;;;;;;
52.29407259;0;-12.23360372;0;;;;;;;;
20.65134642;0;-104.7227733;0;;;;;;;;
98.54350392;0;89.00915664;0;;;;;;;;
-104.1694557;0;2.128156013;0;;;;;;;;
-36.58937123;0;-63.50918844;0;;;;;;;;
-83.51528373;0;96.52309252;0;;;;;;;;
58.99566031;0;-61.33583026;0;;;;;;;;
115.2820203;0;46.30256147;0;;;;;;;;
10.20969427;0;22.06933098;0;;;;;;;;
-55.13856665;0;117.621106;0;;;;;;;;
-33.11644775;0;24.91993233;0;;;;;;;;
86.64778531;0;-123.1973822;0;;;;;;;;
86.89836354;0;-94.15227327;0;;;;;;;;
-52.95874619;0;112.8540161;0;;;;;;;;
67.77700684;0;108.5703432;0;;;;;;;;
-58.60254392;0;85.18956558;0;;;;;;;;
-123.7923093;0;-115.0085663;0;;;;;;;;
122.0316067;0;124.4556642;0;;;;;;;;
45.89753449;0;50.86881525;0;;;;;;;;
64.41941148;0;45.59299468;0;;;;;;;;
0.467601397;0;27.19530449;0;;;;;;;;
-44.60159189;0;-76.38767166;0;;;;;;;;
-12.56845992;0;-21.76246416;0;;;;;;;;
100.4706288;0;93.19382731;0;;;;;;;;
19.92453186;0;-55.62663625;0;;;;;;;;
24.60090399;0;-68.54899225;0;;;;;;;;
-42.71000078;0;-111.8027445;0;;;;;;;;
120.0957748;0;-59.57405868;0;;;;;;;;
60.32891987;0;51.29884486;0;;;;;;;;
38.60088165;0;23.06448444;0;;;;;;;;
-20.2274563;0;86.36873754;0;;;;;;;;
28.24316342;0;-53.14922161;0;;;;;;;;
57.47928993;0;31.65192544;0;;;;;;;;
30.00141403;0;116.5006869;0;;;;;;;;
124.3250281;0;-118.0026622;0;;;;;;;;
50.68772361;0;-72.41223253;0;;;;;;;;
-75.40289816;0;-108.9164971;0;;;;;;;;
20.55679157;0;71.34310677;0;;;;;;;;
82.2998825;0;-32.44080982;0;;;;;;;;
34.23123469;0;35.31297353;0;;;;;;;;
47.09566361;0;60.55448218;0;;;;;;;;
-91.57142342;0;-81.11210195;0;;;;;;;;
91.58199088;0;-105.1473532;0;;;;;;;;
-40.38039221;0;-75.99526286;0;;;;;;;;
118.9019667;0;-55.17602216;0;;;;;;;;
114.6808173;0;-38.22950449;0;;;;;;;;
-76.72051402;0;61.36349342;0;;;;;;;;
-47.37839165;0;-68.27646063;0;;;;;;;;
107.4974799;0;-77.67247371;0;;;;;;;;
-43.45002356;0;-122.1414061;0;;;;;;;;
-38.17161073;0;-68.38707351;0;;;;;;;;
-32.63110863;0;33.07556968;0;;;;;;;;
-13.1607053;0;-23.64782231;0;;;;;;;;
-62.49338502;0;-81.50677671;0;;;;;;;;
38.78800316;0;41.65114194;0;;;;;;;;
-122.2616217;0;-5.67625375;0;;;;;;;;
38.36802691;0;89.45724543;0;;;;;;;;
61.19817811;0;91.79027658;0;;;;;;;;
-107.9702322;0;-88.68278177;0;;;;;;;;
-100.2051946;0;-44.44806645;0;;;;;;;;
88.96089159;0;-70.71966212;0;;;;;;;;
-23.8727759;0;-3.382925599;0;;;;;;;;
-62.84433948;0;-69.30407175;0;;;;;;;;
107.7456158;0;118.520305;0;;;;;;;;
-27.53316493;0;21.10526023;0;;;;;;;;
22.6760502;0;-95.13886256;0;;;;;;;;
88.61788206;0;-10.83398849;0;;;;;;;;
-116.7805829;0;80.33743464;0;;;;;;;;
-88.68058474;0;-86.97851744;0;;;;;;;;
16.86653252;0;-48.65084969;0;;;;;;;;
-100.9136179;0;110.9010368;0;;;;;;;;
-110.5732178;0;31.14184631;0;;;;;;;;
8.776736682;0;71.25508853;0;;;;;;;;
-97.97243738;0;-69.06791272;0;;;;;;;;
108.6339574;0;-36.41422744;0;;;;;;;;
-49.38687298;0;-79.55973422;0;;;;;;;;
38.65670966;0;-32.92616445;0;;;;;;;;
34.35851731;0;24.75556059;0;;;;;;;;
-13.90776302;0;-43.37248973;0;;;;;;;;
94.51710803;0;0.113107972;0;;;;;;;;
66.07413476;0;-105.1049794;0;;;;;;;;
11.75953899;0;-114.5690203;0;;;;;;;;
-3.580415581;0;35.97446487;0;;;;;;;;
-81.0308883;0;-22.61073975;0;;;;;;;;
-114.5103646;0;-85.7150157;0;;;;;;;;
-63.92828914;0;39.50441116;0;;;;;;;;
-84.93964262;0;-45.85166784;0;;;;;;;;
-58.78427282;0;-14.48935159;0;;;;;;;;
82.32487498;0;-74.5202803;0;;;;;;;;
-72.15861603;0;-39.25077597;0;;;;;;;;
66.12162647;0;-93.51334603;0;;;;;;;;
38.76609474;0;34.23382238;0;;;;;;;;
45.20629265;0;10.50405261;0;;;;;;;;
79.5830171;0;35.66839047;0;;;;;;;;
104.6410931;0;-24.28456137;0;;;;;;;;
-96.07801332;0;89.51382598;0;;;;;;;;
100.8897093;0;49.42927152;0;;;;;;;;
-28.71743232;0;-101.6815888;0;;;;;;;;
37.0378857;0;-122.8275986;0;;;;;;;;
-1.144353002;0;-46.83363128;0;;;;;;;;
65.66942448;0;-87.63712194;0;;;;;;;;
31.1132744;0;58.6280831;0;;;;;;;;
-117.7730928;0;85.57421349;0;;;;;;;;
109.0879709;0;-3.833324037;0;;;;;;;;
-57.80804741;0;4.991458141;0;;;;;;;;
26.45428287;0;-26.45228358;0;;;;;;;;
2.547744494;0;53.40950077;0;;;;;;;;
63.82707863;0;15.49674687;0;;;;;;;;
-102.0302425;0;-47.94410287;0;;;;;;;;
20.70128771;0;-85.16951104;0;;;;;;;;
38.15285957;0;-13.03270325;0;;;;;;;;
72.94397403;0;37.10827097;0;;;;;;;;
2.089895693;0;-124.0598464;0;;;;;;;;
-18.31289055;0;-79.0029142;0;;;;;;;;
-85.7567851;0;71.9097406;0;;;;;;;;
-111.6117563;0;-119.0624601;0;;;;;;;;
-31.64747585;0;35.09783324;0;;;;;;;;
56.98705731;0;-96.14021381;0;;;;;;;;
-35.09268406;0;70.25063658;0;;;;;;;;
44.83224964;0;23.15600729;0;;;;;;;;
39.51879688;0;-26.02772482;0;;;;;;;;
-30.3665525;0;6.755075653;0;;;;;;;;
82.21674666;0;-22.9229868;0;;;;;;;;
-65.80695862;0;76.65241087;0;;;;;;;;
-70.42712492;0;114.2644801;0;;;;;;;;
98.85342243;0;-65.089504;0;;;;;;;;
-55.59001771;0;99.71566809;0;;;;;;;;
-46.62765206;0;-46.38833234;0;;;;;;;;
28.86687492;0;-78.29942836;0;;;;;;;;
25.97517768;0;61.92366496;0;;;;;;;;
-63.96492392;0;-62.85544341;0;;;;;;;;
-93.1446793;0;49.64971251;0;;;;;;;;
-72.68613179;0;76.9440048;0;;;;;;;;
-27.14471855;0;65.1835095;0;;;;;;;;
75.9154781;0;-90.20620437;0;;;;;;;;
-99.65490954;0;-113.8745601;0;;;;;;;;
-88.72960472;0;91.28354137;0;;;;;;;;
124.6783041;0;9.699766442;0;;;;;;;;
-54.32389604;0;80.18999243;0;;;;;;;;
-71.60119248;0;-35.31866559;0;;;;;;;;
-111.9111673;0;-3.333839535;0;;;;;;;;
6.441857832;0;21.73121958;0;;;;;;;;
15.88501637;0;79.14845313;0;;;;;;;;
-100.5204614;0;-82.12824321;0;;;;;;;;
-123.7044071;0;119.3592555;0;;;;;;;;
-21.79663793;0;-62.61870196;0;;;;;;;;
89.47134429;0;34.80436631;0;;;;;;;;
57.4592993;0;-123.7727819;0;;;;;;;;
-111.7671711;0;92.80226264;0;;;;;;;;
-41.09566723;0;-53.07084662;0;;;;;;;;
37.84630322;0;-35.03851384;0;;;;;;;;
89.18523543;0;57.29288769;0;;;;;;;;
35.54072746;0;-105.8876294;0;;;;;;;;
-61.60432484;0;11.49670304;0;;;;;;;;
51.9308231;0;38.45968304;0;;;;;;;;
-46.2191279;0;103.6756258;0;;;;;;;;
41.91142347;0;-48.8488529;0;;;;;;;;
-62.63999961;0;103.2232622;0;;;;;;;;
19.31387456;0;-61.37668475;0;;;;;;;;
-37.34442282;0;105.5419425;0;;;;;;;;
-40.9910312;0;-10.27075976;0;;;;;;;;
116.8711288;0;-68.93364931;0;;;;;;;;
0.930196826;0;86.69810676;0;;;;;;;;
122.6258816;0;110.497061;0;;;;;;;;
-67.05524248;0;107.4746853;0;;;;;;;;
-77.51833238;0;-78.36538234;0;;;;;;;;
105.0373321;0;86.76643157;0;;;;;;;;
80.63063362;0;-104.5715926;0;;;;;;;;
1.892786703;0;29.49676106;0;;;;;;;;
117.4853724;0;-104.442121;0;;;;;;;;
102.4674898;0;1.106251714;0;;;;;;;;
-107.3502143;0;34.83420493;0;;;;;;;;
-35.10937538;0;-71.61318441;0;;;;;;;;
16.42639325;0;31.61514942;0;;;;;;;;
-102.9426875;0;-21.88779022;0;;;;;;;;
-75.8749644;0;-75.7177562;0;;;;;;;;
-104.2134069;0;61.13326919;0;;;;;;;;
-97.3911242;0;-41.14740198;0;;;;;;;;
-35.52303063;0;11.54923408;0;;;;;;;;
104.5155193;0;-39.57825609;0;;;;;;;;
-82.67084634;0;-82.866586;0;;;;;;;;
-3.682466193;0;66.09386176;0;;;;;;;;
68.25711079;0;-67.36152106;0;;;;;;;;
-78.60813131;0;25.4440993;0;;;;;;;;
26.66711181;0;66.35990859;0;;;;;;;;
-65.91212739;0;-81.45270094;0;;;;;;;;
33.69724049;0;-58.7841801;0;;;;;;;;
34.38513695;0;25.10423897;0;;;;;;;;
-75.91747234;0;89.48475326;0;;;;;;;;
73.67967687;0;97.5574942;0;;;;;;;;
-95.66449494;0;65.04456993;0;;;;;;;;
-103.3224921;0;-49.64378631;0;;;;;;;;
83.5916907;0;69.36727072;0;;;;;;;;
-86.20489566;0;-26.47976385;0;;;;;;;;
-109.5389411;0;117.8641578;0;;;;;;;;
0.8218676;0;-95.72834991;0;;;;;;;;
-52.23531346;0;121.9921259;0;;;;;;;;
11.70736456;0;51.42265974;0;;;;;;;;
28.28401637;0;-82.45626403;0;;;;;;;;
102.9006976;0;16.5292234;0;;;;;;;;
-101.0963876;0;10.76852507;0;;;;;;;;
93.99068608;0;73.23971912;0;;;;;;;;
-96.37116341;0;113.1349791;0;;;;;;;;
5.854776482;0;14.12787259;0;;;;;;;;
14.34480479;0;77.28909406;0;;;;;;;;
56.13952785;0;62.43843328;0;;;;;;;;
-75.3582823;0;-98.9466599;0;;;;;;;;
-28.28729641;0;35.46163669;0;;;;;;;;
-51.32961754;0;34.25862743;0;;;;;;;;
4.201096539;0;2.843664421;0;;;;;;;;
-38.66837261;0;-93.90825243;0;;;;;;;;
-26.51279289;0;-55.7789047;0;;;;;;;;
-87.39440518;0;71.2977776;0;;;;;;;;
110.169319;0;16.02982152;0;;;;;;;;
33.32836516;0;22.20550773;0;;;;;;;;
-36.65744617;0;-42.13841419;0;;;;;;;;
-61.30007355;0;-114.7238925;0;;;;;;;;
10.17699762;0;-29.4521674;0;;;;;;;;
-23.74586091;0;48.32522786;0;;;;;;;;
98.25182243;0;-11.6312293;0;;;;;;;;
102.4339405;0;-119.6385537;0;;;;;;;;
-113.2220511;0;-59.54307114;0;;;;;;;;
-26.32249152;0;105.0144768;0;;;;;;;;
111.1469455;0;17.21408022;0;;;;;;;;
-54.84674161;0;20.06320694;0;;;;;;;;
16.72448106;0;-93.2437279;0;;;;;;;;
-77.09317977;0;107.6326662;0;;;;;;;;
-83.06523597;0;25.66973886;0;;;;;;;;
68.91961486;0;-84.9404828;0;;;;;;;;
66.29675671;0;-80.03618884;0;;;;;;;;
-94.83583415;0;54.12975956;0;;;;;;;;
-6.730086889;0;-88.71365041;0;;;;;;;;
-89.3289407;0;-51.67182581;0;;;;;;;;
-21.50493043;0;49.43426474;0;;;;;;;;
100.0808328;0;-52.95775927;0;;;;;;;;
26.21557155;0;37.03350542;0;;;;;;;;
81.22590855;0;-89.70974825;0;;;;;;;;
-10.37637705;0;52.08090827;0;;;;;;;;
-85.91858675;0;34.25948868;0;;;;;;;;
-94.65645508;0;32.38208958;0;;;;;;;;
67.36463237;0;92.8621687;0;;;;;;;;
112.0296024;0;-96.18303658;0;;;;;;;;
61.76353718;0;99.83120378;0;;;;;;;;
37.73075362;0;-51.03376405;0;;;;;;;;
73.67283618;0;-87.0302902;0;;;;;;;;
-78.92761894;0;44.6929044;0;;;;;;;;
-120.8847059;0;-64.30478084;0;;;;;;;;
109.3510914;0;-3.700684106;0;;;;;;;;
-95.70699355;0;34.14931331;0;;;;;;;;
-85.42912732;0;25.33599343;0;;;;;;;;
-88.90844852;0;-96.96157696;0;;;;;;;;
106.9609006;0;-79.40607863;0;;;;;;;;
117.2676646;0;81.10970487;0;;;;;;;;
85.12723303;0;81.29166601;0;;;;;;;;
-55.91721374;0;24.77206994;0;;;;;;;;
-71.83117563;0;89.92303469;0;;;;;;;;
-65.28091519;0;54.29187692;0;;;;;;;;
84.39015913;0;26.98983887;0;;;;;;;;
-44.44191213;0;-78.53576884;0;;;;;;;;
106.4830129;0;-95.70957123;0;;;;;;;;
-31.99656655;0;81.63775038;0;;;;;;;;
-28.5687385;0;-27.87592523;0;;;;;;;;
80.41914094;0;54.5974741;0;;;;;;;;
63.77943536;0;90.23954974;0;;;;;;;;
40.99534193;0;-63.2533207;0;;;;;;;;
78.28165252;0;111.8975243;0;;;;;;;;
-123.3215702;0;120.4304214;0;;;;;;;;
24.19151123;0;-37.6104197;0;;;;;;;;
-24.48152483;0;-74.22111705;0;;;;;;;;
64.05632974;0;-50.56213118;0;;;;;;;;
60.13593313;0;-99.44067234;0;;;;;;;;
32.80489379;0;-83.26553081;0;;;;;;;;
95.27429094;0;-31.54281665;0;;;;;;;;
-111.5360727;0;54.91503245;0;;;;;;;;
-37.50227716;0;-13.33068548;0;;;;;;;;
-96.98189117;0;109.4345818;0;;;;;;;;
-84.26976854;0;-105.011927;0;;;;;;;;
124.0050869;0;-117.8897951;0;;;;;;;;
41.8015974;0;3.719220255;0;;;;;;;;
8.326628531;0;-64.07242252;0;;;;;;;;
-120.9681131;0;92.8798486;0;;;;;;;;
101.846995;0;-57.74170469;0;;;;;;;;
-1.675907609;0;-43.83903172;0;;;;;;;;
88.62153503;0;-56.30063268;0;;;;;;;;
102.22091;0;-47.42304144;0;;;;;;;;
76.65456752;0;-5.97306011;0;;;;;;;;
13.91296692;0;51.34958395;0;;;;;;;;
-105.2173517;0;40.37803065;0;;;;;;;;
101.5281971;0;102.7920868;0;;;;;;;;
2.05405948;0;117.9234927;0;;;;;;;;
-119.157095;0;104.7350137;0;;;;;;;;
-83.05858235;0;-123.435535;0;;;;;;;;
63.62521526;0;18.5210416;0;;;;;;;;
7.347710706;0;66.86921692;0;;;;;;;;
121.5184951;0;-52.18579664;0;;;;;;;;
116.2139336;0;-29.51733773;0;;;;;;;;
-78.77227805;0;0.392254188;0;;;;;;;;
120.8656428;0;-118.9058429;0;;;;;;;;
52.72464838;0;-77.67273449;0;;;;;;;;
-4.968008904;0;7.745676799;0;;;;;;;;
85.00256891;0;-88.85318581;0;;;;;;;;
-26.08336606;0;-45.42925529;0;;;;;;;;
112.6184819;0;-25.11345397;0;;;;;;;;
60.02018296;0;31.68195151;0;;;;;;;;
67.29627638;0;73.8059847;0;;;;;;;;
-93.2051246;0;-3.13181359;0;;;;;;;;
-26.89348341;0;16.98509938;0;;;;;;;;
-100.9621716;0;46.18743159;0;;;;;;;;
-100.2904851;0;2.397112847;0;;;;;;;;
70.44810292;0;-19.13669883;0;;;;;;;;
-92.64612855;0;-10.90758889;0;;;;;;;;
58.09332845;0;74.2872511;0;;;;;;;;
5.051978598;0;-95.89358142;0;;;;;;;;
-99.90976329;0;49.20437981;0;;;;;;;;
63.93709614;0;-59.11277061;0;;;;;;;;
19.70976363;0;-51.63110608;0;;;;;;;;
17.09678855;0;35.71436576;0;;;;;;;;
-54.67287031;0;-76.38592601;0;;;;;;;;
76.44203109;0;124.8556328;0;;;;;;;;
-2.237594197;0;-121.5357957;0;;;;;;;;
-75.34045635;0;30.87764835;0;;;;;;;;
-92.80055793;0;69.97013034;0;;;;;;;;
-70.2627449;0;-72.86273532;0;;;;;;;;
-92.94754364;0;49.29578401;0;;;;;;;;
100.1374991;0;35.33015357;0;;;;;;;;
117.9792574;0;113.3001498;0;;;;;;;;
44.29068275;0;-43.90963275;0;;;;;;;;
-44.09373757;0;121.5170721;0;;;;;;;;
39.57080931;0;-34.84639009;0;;;;;;;;
-94.76180212;0;-60.25221111;0;;;;;;;;
108.5800181;0;87.21325922;0;;;;;;;;
-87.30390713;0;8.086109665;0;;;;;;;;
17.53462302;0;-108.3767485;0;;;;;;;;
106.9887235;0;-100.2002367;0;;;;;;;;
-1.966609974;0;-119.7187544;0;;;;;;;;
80.74971917;0;-49.25490657;0;;;;;;;;
54.94541247;0;44.19103079;0;;;;;;;;
101.4470299;0;60.44851125;0;;;;;;;;
-15.17776828;0;96.0389983;0;;;;;;;;
41.90988459;0;68.78275991;0;;;;;;;;
-61.16006574;0;-43.62364027;0;;;;;;;;
-112.6883148;0;-1.637090513;0;;;;;;;;
-5.449756377;0;-97.05279321;0;;;;;;;;
-85.71883579;0;-11.46894009;0;;;;;;;;
-89.4926799;0;111.956627;0;;;;;;;;
-100.6848939;0;41.89100985;0;;;;;;;;
-19.24109729;0;96.09498892;0;;;;;;;;
-82.30867887;0;-105.1580917;0;;;;;;;;
24.01400315;0;-82.95295717;0;;;;;;;;
37.73698163;0;21.28234344;0;;;;;;;;
-33.31902352;0;115.5720463;0;;;;;;;;
-69.31742856;0;-81.4999373;0;;;;;;;;
76.28344164;0;88.12928349;0;;;;;;;;
17.59627762;0;82.33147469;0;;;;;;;;
4.186574718;0;52.30866952;0;;;;;;;;
-59.24346046;0;-8.484982884;0;;;;;;;;
74.41617828;0;119.5071843;0;;;;;;;;
-4.379600464;0;19.04686162;0;;;;;;;;
-84.26106948;0;116.1379395;0;;;;;;;;
-6.74965572;0;4.538957363;0;;;;;;;;
121.5256418;0;-48.74751934;0;;;;;;;;
-51.06261195;0;12.74748153;0;;;;;;;;
-10.60898113;0;105.5737926;0;;;;;;;;
-38.49017616;0;-87.00292284;0;;;;;;;;
121.7255959;0;-6.312959081;0;;;;;;;;
-92.15757692;0;119.2581693;0;;;;;;;;
-50.17763499;0;47.42808395;0;;;;;;;;
-106.0046453;0;-112.9161073;0;;;;;;;;
-70.4049509;0;32.02685023;0;;;;;;;;
35.23505695;0;-13.8798767;0;;;;;;;;
30.67760036;0;120.7947435;0;;;;;;;;
10.83058292;0;-47.43300848;0;;;;;;;;
-120.5801248;0;108.6509248;0;;;;;;;;
21.91380717;0;-41.06663085;0;;;;;;;;
-45.63261935;0;-123.7505373;0;;;;;;;;
-78.84162409;0;-17.76094196;0;;;;;;;;
90.3091406;0;-101.7274146;0;;;;;;;;
-89.71621165;0;11.09400367;0;;;;;;;;
81.86008129;0;-28.59716686;0;;;;;;;;
-52.06289435;0;-63.16773662;0;;;;;;;;
-92.02280945;0;73.97691006;0;;;;;;;;
-113.9227693;0;56.67367276;0;;;;;;;;
-106.9799591;0;-16.56721622;0;;;;;;;;
-106.623969;0;-113.5228817;0;;;;;;;;
-90.98900383;0;-2.977503936;0;;;;;;;;
-57.80332911;0;-66.50417316;0;;;;;;;;
5.072278251;0;-72.31323031;0;;;;;;;;
57.74801461;0;-51.04016872;0;;;;;;;;
13.63726934;0;-23.24037;0;;;;;;;;
91.20056146;0;117.2317107;0;;;;;;;;
-19.54587564;0;49.49095743;0;;;;;;;;
-4.875177596;0;-108.5708224;0;;;;;;;;
-106.7235997;0;-90.98942132;0;;;;;;;;
103.6929434;0;-6.095359971;0;;;;;;;;
29.09389569;0;-26.8142785;0;;;;;;;;
-60.27368891;0;-37.7498278;0;;;;;;;;
-63.6520175;0;-109.8856061;0;;;;;;;;
-23.89534434;0;-11.40848018;0;;;;;;;;
75.79632756;0;-15.59344027;0;;;;;;;;
-103.7590357;0;-45.14082469;0;;;;;;;;
-69.9704643;0;-51.70811163;0;;;;;;;;
-8.621803662;0;91.39898208;0;;;;;;;;
-82.22014869;0;-53.40876528;0;;;;;;;;
-43.81194812;0;55.90384646;0;;;;;;;;
22.73254516;0;-88.03111268;0;;;;;;;;
-113.7244535;0;94.65983753;0;;;;;;;;
-27.33002662;0;-71.68742623;0;;;;;;;;
102.5813516;0;-89.55222556;0;;;;;;;;
-6.599486023;0;14.96528774;0;;;;;;;;
-80.05282826;0;-60.6851721;0;;;;;;;;
-22.82530473;0;-8.984648723;0;;;;;;;;
-109.7389138;0;13.8869782;0;;;;;;;;
58.25677011;0;121.379129;0;;;;;;;;
70.25586136;0;119.3849922;1;;;;;;;;
120;0;69;0;;;;;;;;
31;0;5;0;;;;;;;;
-10;0;101;0;;;;;;;;
88;0;67;0;;;;;;;;
-92;0;-28;0;;;;;;;;
-92;0;-12;0;;;;;;;;
62;0;41;0;;;;;;;;
29;0;-89;0;;;;;;;;
107;0;-43;0;;;;;;;;
-85;0;18;0;;;;;;;;
120;0;10;0;;;;;;;;
-15;0;122;0;;;;;;;;
-5;0;71;0;;;;;;;;
-124;0;-118;0;;;;;;;;
26;0;-62;0;;;;;;;;
-30;0;87;0;;;;;;;;
-73;0;24;0;;;;;;;;
-74;0;26;0;;;;;;;;
28;0;-18;0;;;;;;;;
88;0;117;0;;;;;;;;
19;0;-69;0;;;;;;;;
0;0;58;0;;;;;;;;
-63;0;113;0;;;;;;;;
-90;0;-31;0;;;;;;;;
-94;0;117;0;;;;;;;;
-15;0;53;0;;;;;;;;
-47;0;-40;0;;;;;;;;
-48;0;83;0;;;;;;;;
-99;0;-4;0;;;;;;;;
108;0;-5;0;;;;;;;;
-86;0;-14;0;;;;;;;;
-63;0;105;0;;;;;;;;
-56;0;-20;0;;;;;;;;
-90;0;101;0;;;;;;;;
-51;0;-45;0;;;;;;;;
-107;0;-56;0;;;;;;;;
121;0;-35;0;;;;;;;;
-84;0;-35;0;;;;;;;;
13;0;69;0;;;;;;;;
-6;0;-65;0;;;;;;;;
-94;0;-92;0;;;;;;;;
77;0;-13;0;;;;;;;;
89;0;83;0;;;;;;;;
-59;0;-48;0;;;;;;;;
6;0;37;0;;;;;;;;
85;0;24;0;;;;;;;;
-70;0;-8;0;;;;;;;;
-63;0;-78;0;;;;;;;;
4;0;-52;0;;;;;;;;
-6;0;121;0;;;;;;;;
-114;0;-24;0;;;;;;;;
108;0;-112;0;;;;;;;;
95;0;-116;0;;;;;;;;
27;0;-7;0;;;;;;;;
91;0;-47;0;;;;;;;;
-74;0;48;0;;;;;;;;
114;0;60;0;;;;;;;;
16;0;96;0;;;;;;;;
-89;0;100;0;;;;;;;;
-117;0;99;0;;;;;;;;
24;0;101;0;;;;;;;;
-28;0;-4;0;;;;;;;;
48;0;-64;0;;;;;;;;
-35;0;39;0;;;;;;;;
-114;0;51;0;;;;;;;;
-95;0;-82;0;;;;;;;;
76;0;-121;0;;;;;;;;
113;0;121;0;;;;;;;;
-76;0;-84;0;;;;;;;;
-6;0;-116;0;;;;;;;;
18;0;-36;0;;;;;;;;
-8;0;23;0;;;;;;;;
108;0;-13;0;;;;;;;;
-65;0;-14;0;;;;;;;;
-74;0;-75;0;;;;;;;;
-6;0;-3;0;;;;;;;;
-39;0;22;0;;;;;;;;
-6;0;103;0;;;;;;;;
-7;0;2;0;;;;;;;;
-81;0;72;0;;;;;;;;
40;0;95;0;;;;;;;;
30;0;-47;0;;;;;;;;
18;0;-112;0;;;;;;;;
-8;0;-6;0;;;;;;;;
-114;0;-122;0;;;;;;;;
-22;0;105;0;;;;;;;;
-50;0;14;0;;;;;;;;
94;0;-87;0;;;;;;;;
-73;0;-91;0;;;;;;;;
-66;0;-84;0;;;;;;;;
-42;0;-75;0;;;;;;;;
117;0;-13;0;;;;;;;;
88;0;19;0;;;;;;;;
-26;0;25;0;;;;;;;;
114;0;-13;0;;;;;;;;
-95;0;-46;0;;;;;;;;
107;0;-45;0;;;;;;;;
77;0;-8;0;;;;;;;;
-88;0;117;0;;;;;;;;
123;0;66;0;;;;;;;;
-122;0;-81;0;;;;;;;;
105;0;87;0;;;;;;;;
-39;0;-73;0;;;;;;;;
-57;0;-30;0;;;;;;;;
67;0;-34;0;;;;;;;;
106;0;-111;0;;;;;;;;
-80;0;-61;0;;;;;;;;
19;0;-103;0;;;;;;;;
-71;0;96;0;;;;;;;;
-95;0;97;0;;;;;;;;
71;0;38;0;;;;;;;;
-10;0;62;0;;;;;;;;
111;0;-45;0;;;;;;;;
66;0;67;0;;;;;;;;
70;0;-71;0;;;;;;;;
-48;0;120;0;;;;;;;;
-111;0;-80;0;;;;;;;;
-4;0;-68;0;;;;;;;;
-76;0;54;0;;;;;;;;
81;0;-20;0;;;;;;;;
73;0;-67;0;;;;;;;;
60;0;-22;0;;;;;;;;
-23;0;52;0;;;;;;;;
-42;0;-4;0;;;;;;;;
18;0;-60;0;;;;;;;;
79;0;70;0;;;;;;;;
-30;0;-70;0;;;;;;;;
87;0;-91;0;;;;;;;;
-57;0;15;0;;;;;;;;
-35;0;-14;0;;;;;;;;
-100;0;-17;0;;;;;;;;
75;0;-124;0;;;;;;;;
0;0;86;0;;;;;;;;
-2;0;-32;0;;;;;;;;
49;0;49;0;;;;;;;;
-5;0;-114;0;;;;;;;;
18;0;-44;0;;;;;;;;
-46;0;-66;0;;;;;;;;
-58;0;-72;0;;;;;;;;
7;0;107;0;;;;;;;;
51;0;1;0;;;;;;;;
-106;0;-80;0;;;;;;;;
-71;0;121;0;;;;;;;;
-8;0;2;0;;;;;;;;
50;0;-95;0;;;;;;;;
106;0;-88;0;;;;;;;;
-104;0;125;0;;;;;;;;
-34;0;-53;0;;;;;;;;
-121;0;-70;0;;;;;;;;
112;0;-53;0;;;;;;;;
23;0;52;0;;;;;;;;
65;0;125;0;;;;;;;;
-94;0;86;0;;;;;;;;
-117;0;123;0;;;;;;;;
20;0;-87;0;;;;;;;;
68;0;-12;0;;;;;;;;
41;0;93;0;;;;;;;;
79;0;38;0;;;;;;;;
110;0;-72;0;;;;;;;;
-115;0;27;0;;;;;;;;
-56;0;39;0;;;;;;;;
-43;0;40;0;;;;;;;;
37;0;46;0;;;;;;;;
80;0;-4;0;;;;;;;;
-74;0;100;0;;;;;;;;
5;0;-3;0;;;;;;;;
29;0;-33;0;;;;;;;;
-32;0;-36;0;;;;;;;;
10;0;57;0;;;;;;;;
100;0;9;0;;;;;;;;
29;0;-83;0;;;;;;;;
17;0;91;0;;;;;;;;
-59;0;36;0;;;;;;;;
60;0;107;0;;;;;;;;
13;0;-121;0;;;;;;;;
20;0;-90;0;;;;;;;;
-70;0;44;0;;;;;;;;
13;0;-26;0;;;;;;;;
64;0;26;0;;;;;;;;
11;0;114;0;;;;;;;;
-68;0;83;0;;;;;;;;
-73;0;-13;0;;;;;;;;
1;0;-91;0;;;;;;;;
84;0;-106;0;;;;;;;;
-109;0;93;0;;;;;;;;
28;0;-51;0;;;;;;;;
-22;0;-35;0;;;;;;;;
-51;0;-84;0;;;;;;;;
106;0;-4;0;;;;;;;;
-79;0;-30;0;;;;;;;;
18;0;-60;0;;;;;;;;
60;0;69;0;;;;;;;;
38;0;-81;0;;;;;;;;
99;0;-32;0;;;;;;;;
121;0;-105;0;;;;;;;;
-101;0;-45;0;;;;;;;;
67;0;-18;0;;;;;;;;
34;0;-88;0;;;;;;;;
-81;0;55;0;;;;;;;;
18;0;56;0;;;;;;;;
-94;0;-42;0;;;;;;;;
-119;0;-86;0;;;;;;;;
15;0;94;0;;;;;;;;
20;0;-75;0;;;;;;;;
-11;0;-86;0;;;;;;;;
-34;0;-90;0;;;;;;;;
22;0;122;0;;;;;;;;
-25;0;23;0;;;;;;;;
3;0;50;0;;;;;;;;
-12;0;-125;0;;;;;;;;
86;0;10;0;;;;;;;;
38;0;-11;0;;;;;;;;
40;0;-19;0;;;;;;;;
-85;0;23;0;;;;;;;;
76;0;-29;0;;;;;;;;
36;0;-94;0;;;;;;;;
22;0;114;0;;;;;;;;
112;0;-115;0;;;;;;;;
64;0;-64;0;;;;;;;;
20;0;-38;0;;;;;;;;
-124;0;-96;0;;;;;;;;
-68;0;102;0;;;;;;;;
26;0;116;0;;;;;;;;
-78;0;-10;0;;;;;;;;
-120;0;70;0;;;;;;;;
-91;0;-83;0;;;;;;;;
-82;0;125;0;;;;;;;;
62;0;-22;0;;;;;;;;
-65;0;54;0;;;;;;;;
-50;0;112;0;;;;;;;;
-43;0;-15;0;;;;;;;;
-121;0;-18;0;;;;;;;;
13;0;-43;0;;;;;;;;
102;0;19;0;;;;;;;;
23;0;20;0;;;;;;;;
-46;0;-112;0;;;;;;;;
101;0;93;0;;;;;;;;
-50;0;-86;0;;;;;;;;
109;0;-95;0;;;;;;;;
11;0;-110;0;;;;;;;;
4;0;7;0;;;;;;;;
27;0;-123;0;;;;;;;;
102;0;82;0;;;;;;;;
-107;0;-123;0;;;;;;;;
-3;0;46;0;;;;;;;;
1;0;-109;0;;;;;;;;
58;0;111;0;;;;;;;;
-36;0;65;0;;;;;;;;
23;0;-91;0;;;;;;;;
0;0;90;0;;;;;;;;
48;0;12;0;;;;;;;;
-110;0;-116;0;;;;;;;;
27;0;-122;0;;;;;;;;
-105;0;-78;0;;;;;;;;
67;0;35;0;;;;;;;;
115;0;-119;0;;;;;;;;
76;0;-65;0;;;;;;;;
109;0;2;0;;;;;;;;
-61;0;58;0;;;;;;;;
-50;0;-122;0;;;;;;;;
-74;0;102;0;;;;;;;;
3;0;-1;0;;;;;;;;
-90;0;117;0;;;;;;;;
-20;0;7;0;;;;;;;;
-97;0;89;0;;;;;;;;
-108;0;52;0;;;;;;;;
-50;0;27;0;;;;;;;;
-120;0;-92;0;;;;;;;;
-10;0;109;0;;;;;;;;
6;0;-93;0;;;;;;;;
-45;0;-6;0;;;;;;;;
105;0;68;0;;;;;;;;
100;0;-107;0;;;;;;;;
9;0;-108;0;;;;;;;;
-46;0;49;0;;;;;;;;
-108;0;4;0;;;;;;;;
-69;0;-47;0;;;;;;;;
-72;0;18;0;;;;;;;;
-38;0;-86;0;;;;;;;;
-17;0;-110;0;;;;;;;;
-29;0;22;0;;;;;;;;
-13;0;73;0;;;;;;;;
70;0;-85;0;;;;;;;;
-43;0;51;0;;;;;;;;
72;0;51;0;;;;;;;;
-84;0;-42;0;;;;;;;;
78;0;22;0;;;;;;;;
-60;0;-39;0;;;;;;;;
-51;0;25;0;;;;;;;;
-10;0;-66;0;;;;;;;;
-27;0;55;0;;;;;;;;
-27;0;-85;0;;;;;;;;
26;0;-31;0;;;;;;;;
-76;0;-123;0;;;;;;;;
-43;0;-28;0;;;;;;;;
3;0;-33;0;;;;;;;;
81;0;117;0;;;;;;;;
-76;0;74;0;;;;;;;;
16;0;34;0;;;;;;;;
74;0;-77;0;;;;;;;;
44;0;-57;0;;;;;;;;
-87;0;76;0;;;;;;;;
90;0;-96;0;;;;;;;;
-12;0;116;0;;;;;;;;
-106;0;-69;0;;;;;;;;
120;0;87;0;;;;;;;;
-3;0;110;0;;;;;;;;
44;0;-64;0;;;;;;;;
44;0;-72;0;;;;;;;;
39;0;22;0;;;;;;;;
-68;0;109;0;;;;;;;;
125;0;-68;0;;;;;;;;
20;0;96;0;;;;;;;;
-104;0;15;0;;;;;;;;
-109;0;123;0;;;;;;;;
-28;0;63;0;;;;;;;;
-100;0;-70;0;;;;;;;;
35;0;102;0;;;;;;;;
110;0;-116;0;;;;;;;;
125;0;35;0;;;;;;;;
-84;0;46;0;;;;;;;;
36;0;120;0;;;;;;;;
90;0;-66;0;;;;;;;;
42;0;-52;0;;;;;;;;
-65;0;26;0;;;;;;;;
92;0;81;0;;;;;;;;
1;0;-6;0;;;;;;;;
39;0;117;0;;;;;;;;
104;0;117;0;;;;;;;;
-51;0;-96;0;;;;;;;;
-61;0;29;0;;;;;;;;
-107;0;82;0;;;;;;;;
-2;0;-62;0;;;;;;;;
-51;0;50;0;;;;;;;;
55;0;32;0;;;;;;;;
-50;0;95;0;;;;;;;;
41;0;-100;0;;;;;;;;
11;0;42;0;;;;;;;;
111;0;-111;0;;;;;;;;
28;0;5;0;;;;;;;;
66;0;-61;0;;;;;;;;
-44;0;111;0;;;;;;;;
-77;0;119;0;;;;;;;;
42;0;79;0;;;;;;;;
101;0;-39;0;;;;;;;;
-27;0;21;0;;;;;;;;
96;0;-34;0;;;;;;;;
86;0;-86;0;;;;;;;;
-77;0;-87;0;;;;;;;;
37;0;84;0;;;;;;;;
112;0;-116;0;;;;;;;;
70;0;57;0;;;;;;;;
25;0;-66;0;;;;;;;;
-61;0;60;0;;;;;;;;
32;0;-3;0;;;;;;;;
-122;0;-21;0;;;;;;;;
95;0;83;0;;;;;;;;
16;0;-18;0;;;;;;;;
-99;0;4;0;;;;;;;;
114;0;-62;0;;;;;;;;
88;0;-69;0;;;;;;;;
10;0;45;0;;;;;;;;
50;0;28;0;;;;;;;;
54;0;-120;0;;;;;;;;
-49;0;37;0;;;;;;;;
61;0;-61;0;;;;;;;;
124;0;100;0;;;;;;;;
-56;0;-100;0;;;;;;;;
29;0;103;0;;;;;;;;
18;0;-93;0;;;;;;;;
123;0;84;0;;;;;;;;
-30;0;13;0;;;;;;;;
23;0;54;0;;;;;;;;
70;0;-39;0;;;;;;;;
16;0;-44;0;;;;;;;;
-124;0;-13;0;;;;;;;;
112;0;-1;0;;;;;;;;
-23;0;-67;0;;;;;;;;
88;0;30;0;;;;;;;;
-47;0;-125;0;;;;;;;;
2;0;-19;0;;;;;;;;
66;0;94;0;;;;;;;;
46;0;22;0;;;;;;;;
91;0;43;0;;;;;;;;
-82;0;-98;0;;;;;;;;
-17;0;-78;0;;;;;;;;
-6;0;36;0;;;;;;;;
67;0;12;0;;;;;;;;
91;0;-86;0;;;;;;;;
-3;0;-92;0;;;;;;;;
-58;0;-83;0;;;;;;;;
65;0;-124;0;;;;;;;;
-61;0;108;0;;;;;;;;
14;0;-39;0;;;;;;;;
108;0;26;0;;;;;;;;
105;0;-76;0;;;;;;;;
30;0;17;0;;;;;;;;
47;0;-116;0;;;;;;;;
124;0;-82;0;;;;;;;;
-70;0;75;0;;;;;;;;
91;0;20;0;;;;;;;;
-120;0;26;0;;;;;;;;
-14;0;11;0;;;;;;;;
60;0;113;0;;;;;;;;
12;0;-21;0;;;;;;;;
41;0;-116;0;;;;;;;;
90;0;-30;0;;;;;;;;
-15;0;-122;0;;;;;;;;
85;0;41;0;;;;;;;;
-115;0;4;0;;;;;;;;
-25;0;-114;0;;;;;;;;
-77;0;88;0;;;;;;;;
-121;0;50;0;;;;;;;;
5;0;-103;0;;;;;;;;
-123;0;-65;0;;;;;;;;
-77;0;-67;0;;;;;;;;
-4;0;36;0;;;;;;;;
74;0;109;0;;;;;;;;
41;0;-22;0;;;;;;;;
-89;0;101;0;;;;;;;;
-106;0;-119;0;;;;;;;;
123;0;-53;0;;;;;;;;
113;0;-91;0;;;;;;;;
-54;0;-80;0;;;;;;;;
-8;0;-28;0;;;;;;;;
72;0;-6;0;;;;;;;;
118;0;125;0;;;;;;;;
-81;0;-36;0;;;;;;;;
-58;0;44;0;;;;;;;;
105;0;27;0;;;;;;;;
107;0;-21;0;;;;;;;;
-88;0;115;0;;;;;;;;
-53;0;108;0;;;;;;;;
43;0;52;0;;;;;;;;
15;0;-86;0;;;;;;;;
-123;0;-9;0;;;;;;;;
14;0;91;0;;;;;;;;
26;0;-65;0;;;;;;;;
-64;0;71;0;;;;;;;;
89;0;125;0;;;;;;;;
0;0;-29;0;;;;;;;;
42;0;20;0;;;;;;;;
3;0;-47;0;;;;;;;;
9;0;-54;0;;;;;;;;
115;0;-29;0;;;;;;;;
-103;0;10;0;;;;;;;;
103;0;37;0;;;;;;;;
35;0;-124;0;;;;;;;;
-7;0;-16;0;;;;;;;;
-87;0;67;0;;;;;;;;
-123;0;59;0;;;;;;;;
15;0;75;0;;;;;;;;
-67;0;31;0;;;;;;;;
-2;0;-38;0;;;;;;;;
66;0;-92;0;;;;;;;;
107;0;61;0;;;;;;;;
-117;0;116;0;;;;;;;;
-119;0;-57;0;;;;;;;;
53;0;-41;0;;;;;;;;
-65;0;-114;0;;;;;;;;
75;0;-33;0;;;;;;;;
102;0;41;0;;;;;;;;
-94;0;15;0;;;;;;;;
-63;0;-101;0;;;;;;;;
-77;0;-105;0;;;;;;;;
91;0;69;0;;;;;;;;
-74;0;-48;0;;;;;;;;
125;0;95;0;;;;;;;;
-60;0;-103;0;;;;;;;;
28;0;103;0;;;;;;;;
88;0;50;0;;;;;;;;
-101;0;-2;0;;;;;;;;
-23;0;-53;0;;;;;;;;
6;0;-124;0;;;;;;;;
73;0;-30;0;;;;;;;;
-125;0;106;0;;;;;;;;
81;0;-21;0;;;;;;;;
11;0;23;0;;;;;;;;
-29;0;-96;0;;;;;;;;
-85;0;-18;0;;;;;;;;
-66;0;122;0;;;;;;;;
-122;0;-29;0;;;;;;;;
3;0;-53;0;;;;;;;;
116;0;-115;0;;;;;;;;
70;0;40;0;;;;;;;;
-7;0;10;0;;;;;;;;
81;0;95;0;;;;;;;;
105;0;67;0;;;;;;;;
60;0;34;0;;;;;;;;
121;0;-83;0;;;;;;;;
-44;0;17;0;;;;;;;;
33;0;115;0;;;;;;;;
-35;0;121;0;;;;;;;;
-47;0;109;0;;;;;;;;
99;0;-1;0;;;;;;;;
118;0;29;0;;;;;;;;
28;0;-104;0;;;;;;;;
52;0;-112;0;;;;;;;;
118;0;105;0;;;;;;;;
-41;0;-29;0;;;;;;;;
-124;0;-26;0;;;;;;;;
-99;0;-12;0;;;;;;;;
-94;0;108;0;;;;;;;;
-122;0;33;0;;;;;;;;
72;0;-82;0;;;;;;;;
108;0;-29;0;;;;;;;;
-79;0;-70;0;;;;;;;;
23;0;-100;0;;;;;;;;
51;0;29;0;;;;;;;;
9;0;34;0;;;;;;;;
-70;0;-29;0;;;;;;;;
-90;0;84;0;;;;;;;;
89;0;-92;0;;;;;;;;
94;0;-125;0;;;;;;;;
-25;0;93;0;;;;;;;;
-37;0;-26;0;;;;;;;;
-57;0;-77;0;;;;;;;;
-2;0;-85;0;;;;;;;;
24;0;-35;0;;;;;;;;
120;0;-62;0;;;;;;;;
-65;0;-19;0;;;;;;;;
16;0;39;0;;;;;;;;
17;0;10;0;;;;;;;;
48;0;-15;0;;;;;;;;
40;0;98;0;;;;;;;;
-120;0;2;0;;;;;;;;
-38;0;-47;0;;;;;;;;
14;0;-42;0;;;;;;;;
70;0;40;0;;;;;;;;
1;0;-101;0;;;;;;;;
50;0;88;0;;;;;;;;
-79;0;-9;0;;;;;;;;
-100;0;-121;0;;;;;;;;
-40;0;75;0;;;;;;;;
-99;0;121;0;;;;;;;;
123;0;-1;0;;;;;;;;
-66;0;-36;0;;;;;;;;
14;0;-119;0;;;;;;;;
107;0;76;0;;;;;;;;
-1;0;-124;0;;;;;;;;
118;0;17;0;;;;;;;;
124;0;48;0;;;;;;;;
99;0;11;0;;;;;;;;
10;0;90;0;;;;;;;;
49;0;-36;0;;;;;;;;
57;0;82;0;;;;;;;;
59;0;124;0;;;;;;;;
-101;0;20;0;;;;;;;;
6;0;49;0;;;;;;;;
122;0;106;0;;;;;;;;
-105;0;-40;0;;;;;;;;
100;0;-75;0;;;;;;;;
-60;0;-2;0;;;;;;;;
34;0;-115;0;;;;;;;;
-71;0;-47;0;;;;;;;;
-103;0;16;0;;;;;;;;
-3;0;50;0;;;;;;;;
60;0;110;0;;;;;;;;
-94;0;-71;0;;;;;;;;
-17;0;-15;0;;;;;;;;
-119;0;74;0;;;;;;;;
8;0;-20;0;;;;;;;;
-53;0;-81;0;;;;;;;;
13;0;2;0;;;;;;;;
-37;0;18;0;;;;;;;;
12;0;-74;0;;;;;;;;
-52;0;118;0;;;;;;;;
47;0;124;0;;;;;;;;
-14;0;-78;0;;;;;;;;
-40;0;-26;0;;;;;;;;
-87;0;-47;0;;;;;;;;
-38;0;-34;0;;;;;;;;
107;0;-83;0;;;;;;;;
-93;0;-89;0;;;;;;;;
44;0;93;0;;;;;;;;
-117;0;58;0;;;;;;;;
103;0;-45;0;;;;;;;;
3;0;111;0;;;;;;;;
-46;0;-10;0;;;;;;;;
118;0;-6;0;;;;;;;;
-96;0;-81;0;;;;;;;;
-24;0;93;0;;;;;;;;
18;0;58;0;;;;;;;;
-54;0;-99;0;;;;;;;;
-50;0;32;0;;;;;;;;
-10;0;1;0;;;;;;;;
8;0;-31;0;;;;;;;;
27;0;24;0;;;;;;;;
117;0;-89;0;;;;;;;;
108;0;19;0;;;;;;;;
119;0;-51;0;;;;;;;;
-29;0;-66;0;;;;;;;;
113;0;-114;0;;;;;;;;
-9;0;-17;0;;;;;;;;
80;0;119;0;;;;;;;;
-123;0;-6;0;;;;;;;;
59;0;34;0;;;;;;;;
-41;0;31;0;;;;;;;;
17;0;117;0;;;;;;;;
116;0;9;0;;;;;;;;
81;0;-28;0;;;;;;;;
-28;0;123;0;;;;;;;;
107;0;-17;0;;;;;;;;
2;0;-33;0;;;;;;;;
-51;0;-44;0;;;;;;;;
94;0;55;0;;;;;;;;
4;0;-60;0;;;;;;;;
115;0;90;0;;;;;;;;
-18;0;-110;0;;;;;;;;
15;0;-56;0;;;;;;;;
-85;0;-121;0;;;;;;;;
13;0;-99;0;;;;;;;;
-7;0;14;0;;;;;;;;
-121;0;-74;0;;;;;;;;
-94;0;105;0;;;;;;;;
108;0;50;0;;;;;;;;
-111;0;-109;0;;;;;;;;
35;0;-45;0;;;;;;;;
-99;0;-84;0;;;;;;;;
-22;0;-73;0;;;;;;;;
49;0;12;0;;;;;;;;
-25;0;76;0;;;;;;;;
-121;0;-77;0;;;;;;;;
106;0;-11;0;;;;;;;;
112;0;-64;0;;;;;;;;
73;0;-73;0;;;;;;;;
-67;0;-1;0;;;;;;;;
110;0;-107;0;;;;;;;;
119;0;-96;0;;;;;;;;
-2;0;-82;0;;;;;;;;
84;0;-26;0;;;;;;;;
4;0;-106;0;;;;;;;;
45;0;-70;0;;;;;;;;
15;0;6;0;;;;;;;;
17;0;-123;0;;;;;;;;
25;0;12;0;;;;;;;;
-98;0;113;0;;;;;;;;
-36;0;-98;0;;;;;;;;
80;0;-68;0;;;;;;;;
112;0;-2;0;;;;;;;;
96;0;11;0;;;;;;;;
124;0;-31;0;;;;;;;;
-105;0;-45;0;;;;;;;;
69;0;-39;0;;;;;;;;
113;0;-67;0;;;;;;;;
-40;0;75;0;;;;;;;;
-92;0;-74;0;;;;;;;;
48;0;-95;0;;;;;;;;
-76;0;-101;0;;;;;;;;
-20;0;-123;0;;;;;;;;
3;0;-43;0;;;;;;;;
-83;0;101;0;;;;;;;;
77;0;-54;0;;;;;;;;
-53;0;111;0;;;;;;;;
-8;0;89;0;;;;;;;;
-10;0;5;0;;;;;;;;
-46;0;107;0;;;;;;;;
107;0;-100;0;;;;;;;;
59;0;-124;0;;;;;;;;
-38;0;117;0;;;;;;;;
-82;0;75;0;;;;;;;;
121;0;-97;0;;;;;;;;
20;0;107;0;;;;;;;;
94;0;-34;0;;;;;;;;
-95;0;125;0;;;;;;;;
-67;0;-106;0;;;;;;;;
-9;0;113;0;;;;;;;;
81;0;39;0;;;;;;;;
108;0;-11;0;;;;;;;;
-49;0;-99;0;;;;;;;;
-14;0;84;0;;;;;;;;
65;0;-101;0;;;;;;;;
86;0;-99;0;;;;;;;;
-33;0;-99;0;;;;;;;;
116;0;15;0;;;;;;;;
-48;0;-100;0;;;;;;;;
-108;0;-16;0;;;;;;;;
92;0;25;0;;;;;;;;
8;0;-8;0;;;;;;;;
74;0;98;0;;;;;;;;
77;0;123;0;;;;;;;;
18;0;92;0;;;;;;;;
-51;0;-113;0;;;;;;;;
-74;0;-48;0;;;;;;;;
-43;0;5;0;;;;;;;;
72;0;-63;0;;;;;;;;
115;0;83;0;;;;;;;;
-53;0;86;0;;;;;;;;
24;0;109;0;;;;;;;;
38;0;5;0;;;;;;;;
91;0;-114;0;;;;;;;;
31;0;-113;0;;;;;;;;
63;0;-118;0;;;;;;;;
14;0;-121;0;;;;;;;;
-117;0;65;0;;;;;;;;
51;0;78;0;;;;;;;;
42;0;79;0;;;;;;;;
-124;0;-52;0;;;;;;;;
76;0;-78;0;;;;;;;;
35;0;-23;0;;;;;;;;
-87;0;53;0;;;;;;;;
-44;0;-29;0;;;;;;;;
78;0;-82;0;;;;;;;;
-55;0;125;0;;;;;;;;
-105;0;114;0;;;;;;;;
-63;0;-14;0;;;;;;;;
122;0;-86;0;;;;;;;;
-4;0;7;0;;;;;;;;
-53;0;-32;0;;;;;;;;
125;0;1;0;;;;;;;;
-93;0;-81;0;;;;;;;;
-31;0;-110;0;;;;;;;;
22;0;-45;0;;;;;;;;
-23;0;-100;0;;;;;;;;
-37;0;58;0;;;;;;;;
56;0;111;0;;;;;;;;
-75;0;13;0;;;;;;;;
-15;0;-29;0;;;;;;;;
116;0;-45;0;;;;;;;;
-121;0;60;0;;;;;;;;
30;0;63;0;;;;;;;;
-57;0;-18;0;;;;;;;;
-99;0;44;0;;;;;;;;
-39;0;12;0;;;;;;;;
71;0;-69;0;;;;;;;;
-71;0;-26;0;;;;;;;;
28;0;-104;0;;;;;;;;
87;0;-110;0;;;;;;;;
-86;0;72;0;;;;;;;;
-19;0;62;0;;;;;;;;
94;0;-31;0;;;;;;;;
-55;0;44;0;;;;;;;;
-119;0;122;0;;;;;;;;
-77;0;108;0;;;;;;;;
52;0;-16;0;;;;;;;;
46;0;6;0;;;;;;;;
54;0;3;0;;;;;;;;
-124;0;125;0;;;;;;;;
-121;0;-47;0;;;;;;;;
-1;0;-62;0;;;;;;;;
36;0;-78;0;;;;;;;;
6;0;-85;0;;;;;;;;
41;0;-90;0;;;;;;;;
-51;0;-113;0;;;;;;;;
-63;0;70;0;;;;;;;;
-25;0;122;0;;;;;;;;
46;0;-95;0;;;;;;;;
15;0;-88;0;;;;;;;;
11;0;-101;0;;;;;;;;
99;0;82;0;;;;;;;;
-75;0;-85;0;;;;;;;;
-38;0;-123;0;;;;;;;;
59;0;-116;0;;;;;;;;
-13;0;-125;0;;;;;;;;
116;0;-108;0;;;;;;;;
-43;0;69;0;;;;;;;;
55;0;-2;0;;;;;;;;
-117;0;-61;0;;;;;;;;
-30;0;-16;0;;;;;;;;
-118;0;87;0;;;;;;;;
88;0;-13;0;;;;;;;;
39;0;76;0;;;;;;;;
-13;0;3;0;;;;;;;;
-18;0;70;0;;;;;;;;
-73;0;-41;0;;;;;;;;
38;0;9;0;;;;;;;;
46;0;-68;0;;;;;;;;
-10;0;-23;0;;;;;;;;
-118;0;92;0;;;;;;;;
5;0;100;0;;;;;;;;
-108;0;70;0;;;;;;;;
122;0;68;0;;;;;;;;
40;0;-106;0;;;;;;;;
-58;0;117;0;;;;;;;;
-67;0;2;0;;;;;;;;
19;0;107;0;;;;;;;;
13;0;-78;0;;;;;;;;
-125;0;0;0;;;;;;;;
-5;0;74;0;;;;;;;;
-54;0;-55;0;;;;;;;;
7;0;-61;0;;;;;;;;
-53;0;-102;0;;;;;;;;
-52;0;-84;0;;;;;;;;
-58;0;-82;0;;;;;;;;
-17;0;-81;0;;;;;;;;
-39;0;-53;0;;;;;;;;
-119;0;69;0;;;;;;;;
-4;0;-82;0;;;;;;;;
-121;0;66;0;;;;;;;;
92;0;84;0;;;;;;;;
47;0;54;0;;;;;;;;
101;0;113;0;;;;;;;;
108;0;100;0;;;;;;;;
114;0;-95;0;;;;;;;;
-77;0;-90;0;;;;;;;;
62;0;-10;0;;;;;;;;
-115;0;-102;0;;;;;;;;
-88;0;-85;0;;;;;;;;
61;0;34;0;;;;;;;;
112;0;52;0;;;;;;;;
44;0;65;0;;;;;;;;
60;0;-10;0;;;;;;;;
-43;0;45;0;;;;;;;;
-64;0;32;0;;;;;;;;
-40;0;88;0;;;;;;;;
34;0;106;0;;;;;;;;
-43;0;63;0;;;;;;;;
-53;0;29;0;;;;;;;;
49;0;-45;0;;;;;;;;
19;0;92;0;;;;;;;;
2;0;37;0;;;;;;;;
31;0;92;0;;;;;;;;
-35;0;72;0;;;;;;;;
34;0;14;0;;;;;;;;
83;0;124;0;;;;;;;;
-19;0;71;0;;;;;;;;
40;0;65;0;;;;;;;;
-78;0;-64;0;;;;;;;;
-95;0;117;0;;;;;;;;
-11;0;-103;0;;;;;;;;
74;0;-5;0;;;;;;;;
-108;0;-91;0;;;;;;;;
120;0;122;0;;;;;;;;
81;0;-55;0;;;;;;;;
69;0;19;0;;;;;;;;
-103;0;-29;0;;;;;;;;
-106;0;107;0;;;;;;;;
112;0;36;0;;;;;;;;
-89;0;8;0;;;;;;;;
-96;0;-102;0;;;;;;;;
-104;0;-38;0;;;;;;;;
-13;0;-28;0;;;;;;;;
93;0;-101;0;;;;;;;;
-96;0;-48;0;;;;;;;;
62;0;-38;0;;;;;;;;
-37;0;33;0;;;;;;;;
40;0;90;0;;;;;;;;
-61;0;-45;0;;;;;;;;
-92;0;51;0;;;;;;;;
123;0;-29;0;;;;;;;;
-9;0;-19;0;;;;;;;;
25;0;-36;0;;;;;;;;
30;0;34;0;;;;;;;;
-102;0;-68;0;;;;;;;;
0;0;62;0;;;;;;;;
-65;0;-40;0;;;;;;;;
-46;0;-32;0;;;;;;;;
97;0;78;0;;;;;;;;
13;0;11;0;;;;;;;;
30;0;-11;0;;;;;;;;
34;0;-122;0;;;;;;;;
-48;0;-86;0;;;;;;;;
-121;0;122;0;;;;;;;;
-9;0;68;0;;;;;;;;
-41;0;57;0;;;;;;;;
-29;0;24;0;;;;;;;;
-9;0;85;0;;;;;;;;
39;0;52;0;;;;;;;;
53;0;-22;0;;;;;;;;
-12;0;-33;0;;;;;;;;
109;0;18;0;;;;;;;;
111;0;-14;0;;;;;;;;
-106;0;96;0;;;;;;;;
-80;0;70;0;;;;;;;;
27;0;-74;0;;;;;;;;
-53;0;-103;0;;;;;;;;
-98;0;-96;0;;;;;;;;
74;0;-46;0;;;;;;;;
-16;0;84;0;;;;;;;;
-45;0;70;0;;;;;;;;
-79;0;17;0;;;;;;;;
90;0;92;0;;;;;;;;
6;0;-3;0;;;;;;;;
-39;0;39;0;;;;;;;;
-21;0;-105;0;;;;;;;;
-33;0;90;0;;;;;;;;
-20;0;-41;0;;;;;;;;
43;0;112;0;;;;;;;;
-77;0;-103;0;;;;;;;;
-86;0;106;0;;;;;;;;
115;0;106;0;;;;;;;;
-44;0;-52;0;;;;;;;;
-2;0;-109;0;;;;;;;;
-34;0;86;0;;;;;;;;
35;0;-11;0;;;;;;;;
93;0;119;0;;;;;;;;
91;0;-72;0;;;;;;;;
-59;0;64;0;;;;;;;;
100;0;-73;0;;;;;;;;
-47;0;106;0;;;;;;;;
36;0;-123;0;;;;;;;;
-11;0;-97;0;;;;;;;;
-118;0;-118;0;;;;;;;;
-56;0;8;0;;;;;;;;
68;0;78;0;;;;;;;;
-88;0;10;0;;;;;;;;
58;0;11;0;;;;;;;;
43;0;17;0;;;;;;;;
20;0;76;0;;;;;;;;
121;0;71;0;;;;;;;;
83;0;-78;0;;;;;;;;
-43;0;88;0;;;;;;;;
21;0;-1;0;;;;;;;;
125;0;-104;0;;;;;;;;
57;0;-118;0;;;;;;;;
-65;0;79;0;;;;;;;;
-34;0;-28;0;;;;;;;;
-2;0;-117;0;;;;;;;;
54;0;120;0;;;;;;;;
99;0;-123;0;;;;;;;;
24;0;-15;0;;;;;;;;
-114;0;-21;0;;;;;;;;
117;0;-17;0;;;;;;;;
1;0;-15;0;;;;;;;;
-56;0;-57;0;;;;;;;;
-28;0;-51;0;;;;;;;;
68;0;-9;0;;;;;;;;
-16;0;-72;0;;;;;;;;
47;0;-14;0;;;;;;;;
-18;0;84;0;;;;;;;;
60;0;-33;0;;;;;;;;
-21;0;124;0;;;;;;;;
62;0;14;0;;;;;;;;
26;0;-96;0;;;;;;;;
-77;0;70;0;;;;;;;;
0;0;-2;0;;;;;;;;
87;0;-117;0;;;;;;;;
-88;0;101;0;;;;;;;;
-27;0;-101;0;;;;;;;;
-45;0;-54;0;;;;;;;;
93;0;-17;0;;;;;;;;
56;0;121;0;;;;;;;;
33;0;97;0;;;;;;;;
3;0;-55;0;;;;;;;;
-49;0;87;0;;;;;;;;
-28;0;-71;0;;;;;;;;
-32;0;12;0;;;;;;;;
18;0;-44;0;;;;;;;;
87;0;-58;0;;;;;;;;
91;0;-27;0;;;;;;;;
-5;0;113;0;;;;;;;;
1;0;-105;0;;;;;;;;
-71;0;32;0;;;;;;;;
-104;0;-107;0;;;;;;;;
-13;0;-115;0;;;;;;;;
-2;0;-44;0;;;;;;;;
36;0;-105;0;;;;;;;;
44;0;112;0;;;;;;;;
38;0;-38;0;;;;;;;;
-57;0;-31;0;;;;;;;;
11;0;77;0;;;;;;;;
51;0;-11;0;;;;;;;;
107;0;111;0;;;;;;;;
-111;0;-90;0;;;;;;;;
110;0;-75;0;;;;;;;;
-3;0;-106;0;;;;;;;;
-94;0;-14;0;;;;;;;;
78;0;-84;0;;;;;;;;
-14;0;-68;0;;;;;;;;
79;0;47;0;;;;;;;;
45;0;-107;0;;;;;;;;
115;0;42;0;;;;;;;;
46;0;-63;0;;;;;;;;
-63;0;106;0;;;;;;;;
-38;0;37;0;;;;;;;;
-18;0;-109;0;;;;;;;;
-16;0;87;0;;;;;;;;
-114;0;-47;0;;;;;;;;
-13;0;34;0;;;;;;;;
-114;0;-58;0;;;;;;;;
-27;0;-102;0;;;;;;;;
-48;0;82;0;;;;;;;;
46;0;-65;0;;;;;;;;
35;0;-35;0;;;;;;;;
3;0;-120;0;;;;;;;;
-66;0;-97;0;;;;;;;;
79;0;55;0;;;;;;;;
16;0;52;0;;;;;;;;
114;0;9;0;;;;;;;;
53;0;-103;0;;;;;;;;
-99;0;-86;0;;;;;;;;
-124;0;59;0;;;;;;;;
-120;0;-101;0;;;;;;;;
33;0;23;0;;;;;;;;
-37;0;-73;0;;;;;;;;
92;0;-48;0;;;;;;;;
-82;0;-61;0;;;;;;;;
56;0;76;0;;;;;;;;
-42;0;86;0;;;;;;;;
-84;0;-11;0;;;;;;;;
73;0;84;0;;;;;;;;
92;0;-109;0;;;;;;;;
-117;0;105;0;;;;;;;;
-19;0;84;0;;;;;;;;
107;0;-121;0;;;;;;;;
-124;0;122;0;;;;;;;;
-17;0;105;0;;;;;;;;
-60;0;31;0;;;;;;;;
53;0;12;0;;;;;;;;
64;0;65;0;;;;;;;;
103;0;-40;0;;;;;;;;
106;0;112;0;;;;;;;;
-3;0;11;0;;;;;;;;
8;0;79;0;;;;;;;;
3;0;-33;0;;;;;;;;
98;0;109;0;;;;;;;;
50;0;65;0;;;;;;;;
-115;0;9;0;;;;;;;;
-100;0;111;0;;;;;;;;
-21;0;7;0;;;;;;;;
48;0;7;0;;;;;;;;
-104;0;37;0;;;;;;;;
-111;0;113;0;;;;;;;;
31;0;23;0;;;;;;;;
45;0;124;0;;;;;;;;
-13;0;74;0;;;;;;;;
-66;0;99;0;;;;;;;;
19;0;-104;0;;;;;;;;
-80;0;-82;0;;;;;;;;
-19;0;45;0;;;;;;;;
-9;0;-87;0;;;;;;;;
-2;0;-111;0;;;;;;;;
118;0;97;0;;;;;;;;
89;0;5;0;;;;;;;;
-60;0;-87;0;;;;;;;;
99;0;-47;0;;;;;;;;
119;0;37;0;;;;;;;;
-16;0;-86;0;;;;;;;;
43;0;-79;0;;;;;;;;
93;0;-10;0;;;;;;;;
-89;0;27;0;;;;;;;;
-37;0;-97;0;;;;;;;;
115;0;118;0;;;;;;;;
-31;0;39;0;;;;;;;;
-53;0;5;0;;;;;;;;
-82;0;-67;0;;;;;;;;
72;0;-13;0;;;;;;;;
52;0;-92;0;;;;;;;;
6;0;9;0;;;;;;;;
61;0;119;0;;;;;;;;
-125;0;-94;0;;;;;;;;
78;0;1;0;;;;;;;;
54;0;81;0;;;;;;;;
-86;0;35;0;;;;;;;;
-16;0;17;0;;;;;;;;
35;0;119;0;;;;;;;;
-62;0;8;0;;;;;;;;
-17;0;-74;0;;;;;;;;
71;0;-43;0;;;;;;;;
104;0;37;0;;;;;;;;
-5;0;-41;0;;;;;;;;
6;0;71;0;;;;;;;;
-31;0;4;0;;;;;;;;
14;0;61;0;;;;;;;;
56;0;32;0;;;;;;;;
-38;0;-8;0;;;;;;;;
-10;0;-28;0;;;;;;;;
-125;0;58;0;;;;;;;;
73;0;23;0;;;;;;;;
70;0;56;0;;;;;;;;
-114;0;55;0;;;;;;;;
123;0;41;0;;;;;;;;
-54;0;-13;0;;;;;;;;
-16;0;4;0;;;;;;;;
-100;0;25;0;;;;;;;;
-92;0;-91;0;;;;;;;;
-57;0;63;0;;;;;;;;
-103;0;-28;0;;;;;;;;
88;0;-44;0;;;;;;;;
86;0;54;0;;;;;;;;
28;0;-63;0;;;;;;;;
-107;0;46;0;;;;;;;;
51;0;16;0;;;;;;;;
-71;0;-100;0;;;;;;;;
95;0;106;0;;;;;;;;
94;0;53;0;;;;;;;;
-84;0;-15;0;;;;;;;;
-4;0;6;0;;;;;;;;
17;0;-104;0;;;;;;;;
114;0;45;0;;;;;;;;
124;0;90;0;;;;;;;;
41;0;-112;0;;;;;;;;
-38;0;2;0;;;;;;;;
101;0;114;0;;;;;;;;
-106;0;-12;0;;;;;;;;
-97;0;40;0;;;;;;;;
-12;0;36;0;;;;;;;;
102;0;74;0;;;;;;;;
42;0;-66;0;;;;;;;;
25;0;-120;0;;;;;;;;
-17;0;103;0;;;;;;;;
-83;0;-51;0;;;;;;;;
-102;0;24;0;;;;;;;;
72;0;92;0;;;;;;;;
27;0;-17;0;;;;;;;;
-78;0;-113;0;;;;;;;;
28;0;-90;0;;;;;;;;
-49;0;-102;0;;;;;;;;
-73;0;-91;0;;;;;;;;
-41;0;-13;0;;;;;;;;
-65;0;-9;0;;;;;;;;
-63;0;-38;0;;;;;;;;
112;0;6;0;;;;;;;;
-72;0;7;0;;;;;;;;
24;0;72;0;;;;;;;;
3;0;44;0;;;;;;;;
-83;0;-78;0;;;;;;;;
29;0;11;0;;;;;;;;
51;0;-17;0;;;;;;;;
-63;0;-84;0;;;;;;;;
4;0;112;0;;;;;;;;
80;0;34;0;;;;;;;;
28;0;87;0;;;;;;;;
-118;0;37;0;;;;;;;;
-63;0;-79;0;;;;;;;;
-61;0;-18;0;;;;;;;;
104;0;58;0;;;;;;;;
-123;0;-8;0;;;;;;;;
108;0;-89;0;;;;;;;;
-67;0;-52;0;;;;;;;;
117;0;-53;0;;;;;;;;
-45;0;1;0;;;;;;;;
85;0;38;0;;;;;;;;
-65;0;-73;0;;;;;;;;
82;0;119;0;;;;;;;;
56;0;-16;0;;;;;;;;
121;0;70;0;;;;;;;;
-92;0;91;0;;;;;;;;
-43;0;107;0;;;;;;;;
72;0;-44;0;;;;;;;;
67;0;17;0;;;;;;;;
-9;0;-15;0;;;;;;;;
-94;0;-4;0;;;;;;;;
-104;0;-7;0;;;;;;;;
29;0;-75;0;;;;;;;;
-31;0;-7;0;;;;;;;;
-56;0;91;0;;;;;;;;
97;0;-109;0;;;;;;;;
-31;0;85;0;;;;;;;;
-77;0;23;0;;;;;;;;
71;0;-48;0;;;;;;;;
-85;0;115;0;;;;;;;;
-82;0;-91;0;;;;;;;;
20;0;80;0;;;;;;;;
18;0;112;0;;;;;;;;
-111;0;61;0;;;;;;;;
-122;0;16;0;;;;;;;;
78;0;56;0;;;;;;;;
84;0;45;0;;;;;;;;
-66;0;107;0;;;;;;;;
-112;0;-107;0;;;;;;;;
57;0;84;0;;;;;;;;
117;0;109;0;;;;;;;;
-76;0;-85;0;;;;;;;;
78;0;-53;0;;;;;;;;
-93;0;-82;0;;;;;;;;
56;0;-102;0;;;;;;;;
-110;0;-69;0;;;;;;;;
-21;0;103;0;;;;;;;;
-106;0;29;0;;;;;;;;
68;0;100;0;;;;;;;;
42;0;-50;0;;;;;;;;
-76;0;-14;0;;;;;;;;
77;0;-80;0;;;;;;;;
44;0;-58;0;;;;;;;;
42;0;-59;0;;;;;;;;
26;0;0;0;;;;;;;;
-24;0;93;0;;;;;;;;
111;0;81;0;;;;;;;;
-43;0;70;0;;;;;;;;
48;0;95;0;;;;;;;;
58;0;35;0;;;;;;;;
-54;0;21;0;;;;;;;;
23;0;-16;0;;;;;;;;
-113;0;33;0;;;;;;;;
55;0;85;0;;;;;;;;
24;0;-118;0;;;;;;;;
89;0;-16;0;;;;;;;;
-64;0;-64;0;;;;;;;;
58;0;71;0;;;;;;;;
-86;0;25;0;;;;;;;;
-110;0;75;0;;;;;;;;
-36;0;114;0;;;;;;;;
-94;0;-102;0;;;;;;;;
-64;0;-110;0;;;;;;;;
-69;0;22;0;;;;;;;;
-5;0;76;0;;;;;;;;
63;0;-37;0;;;;;;;;
123;0;-26;0;;;;;;;;
46;0;-59;0;;;;;;;;
-86;0;-48;0;;;;;;;;
89;0;-17;0;;;;;;;;
-9;0;69;0;;;;;;;;
123;0;119;0;;;;;;;;
-69;0;-114;0;;;;;;;;
-12;0;38;0;;;;;;;;
-23;0;-120;0;;;;;;;;
113;0;79;0;;;;;;;;
40;0;53;0;;;;;;;;
25;0;25;0;;;;;;;;
-120;0;71;0;;;;;;;;
61;0;20;0;;;;;;;;
-120;0;73;0;;;;;;;;
-8;0;-1;0;;;;;;;;
-70;0;-41;0;;;;;;;;
-92;0;-35;0;;;;;;;;
-7;0;59;0;;;;;;;;
-5;0;27;0;;;;;;;;
22;0;82;0;;;;;;;;
42;0;32;0;;;;;;;;
27;0;30;0;;;;;;;;
123;0;44;0;;;;;;;;
-15;0;16;0;;;;;;;;
-54;0;77;0;;;;;;;;
-62;0;-3;0;;;;;;;;
-83;0;-100;0;;;;;;;;
-102;0;5;0;;;;;;;;
-19;0;69;0;;;;;;;;
-23;0;67;0;;;;;;;;
46;0;-90;0;;;;;;;;
106;0;60;0;;;;;;;;
-113;0;18;0;;;;;;;;
115;0;-90;0;;;;;;;;
53;0;51;0;;;;;;;;
-31;0;61;0;;;;;;;;
-105;0;-4;0;;;;;;;;
125;0;-110;0;;;;;;;;
-106;0;105;0;;;;;;;;
-3;0;103;0;;;;;;;;
92;0;40;0;;;;;;;;
94;0;-62;0;;;;;;;;
-8;0;103;0;;;;;;;;
114;0;-37;0;;;;;;;;
-125;0;121;0;;;;;;;;
-25;0;25;0;;;;;;;;
84;0;112;0;;;;;;;;
-48;0;-86;0;;;;;;;;
111;0;91;0;;;;;;;;
111;0;-27;0;;;;;;;;
6;0;25;0;;;;;;;;
-34;0;109;0;;;;;;;;
12;0;-2;0;;;;;;;;
-74;0;-118;0;;;;;;;;
0;0;-53;0;;;;;;;;
-4;0;71;0;;;;;;;;
93;0;-79;0;;;;;;;;
-78;0;120;0;;;;;;;;
-63;0;-43;0;;;;;;;;
75;0;46;0;;;;;;;;
109;0;93;0;;;;;;;;
36;0;22;0;;;;;;;;
33;0;-27;0;;;;;;;;
83;0;-1;0;;;;;;;;
22;0;-62;0;;;;;;;;
-105;0;40;0;;;;;;;;
-96;0;109;0;;;;;;;;
88;0;-30;0;;;;;;;;
-14;0;-95;0;;;;;;;;
44;0;-28;0;;;;;;;;
-22;0;97;0;;;;;;;;
-71;0;33;0;;;;;;;;
-40;0;112;0;;;;;;;;
-108;0;16;0;;;;;;;;
105;0;-115;0;;;;;;;;
98;0;50;0;;;;;;;;
-121;0;-19;0;;;;;;;;
115;0;118;0;;;;;;;;
-40;0;-114;0;;;;;;;;
-19;0;117;0;;;;;;;;
47;0;-35;0;;;;;;;;
60;0;71;0;;;;;;;;
-80;0;-71;0;;;;;;;;
-21;0;61;0;;;;;;;;
-65;0;51;0;;;;;;;;
-81;0;-43;0;;;;;;;;
93;0;-122;0;;;;;;;;
76;0;-31;0;;;;;;;;
-28;0;24;0;;;;;;;;
-117;0;113;0;;;;;;;;
-60;0;-84;0;;;;;;;;
65;0;-8;0;;;;;;;;
-125;0;4;0;;;;;;;;
-27;0;111;0;;;;;;;;
19;0;-4;0;;;;;;;;
-28;0;113;0;;;;;;;;
105;0;-125;0;;;;;;;;
42;0;82;0;;;;;;;;
-7;0;-82;0;;;;;;;;
51;0;8;0;;;;;;;;
115;0;-115;0;;;;;;;;
46;0;3;0;;;;;;;;
89;0;69;0;;;;;;;;
-61;0;-43;0;;;;;;;;
75;0;97;0;;;;;;;;
-14;0;-49;0;;;;;;;;
54;0;120;0;;;;;;;;
-115;0;67;0;;;;;;;;
-124;0;54;0;;;;;;;;
-15;0;102;0;;;;;;;;
-38;0;81;0;;;;;;;;
61;0;51;0;;;;;;;;
9;0;-21;0;;;;;;;;
0;0;-83;0;;;;;;;;
-49;0;96;0;;;;;;;;
94;0;-70;0;;;;;;;;
89;0;-67;0;;;;;;;;
-80;0;64;0;;;;;;;;
-42;0;86;0;;;;;;;;
-116;0;63;0;;;;;;;;
-112;0;-110;0;;;;;;;;
101;0;69;0;;;;;;;;
78;0;-111;0;;;;;;;;
-26;0;55;0;;;;;;;;
69;0;-30;0;;;;;;;;
-18;0;3;0;;;;;;;;
-101;0;121;0;;;;;;;;
45;0;108;0;;;;;;;;
-81;0;27;0;;;;;;;;
-106;0;-53;0;;;;;;;;
-15;0;-11;0;;;;;;;;
-50;0;-31;0;;;;;;;;
-57;0;70;0;;;;;;;;
110;0;-30;0;;;;;;;;
2;0;94;0;;;;;;;;
-80;0;-13;0;;;;;;;;
-26;0;114;0;;;;;;;;
69;0;99;0;;;;;;;;
66;0;-10;0;;;;;;;;
-107;0;124;0;;;;;;;;
-77;0;74;0;;;;;;;;
-55;0;-31;0;;;;;;;;
-84;0;28;0;;;;;;;;
52;0;14;0;;;;;;;;
17;0;-39;0;;;;;;;;
-96;0;-6;0;;;;;;;;
22;0;115;0;;;;;;;;
-48;0;-24;0;;;;;;;;
77;0;44;0;;;;;;;;
-84;0;-89;0;;;;;;;;
-30;0;61;0;;;;;;;;
59;0;72;0;;;;;;;;
-34;0;-107;0;;;;;;;;
-109;0;108;0;;;;;;;;
-91;0;69;0;;;;;;;;
-3;0;26;0;;;;;;;;
-73;0;71;0;;;;;;;;
-109;0;-36;0;;;;;;;;
105;0;69;0;;;;;;;;
90;0;-84;0;;;;;;;;
29;0;-59;0;;;;;;;;
40;0;42;0;;;;;;;;
80;0;-11;0;;;;;;;;
-71;0;-102;0;;;;;;;;
94;0;-29;0;;;;;;;;
-38;0;-115;0;;;;;;;;
57;0;-63;0;;;;;;;;
-51;0;93;0;;;;;;;;
-9;0;-52;0;;;;;;;;
-78;0;-113;0;;;;;;;;
90;0;47;0;;;;;;;;
106;0;-9;0;;;;;;;;
-125;0;-102;0;;;;;;;;
-115;0;-48;0;;;;;;;;
-86;0;17;0;;;;;;;;
17;0;-7;0;;;;;;;;
122;0;-75;0;;;;;;;;
57;0;97;0;;;;;;;;
-109;0;40;0;;;;;;;;
122;0;27;0;;;;;;;;
28;0;119;0;;;;;;;;
-55;0;81;0;;;;;;;;
-52;0;-68;0;;;;;;;;
124;0;31;0;;;;;;;;
-107;0;58;0;;;;;;;;
-76;0;-47;0;;;;;;;;
-40;0;108;0;;;;;;;;
-57;0;-45;0;;;;;;;;
111;0;-20;0;;;;;;;;
118;0;88;0;;;;;;;;
-104;0;50;0;;;;;;;;
-47;0;-113;0;;;;;;;;
-75;0;3;0;;;;;;;;
68;0;-22;0;;;;;;;;
16;0;-107;0;;;;;;;;
111;0;-55;0;;;;;;;;
58;0;-86;0;;;;;;;;
117;0;-110;0;;;;;;;;
81;0;62;0;;;;;;;;
-100;0;-45;0;;;;;;;;
-64;0;-97;0;;;;;;;;
-77;0;104;0;;;;;;;;
84;0;-66;0;;;;;;;;
122;0;41;0;;;;;;;;
-15;0;-30;0;;;;;;;;
17;0;-123;0;;;;;;;;
83;0;56;0;;;;;;;;
-35;0;-34;0;;;;;;;;
-106;0;18;0;;;;;;;;
-68;0;35;0;;;;;;;;
125;0;35;0;;;;;;;;
-16;0;-12;0;;;;;;;;
-69;0;-102;0;;;;;;;;
-3;0;48;0;;;;;;;;
3;0;123;0;;;;;;;;
-117;0;-118;0;;;;;;;;
-11;0;-113;0;;;;;;;;
-86;0;29;0;;;;;;;;
-119;0;48;0;;;;;;;;
78;0;-57;0;;;;;;;;
-93;0;-84;0;;;;;;;;
-72;0;97;0;;;;;;;;
63;0;-58;0;;;;;;;;
41;0;33;0;;;;;;;;
-54;0;-28;0;;;;;;;;
116;0;-7;0;;;;;;;;
-32;0;87;0;;;;;;;;
-4;0;-86;0;;;;;;;;
-113;0;98;0;;;;;;;;
46;0;-47;0;;;;;;;;
-28;0;85;0;;;;;;;;
-34;0;-11;0;;;;;;;;
-42;0;-5;0;;;;;;;;
92;0;20;0;;;;;;;;
-11;0;102;0;;;;;;;;
70;0;-104;0;;;;;;;;
53;0;122;0;;;;;;;;
50;0;60;0;;;;;;;;
-4;0;76;0;;;;;;;;
-72;0;-27;0;;;;;;;;
64;0;6;0;;;;;;;;
-27;0;-58;0;;;;;;;;
34;0;-32;0;;;;;;;;
-22;0;-35;0;;;;;;;;
110;0;-20;0;;;;;;;;
75;0;72;0;;;;;;;;
56;0;-16;0;;;;;;;;
6;0;119;0;;;;;;;;
-35;0;63;0;;;;;;;;
-86;0;-103;0;;;;;;;;
-23;0;-124;0;;;;;;;;
30;0;28;0;;;;;;;;
-81;0;-32;0;;;;;;;;
-67;0;97;0;;;;;;;;
-71;0;-52;0;;;;;;;;
-46;0;-49;0;;;;;;;;
-75;0;-15;0;;;;;;;;
-105;0;-96;0;;;;;;;;
-95;0;-23;0;;;;;;;;
-108;0;-1;0;;;;;;;;
-5;0;80;0;;;;;;;;
-43;0;93;0;;;;;;;;
59;0;-56;0;;;;;;;;
55;0;23;0;;;;;;;;
-66;0;9;0;;;;;;;;
121;0;28;0;;;;;;;;
117;0;19;0;;;;;;;;
-111;0;-39;0;;;;;;;;
71;0;23;0;;;;;;;;
109;0;82;0;;;;;;;;
15;0;-108;0;;;;;;;;
-119;0;-19;0;;;;;;;;
-102;0;-100;0;;;;;;;;
106;0;-24;0;;;;;;;;
-66;0;67;0;;;;;;;;
-31;0;-87;0;;;;;;;;
-106;0;21;0;;;;;;;;
94;0;-93;0;;;;;;;;
-51;0;-99;0;;;;;;;;
90;0;-102;0;;;;;;;;
-61;0;-112;0;;;;;;;;
-38;0;73;0;;;;;;;;
-87;0;91;0;;;;;;;;
-51;0;-27;0;;;;;;;;
-30;0;22;0;;;;;;;;
22;0;68;0;;;;;;;;
-26;0;-11;0;;;;;;;;
-88;0;22;0;;;;;;;;
63;0;-94;0;;;;;;;;
-5;0;41;0;;;;;;;;
49;0;70;0;;;;;;;;
87;0;64;0;;;;;;;;
-21;0;1;0;;;;;;;;
67;0;123;0;;;;;;;;
-22;0;48;0;;;;;;;;
82;0;-28;0;;;;;;;;
-25;0;26;0;;;;;;;;
68;0;95;0;;;;;;;;
-93;0;-124;0;;;;;;;;
-3;0;-95;0;;;;;;;;
-100;0;-91;0;;;;;;;;
41;0;-15;0;;;;;;;;
-124;0;26;0;;;;;;;;
115;0;83;0;;;;;;;;
-121;0;-114;0;;;;;;;;
26;0;3;0;;;;;;;;
55;0;-30;0;;;;;;;;
8;0;-125;0;;;;;;;;
-111;0;-40;0;;;;;;;;
69;0;122;0;;;;;;;;
-113;0;-45;0;;;;;;;;
74;0;-34;0;;;;;;;;
-62;0;-85;0;;;;;;;;
-20;0;77;0;;;;;;;;
-7;0;-78;0;;;;;;;;
-120;0;-96;0;;;;;;;;
11;0;90;0;;;;;;;;
-89;0;63;0;;;;;;;;
-29;0;107;0;;;;;;;;
-103;0;71;0;;;;;;;;
43;0;15;0;;;;;;;;
-111;0;22;0;;;;;;;;
40;0;-99;0;;;;;;;;
43;0;36;0;;;;;;;;
-104;0;57;0;;;;;;;;
-7;0;-49;0;;;;;;;;
-113;0;-40;0;;;;;;;;
-15;0;44;0;;;;;;;;
-107;0;72;0;;;;;;;;
46;0;99;0;;;;;;;;
21;0;77;0;;;;;;;;
24;0;-16;0;;;;;;;;
-120;0;93;0;;;;;;;;
-39;0;26;0;;;;;;;;
-19;0;-93;0;;;;;;;;
-47;0;-107;0;;;;;;;;
-112;0;-12;0;;;;;;;;
116;0;-51;0;;;;;;;;
32;0;85;0;;;;;;;;
-25;0;-36;0;;;;;;;;
75;0;16;0;;;;;;;;
-63;0;-102;0;;;;;;;;
-65;0;108;0;;;;;;;;
-96;0;-5;0;;;;;;;;
20;0;-51;0;;;;;;;;
5;0;-73;0;;;;;;;;
-8;0;73;0;;;;;;;;
45;0;18;0;;;;;;;;
-36;0;-79;0;;;;;;;;
-84;0;-6;0;;;;;;;;
-55;0;-89;0;;;;;;;;
28;0;11;0;;;;;;;;
-99;0;64;0;;;;;;;;
105;0;98;0;;;;;;;;
-16;0;114;0;;;;;;;;
6;0;118;0;;;;;;;;
70;0;22;0;;;;;;;;
-89;0;-95;0;;;;;;;;
-11;0;19;0;;;;;;;;
91;0;-45;0;;;;;;;;
-90;0;118;0;;;;;;;;
-107;0;-37;0;;;;;;;;
73;0;22;0;;;;;;;;
-38;0;-94;0;;;;;;;;
3;0;8;0;;;;;;;;
-13;0;62;0;;;;;;;;
116;0;105;0;;;;;;;;
25;0;9;0;;;;;;;;
-77;0;37;0;;;;;;;;
10;0;-42;0;;;;;;;;
-68;0;114;0;;;;;;;;
-103;0;2;0;;;;;;;;
-121;0;97;0;;;;;;;;
97;0;25;0;;;;;;;;
110;0;-43;0;;;;;;;;
-44;0;-64;0;;;;;;;;
-118;0;69;0;;;;;;;;
-88;0;-4;0;;;;;;;;
93;0;88;0;;;;;;;;
-18;0;-14;0;;;;;;;;
116;0;-48;0;;;;;;;;
100;0;117;0;;;;;;;;
51;0;95;0;;;;;;;;
-124;0;-108;0;;;;;;;;
20;0;80;0;;;;;;;;
92;0;-74;0;;;;;;;;
118;0;-79;0;;;;;;;;
24;0;103;0;;;;;;;;
92;0;30;0;;;;;;;;
85;0;72;0;;;;;;;;
80;0;98;0;;;;;;;;
-93;0;92;0;;;;;;;;
-111;0;14;0;;;;;;;;
97;0;-24;0;;;;;;;;
-86;0;88;0;;;;;;;;
32;0;11;0;;;;;;;;
-67;0;-35;0;;;;;;;;
-61;0;-5;0;;;;;;;;
63;0;48;0;;;;;;;;
-84;0;23;0;;;;;;;;
52;0;-98;0;;;;;;;;
9;0;-75;0;;;;;;;;
64;0;84;0;;;;;;;;
-19;0;4;0;;;;;;;;
91;0;71;0;;;;;;;;
-25;0;-81;0;;;;;;;;
5;0;84;0;;;;;;;;
70;0;-109;0;;;;;;;;
54;0;10;0;;;;;;;;
35;0;60;0;;;;;;;;
86;0;-46;0;;;;;;;;
-65;0;-125;0;;;;;;;;
35;0;88;0;;;;;;;;
-122;0;27;0;;;;;;;;
-86;0;75;0;;;;;;;;
-6;0;13;0;;;;;;;;
-1;0;117;0;;;;;;;;
53;0;-30;0;;;;;;;;
42;0;81;0;;;;;;;;
-27;0;-72;0;;;;;;;;
90;0;-45;0;;;;;;;;
-46;0;-35;0;;;;;;;;
-95;0;-65;0;;;;;;;;
-43;0;-79;0;;;;;;;;
120;0;79;0;;;;;;;;
26;0;10;0;;;;;;;;
-122;0;115;0;;;;;;;;
-100;0;-51;0;;;;;;;;
43;0;61;0;;;;;;;;
-27;0;-86;0;;;;;;;;
-17;0;-82;0;;;;;;;;
-92;0;-39;0;;;;;;;;
-7;0;-15;0;;;;;;;;
12;0;-47;0;;;;;;;;
83;0;55;0;;;;;;;;
-63;0;-24;0;;;;;;;;
-85;0;-14;0;;;;;;;;
-121;0;-20;0;;;;;;;;
-76;0;18;0;;;;;;;;
112;0;-115;0;;;;;;;;
71;0;-101;0;;;;;;;;
-25;0;47;0;;;;;;;;
48;0;30;0;;;;;;;;
94;0;121;0;;;;;;;;
37;0;49;0;;;;;;;;
-7;0;15;0;;;;;;;;
63;0;83;0;;;;;;;;
-83;0;48;0;;;;;;;;
64;0;96;0;;;;;;;;
53;0;-105;0;;;;;;;;
-22;0;107;0;;;;;;;;
-81;0;44;0;;;;;;;;
120;0;-7;0;;;;;;;;
63;0;20;0;;;;;;;;
59;0;-25;0;;;;;;;;
8;0;-120;0;;;;;;;;
77;0;-11;0;;;;;;;;
29;0;-86;0;;;;;;;;
61;0;83;0;;;;;;;;
-29;0;-80;0;;;;;;;;
-15;0;106;0;;;;;;;;
-34;0;24;0;;;;;;;;
2;0;123;0;;;;;;;;
62;0;93;0;;;;;;;;
-49;0;6;0;;;;;;;;
18;0;47;0;;;;;;;;
-62;0;87;0;;;;;;;;
0;0;13;0;;;;;;;;
-53;0;8;0;;;;;;;;
-95;0;-105;0;;;;;;;;
62;0;125;0;;;;;;;;
-59;0;-37;0;;;;;;;;
-107;0;104;0;;;;;;;;
-21;0;-120;0;;;;;;;;
81;0;-11;0;;;;;;;;
10;0;104;0;;;;;;;;
-67;0;64;0;;;;;;;;
-101;0;114;0;;;;;;;;
-60;0;-10;0;;;;;;;;
-86;0;114;0;;;;;;;;
95;0;-102;0;;;;;;;;
111;0;31;0;;;;;;;;
-17;0;81;0;;;;;;;;
82;0;119;0;;;;;;;;
-122;0;41;0;;;;;;;;
-5;0;-63;0;;;;;;;;
-95;0;-111;0;;;;;;;;
-94;0;115;0;;;;;;;;
4;0;90;0;;;;;;;;
-24;0;33;0;;;;;;;;
84;0;-13;0;;;;;;;;
-111;0;21;0;;;;;;;;
60;0;-74;0;;;;;;;;
35;0;-123;0;;;;;;;;
-94;0;22;0;;;;;;;;
33;0;-32;0;;;;;;;;
28;0;90;0;;;;;;;;
24;0;33;0;;;;;;;;
-12;0;-1;0;;;;;;;;
12;0;32;0;;;;;;;;
-106;0;36;0;;;;;;;;
-18;0;-67;0;;;;;;;;
84;0;-123;0;;;;;;;;
-85;0;7;0;;;;;;;;
-63;0;60;0;;;;;;;;
31;0;-3;0;;;;;;;;
-108;0;115;0;;;;;;;;
-81;0;118;0;;;;;;;;
25;0;14;0;;;;;;;;
-111;0;-115;0;;;;;;;;
-95;0;99;0;;;;;;;;
-54;0;66;0;;;;;;;;
-84;0;-95;0;;;;;;;;
-107;0;-96;0;;;;;;;;
-70;0;-76;0;;;;;;;;
-78;0;119;0;;;;;;;;
6;0;87;0;;;;;;;;
-82;0;0;0;;;;;;;;
78;0;-108;0;;;;;;;;
112;0;-20;0;;;;;;;;
-56;0;75;0;;;;;;;;
39;0;92;0;;;;;;;;
-110;0;-35;0;;;;;;;;
-97;0;-112;0;;;;;;;;
-39;0;-15;0;;;;;;;;
-112;0;75;0;;;;;;;;
76;0;-95;0;;;;;;;;
97;0;-69;0;;;;;;;;
-124;0;-120;0;;;;;;;;
64;0;-44;0;;;;;;;;
120;0;-103;0;;;;;;;;
-87;0;94;0;;;;;;;;
-71;0;16;0;;;;;;;;
-63;0;55;0;;;;;;;;
75;0;91;0;;;;;;;;
112;0;117;0;;;;;;;;
-46;0;91;0;;;;;;;;
29;0;-53;0;;;;;;;;
35;0;29;0;;;;;;;;
104;0;88;0;;;;;;;;
63;0;56;0;;;;;;;;
-117;0;-61;0;;;;;;;;
16;0;-61;0;;;;;;;;
-30;0;-117;0;;;;;;;;
-92;0;-49;0;;;;;;;;
-58;0;-34;0;;;;;;;;
101;0;96;0;;;;;;;;
49;0;48;0;;;;;;;;
91;0;-21;0;;;;;;;;
102;0;13;0;;;;;;;;
40;0;-96;0;;;;;;;;
-121;0;-62;0;;;;;;;;
27;0;-39;0;;;;;;;;
48;0;104;0;;;;;;;;
84;0;54;0;;;;;;;;
-76;0;58;0;;;;;;;;
66;0;50;0;;;;;;;;
83;0;-3;0;;;;;;;;
105;0;-69;0;;;;;;;;
64;0;-14;0;;;;;;;;
-111;0;14;0;;;;;;;;
106;0;96;0;;;;;;;;
-53;0;-99;0;;;;;;;;
70;0;-76;0;;;;;;;;
-47;0;109;0;;;;;;;;
-59;0;-82;0;;;;;;;;
68;0;-97;0;;;;;;;;
93;0;19;0;;;;;;;;
7;0;23;0;;;;;;;;
-57;0;80;0;;;;;;;;
55;0;-11;0;;;;;;;;
-102;0;-84;0;;;;;;;;
-41;0;-60;0;;;;;;;;
107;0;113;0;;;;;;;;
21;0;-22;0;;;;;;;;
26;0;-46;0;;;;;;;;
-81;0;61;0;;;;;;;;
-124;0;-29;0;;;;;;;;
53;0;-33;0;;;;;;;;
61;0;71;0;;;;;;;;
-88;0;-28;0;;;;;;;;
-58;0;-42;0;;;;;;;;
-107;0;-66;0;;;;;;;;
15;0;-11;0;;;;;;;;
58;0;31;0;;;;;;;;
-10;0;-113;0;;;;;;;;
-51;0;-74;0;;;;;;;;
102;0;-123;0;;;;;;;;
52;0;-66;0;;;;;;;;
23;0;19;0;;;;;;;;
81;0;-82;0;;;;;;;;
-34;0;-113;0;;;;;;;;
66;0;-95;0;;;;;;;;
67;0;-91;0;;;;;;;;
-117;0;103;0;;;;;;;;
3;0;-6;0;;;;;;;;
19;0;9;0;;;;;;;;
86;0;-28;0;;;;;;;;
-5;0;97;0;;;;;;;;
7;0;102;0;;;;;;;;
-64;0;114;0;;;;;;;;
-94;0;-117;0;;;;;;;;
-86;0;50;0;;;;;;;;
85;0;-101;0;;;;;;;;
119;0;-26;0;;;;;;;;
18;0;-101;0;;;;;;;;
5;0;1;0;;;;;;;;
10;0;55;0;;;;;;;;
-78;0;-74;0;;;;;;;;
40;0;-96;0;;;;;;;;
-100;0;57;0;;;;;;;;
-45;0;-68;0;;;;;;;;
35;0;-5;0;;;;;;;;
108;0;-17;0;;;;;;;;
-82;0;-114;0;;;;;;;;
25;0;116;0;;;;;;;;
-72;0;101;0;;;;;;;;
-112;0;-30;0;;;;;;;;
-107;0;14;0;;;;;;;;
77;0;-8;0;;;;;;;;
-58;0;-120;0;;;;;;;;
46;0;-31;0;;;;;;;;
106;0;97;0;;;;;;;;
-23;0;-25;0;;;;;;;;
110;0;-68;0;;;;;;;;
-56;0;-97;0;;;;;;;;
125;0;-92;0;;;;;;;;
-73;0;101;0;;;;;;;;
27;0;19;0;;;;;;;;
97;0;-49;0;;;;;;;;
-125;0;88;0;;;;;;;;
65;0;30;0;;;;;;;;
-65;0;-33;0;;;;;;;;
28;0;96;0;;;;;;;;
0;0;-117;0;;;;;;;;
79;0;-26;0;;;;;;;;
-54;0;-29;0;;;;;;;;
67;0;-57;0;;;;;;;;
29;0;110;0;;;;;;;;
-17;0;45;0;;;;;;;;
16;0;72;0;;;;;;;;
35;0;52;0;;;;;;;;
-46;0;69;0;;;;;;;;
-121;0;106;0;;;;;;;;
39;0;-5;0;;;;;;;;
57;0;-44;0;;;;;;;;
-124;0;-86;0;;;;;;;;
-3;0;57;0;;;;;;;;
-54;0;-3;0;;;;;;;;
28;0;56;0;;;;;;;;
107;0;116;0;;;;;;;;
-12;0;3;0;;;;;;;;
-99;0;63;0;;;;;;;;
1;0;-98;0;;;;;;;;
68;0;-88;0;;;;;;;;
80;0;56;0;;;;;;;;
-21;0;123;0;;;;;;;;
12;0;65;0;;;;;;;;
-43;0;29;0;;;;;;;;
-109;0;105;0;;;;;;;;
17;0;-103;0;;;;;;;;
107;0;56;0;;;;;;;;
-58;0;-72;0;;;;;;;;
57;0;32;0;;;;;;;;
73;0;102;0;;;;;;;;
-95;0;72;0;;;;;;;;
15;0;-93;0;;;;;;;;
4;0;40;0;;;;;;;;
49;0;-105;0;;;;;;;;
-50;0;-116;0;;;;;;;;
85;0;69;0;;;;;;;;
30;0;-123;0;;;;;;;;
-41;0;111;0;;;;;;;;
-107;0;-37;0;;;;;;;;
-124;0;105;0;;;;;;;;
49;0;98;0;;;;;;;;
97;0;-114;0;;;;;;;;
115;0;-18;0;;;;;;;;
97;0;92;0;;;;;;;;
-107;0;-1;0;;;;;;;;
87;0;-112;0;;;;;;;;
-89;0;-81;0;;;;;;;;
100;0;32;0;;;;;;;;
-62;0;48;0;;;;;;;;
-98;0;113;0;;;;;;;;
22;0;-16;0;;;;;;;;
-73;0;-104;0;;;;;;;;
-76;0;3;0;;;;;;;;
-116;0;-49;0;;;;;;;;
3;0;68;0;;;;;;;;
8;0;84;0;;;;;;;;
108;0;17;0;;;;;;;;
-87;0;-10;0;;;;;;;;
-124;0;-121;0;;;;;;;;
108;0;96;0;;;;;;;;
-20;0;-9;0;;;;;;;;
108;0;-80;0;;;;;;;;
-89;0;-96;0;;;;;;;;
-93;0;76;0;;;;;;;;
-59;0;-65;0;;;;;;;;
81;0;77;0;;;;;;;;
-78;0;-101;0;;;;;;;;
68;0;-74;0;;;;;;;;
-46;0;-52;0;;;;;;;;
-92;0;34;0;;;;;;;;
-125;0;4;0;;;;;;;;
113;0;-108;0;;;;;;;;
-87;0;112;0;;;;;;;;
-89;0;22;0;;;;;;;;
106;0;17;0;;;;;;;;
14;0;44;0;;;;;;;;
-8;0;17;0;;;;;;;;
-93;0;39;0;;;;;;;;
-97;0;-30;0;;;;;;;;
-98;0;112;0;;;;;;;;
-27;0;107;0;;;;;;;;
118;0;-13;0;;;;;;;;
108;0;-14;0;;;;;;;;
-74;0;26;0;;;;;;;;
-39;0;30;0;;;;;;;;
-20;0;60;0;;;;;;;;
68;0;35;0;;;;;;;;
40;0;39;0;;;;;;;;
28;0;-74;0;;;;;;;;
66;0;-23;0;;;;;;;;
-85;0;-24;0;;;;;;;;
46;0;-33;0;;;;;;;;
-77;0;-79;0;;;;;;;;
-36;0;42;0;;;;;;;;
45;0;94;0;;;;;;;;
57;0;-58;0;;;;;;;;
50;0;-86;0;;;;;;;;
28;0;-1;0;;;;;;;;
-83;0;-116;0;;;;;;;;
-22;0;113;0;;;;;;;;
68;0;-14;0;;;;;;;;
-45;0;-66;0;;;;;;;;
-65;0;-60;0;;;;;;;;
-13;0;97;0;;;;;;;;
-23;0;35;0;;;;;;;;
53;0;-47;0;;;;;;;;
-82;0;68;0;;;;;;;;
-57;0;-118;0;;;;;;;;
124;0;-90;0;;;;;;;;
-25;0;110;0;;;;;;;;
-82;0;-68;0;;;;;;;;
22;0;121;0;;;;;;;;
37;0;69;0;;;;;;;;
73;0;63;0;;;;;;;;
46;0;48;0;;;;;;;;
80;0;5;0;;;;;;;;
-69;0;-21;0;;;;;;;;
-44;0;56;0;;;;;;;;
-2;0;1;0;;;;;;;;
109;0;-53;0;;;;;;;;
40;0;-83;0;;;;;;;;
33;0;69;0;;;;;;;;
47;0;37;0;;;;;;;;
-45;0;42;0;;;;;;;;
114;0;22;0;;;;;;;;
-26;0;4;0;;;;;;;;
-43;0;-28;0;;;;;;;;
89;0;-23;0;;;;;;;;
113;0;-7;0;;;;;;;;
-45;0;59;0;;;;;;;;
-4;0;-81;0;;;;;;;;
-51;0;-33;0;;;;;;;;
102;0;27;0;;;;;;;;
115;0;25;0;;;;;;;;
123;0;18;0;;;;;;;;
-76;0;-47;0;;;;;;;;
-70;0;86;0;;;;;;;;
-15;0;-56;0;;;;;;;;
-79;0;-101;0;;;;;;;;
-72;0;-101;0;;;;;;;;
-67;0;83;0;;;;;;;;
-57;0;-40;0;;;;;;;;
-89;0;-116;0;;;;;;;;
-38;0;-77;0;;;;;;;;
-55;0;-3;0;;;;;;;;
-75;0;119;0;;;;;;;;
112;0;-60;0;;;;;;;;
115;0;78;0;;;;;;;;
52;0;-29;0;;;;;;;;
120;0;-41;0;;;;;;;;
41;0;59;0;;;;;;;;
86;0;-53;0;;;;;;;;
124;0;-10;0;;;;;;;;
-13;0;57;0;;;;;;;;
65;0;-60;0;;;;;;;;
3;0;-49;0;;;;;;;;
89;0;80;0;;;;;;;;
100;0;42;0;;;;;;;;
4;0;-109;0;;;;;;;;
100;0;79;0;;;;;;;;
13;0;24;0;;;;;;;;
-71;0;64;0;;;;;;;;
69;0;6;0;;;;;;;;
53;0;-113;0;;;;;;;;
56;0;-113;0;;;;;;;;
-3;0;-106;0;;;;;;;;
111;0;-84;0;;;;;;;;
17;0;22;0;;;;;;;;
-37;0;-84;0;;;;;;;;
-47;0;-107;0;;;;;;;;
-2;0;-68;0;;;;;;;;
-14;0;-64;0;;;;;;;;
72;0;52;0;;;;;;;;
-89;0;67;0;;;;;;;;
95;0;32;0;;;;;;;;
-107;0;82;0;;;;;;;;
-73;0;1;0;;;;;;;;
-1;0;-95;0;;;;;;;;
39;0;-13;0;;;;;;;;
98;0;34;0;;;;;;;;
-101;0;16;0;;;;;;;;
89;0;-84;0;;;;;;;;
11;0;-45;0;;;;;;;;
105;0;-31;0;;;;;;;;
62;0;52;0;;;;;;;;
72;0;-24;0;;;;;;;;
119;0;77;0;;;;;;;;
-53;0;-17;0;;;;;;;;
29;0;-14;0;;;;;;;;
-75;0;60;0;;;;;;;;
18;0;82;0;;;;;;;;
104;0;113;0;;;;;;;;
-24;0;-72;0;;;;;;;;
-22;0;-89;0;;;;;;;;
52;0;-54;0;;;;;;;;
73;0;94;0;;;;;;;;
-122;0;-69;0;;;;;;;;
88;0;-52;0;;;;;;;;
112;0;102;0;;;;;;;;
90;0;-14;0;;;;;;;;
84;0;39;0;;;;;;;;
-89;0;47;0;;;;;;;;
30;0;-41;0;;;;;;;;
-63;0;118;0;;;;;;;;
14;0;125;0;;;;;;;;
109;0;70;0;;;;;;;;
66;0;70;0;;;;;;;;
-117;0;0;0;;;;;;;;
-79;0;6;0;;;;;;;;
10;0;87;0;;;;;;;;
-61;0;105;0;;;;;;;;
55;0;-29;0;;;;;;;;
10;0;38;0;;;;;;;;
-115;0;15;0;;;;;;;;
-26;0;-14;0;;;;;;;;
91;0;11;0;;;;;;;;
4;0;81;0;;;;;;;;
0;0;-110;0;;;;;;;;
85;0;-77;0;;;;;;;;
5;0;-54;0;;;;;;;;
74;0;14;0;;;;;;;;
-75;0;106;0;;;;;;;;
91;0;29;0;;;;;;;;
71;0;113;0;;;;;;;;
100;0;32;0;;;;;;;;
-118;0;27;0;;;;;;;;
91;0;-9;0;;;;;;;;
37;0;-30;0;;;;;;;;
-89;0;68;0;;;;;;;;
-48;0;43;0;;;;;;;;
5;0;102;0;;;;;;;;
1;0;-26;0;;;;;;;;
55;0;96;0;;;;;;;;
-41;0;-92;0;;;;;;;;
68;0;25;0;;;;;;;;
86;0;-16;0;;;;;;;;
61;0;-47;0;;;;;;;;
92;0;82;0;;;;;;;;
76;0;-114;0;;;;;;;;
-43;0;116;0;;;;;;;;
122;0;-114;0;;;;;;;;
-76;0;48;0;;;;;;;;
-102;0;95;0;;;;;;;;
69;0;73;0;;;;;;;;
38;0;-13;0;;;;;;;;
58;0;96;0;;;;;;;;
80;0;8;0;;;;;;;;
-2;0;15;0;;;;;;;;
-2;0;28;0;;;;;;;;
-86;0;-58;0;;;;;;;;
-106;0;4;0;;;;;;;;
60;0;18;0;;;;;;;;
0;0;-57;0;;;;;;;;
5;0;80;0;;;;;;;;
31;0;-37;0;;;;;;;;
-28;0;49;0;;;;;;;;
-41;0;-27;0;;;;;;;;
-52;0;-41;0;;;;;;;;
-38;0;-70;0;;;;;;;;
103;0;18;0;;;;;;;;
9;0;-90;0;;;;;;;;
28;0;-41;0;;;;;;;;
-100;0;-17;0;;;;;;;;
101;0;-72;0;;;;;;;;
50;0;-76;0;;;;;;;;
105;0;119;0;;;;;;;;
-46;0;-56;0;;;;;;;;
-8;0;-109;0;;;;;;;;
29;0;119;0;;;;;;;;
-55;0;32;0;;;;;;;;
-81;0;52;0;;;;;;;;
-81;0;-30;0;;;;;;;;
-100;0;-44;0;;;;;;;;
3;0;53;0;;;;;;;;
-94;0;40;0;;;;;;;;
21;0;14;0;;;;;;;;
-110;0;90;0;;;;;;;;
92;0;28;0;;;;;;;;
-108;0;84;0;;;;;;;;
-49;0;95;0;;;;;;;;
-73;0;-51;0;;;;;;;;
-21;0;74;0;;;;;;;;
-26;0;-38;0;;;;;;;;
-21;0;-78;0;;;;;;;;
2;0;-76;0;;;;;;;;
19;0;-48;0;;;;;;;;
0;0;-104;0;;;;;;;;
-22;0;-118;0;;;;;;;;
122;0;-12;0;;;;;;;;
-73;0;56;0;;;;;;;;
-70;0;-31;0;;;;;;;;
-91;0;33;0;;;;;;;;
32;0;113;0;;;;;;;;
-101;0;97;0;;;;;;;;
-8;0;-27;0;;;;;;;;
-29;0;96;0;;;;;;;;
-84;0;96;0;;;;;;;;
109;0;104;0;;;;;;;;
89;0;-105;0;;;;;;;;
101;0;123;0;;;;;;;;
-96;0;12;0;;;;;;;;
112;0;58;0;;;;;;;;
7;0;-65;0;;;;;;;;
-8;0;-38;0;;;;;;;;
-88;0;-97;0;;;;;;;;
91;0;36;0;;;;;;;;
42;0;-69;0;;;;;;;;
80;0;63;0;;;;;;;;
88;0;116;0;;;;;;;;
-71;0;116;0;;;;;;;;
97;0;65;0;;;;;;;;
59;0;-51;0;;;;;;;;
55;0;69;0;;;;;;;;
-27;0;65;0;;;;;;;;
6;0;53;0;;;;;;;;
19;0;-20;0;;;;;;;;
61;0;-36;0;;;;;;;;
75;0;-105;0;;;;;;;;
0;0;-25;0;;;;;;;;
117;0;55;0;;;;;;;;
50;0;-124;0;;;;;;;;
34;0;-57;0;;;;;;;;
-56;0;-125;0;;;;;;;;
123;0;114;0;;;;;;;;
-114;0;75;0;;;;;;;;
58;0;63;0;;;;;;;;
-108;0;33;0;;;;;;;;
-121;0;18;0;;;;;;;;
-122;0;73;0;;;;;;;;
-65;0;-51;0;;;;;;;;
92;0;-81;0;;;;;;;;
-111;0;81;0;;;;;;;;
78;0;-56;0;;;;;;;;
-95;0;-61;0;;;;;;;;
32;0;75;0;;;;;;;;
-22;0;14;0;;;;;;;;
70;0;49;0;;;;;;;;
117;0;114;0;;;;;;;;
96;0;22;0;;;;;;;;
110;0;-38;0;;;;;;;;
50;0;-57;0;;;;;;;;
17;0;77;0;;;;;;;;
54;0;118;0;;;;;;;;
65;0;120;0;;;;;;;;
-110;0;13;0;;;;;;;;
100;0;-16;0;;;;;;;;
76;0;23;0;;;;;;;;
103;0;107;0;;;;;;;;
-45;0;-67;0;;;;;;;;
18;0;-70;0;;;;;;;;
-108;0;94;0;;;;;;;;
-29;0;93;0;;;;;;;;
74;0;-125;0;;;;;;;;
-76;0;17;0;;;;;;;;
29;0;56;0;;;;;;;;
109;0;64;0;;;;;;;;
-75;0;68;0;;;;;;;;
-67;0;-28;0;;;;;;;;
8;0;31;0;;;;;;;;
119;0;-91;0;;;;;;;;
-68;0;-12;0;;;;;;;;
-110;0;-89;0;;;;;;;;
40;0;-50;0;;;;;;;;
4;0;-122;0;;;;;;;;
-84;0;93;0;;;;;;;;
27;0;-47;0;;;;;;;;
64;0;97;0;;;;;;;;
-44;0;-6;0;;;;;;;;
66;0;-104;0;;;;;;;;
54;0;55;0;;;;;;;;
78;0;109;0;;;;;;;;
-32;0;-36;0;;;;;;;;
-16;0;39;0;;;;;;;;
4;0;-56;0;;;;;;;;
39;0;13;0;;;;;;;;
113;0;-100;0;;;;;;;;
-105;0;102;0;;;;;;;;
73;0;-79;0;;;;;;;;
-104;0;70;0;;;;;;;;
85;0;-37;0;;;;;;;;
-113;0;-78;0;;;;;;;;
-106;0;15;0;;;;;;;;
31;0;-110;0;;;;;;;;
-87;0;-29;0;;;;;;;;
-71;0;122;0;;;;;;;;
-88;0;93;0;;;;;;;;
-90;0;-105;0;;;;;;;;
25;0;-47;0;;;;;;;;
-14;0;-93;0;;;;;;;;
82;0;-82;0;;;;;;;;
-113;0;108;0;;;;;;;;
67;0;89;0;;;;;;;;
-113;0;76;0;;;;;;;;
-78;0;109;0;;;;;;;;
-46;0;85;0;;;;;;;;
124;0;-26;0;;;;;;;;
48;0;-94;0;;;;;;;;
-66;0;-85;0;;;;;;;;
97;0;-73;0;;;;;;;;
-119;0;124;0;;;;;;;;
-21;0;-57;0;;;;;;;;
114;0;43;0;;;;;;;;
-51;0;-106;0;;;;;;;;
51;0;36;0;;;;;;;;
-1;0;-41;0;;;;;;;;
29;0;-103;0;;;;;;;;
110;0;10;0;;;;;;;;
69;0;-36;0;;;;;;;;
-19;0;80;0;;;;;;;;
118;0;62;0;;;;;;;;
65;0;63;0;;;;;;;;
103;0;-5;0;;;;;;;;
79;0;-39;0;;;;;;;;
60;0;36;0;;;;;;;;
24;0;28;0;;;;;;;;
-66;0;59;0;;;;;;;;
82;0;71;0;;;;;;;;
24;0;-76;0;;;;;;;;
8;0;97;0;;;;;;;;
82;0;98;0;;;;;;;;
-15;0;-88;0;;;;;;;;
41;0;46;0;;;;;;;;
108;0;99;0;;;;;;;;
119;0;-88;0;;;;;;;;
-10;0;69;0;;;;;;;;
84;0;66;0;;;;;;;;
38;0;81;0;;;;;;;;
15;0;4;0;;;;;;;;
-125;0;-83;0;;;;;;;;
53;0;-42;0;;;;;;;;
-50;0;-117;0;;;;;;;;
-99;0;46;0;;;;;;;;
-67;0;-17;0;;;;;;;;
113;0;107;0;;;;;;;;
-17;0;-13;0;;;;;;;;
-99;0;2;0;;;;;;;;
-55;0;24;0;;;;;;;;
-85;0;-54;0;;;;;;;;
0;0;109;0;;;;;;;;
92;0;-104;0;;;;;;;;
-51;0;-41;0;;;;;;;;
-33;0;-4;0;;;;;;;;
-21;0;-8;0;;;;;;;;
102;0;75;0;;;;;;;;
-116;0;-12;0;;;;;;;;
38;0;-96;0;;;;;;;;
74;0;-1;0;;;;;;;;
-53;0;-68;0;;;;;;;;
-50;0;95;0;;;;;;;;
-89;0;-7;0;;;;;;;;
-61;0;25;0;;;;;;;;
51;0;81;0;;;;;;;;
9;0;47;0;;;;;;;;
12;0;-79;0;;;;;;;;
-32;0;-91;0;;;;;;;;
-64;0;-13;0;;;;;;;;
-114;0;-20;0;;;;;;;;
104;0;-53;0;;;;;;;;
-19;0;40;0;;;;;;;;
-119;0;114;0;;;;;;;;
-35;0;61;0;;;;;;;;
-61;0;-54;0;;;;;;;;
-68;0;70;0;;;;;;;;
-120;0;-1;0;;;;;;;;
96;0;67;0;;;;;;;;
-70;0;98;0;;;;;;;;
-92;0;30;0;;;;;;;;
32;0;-25;0;;;;;;;;
117;0;103;0;;;;;;;;
-29;0;-27;0;;;;;;;;
-115;0;105;0;;;;;;;;
-14;0;81;0;;;;;;;;
43;0;-59;0;;;;;;;;
114;0;48;0;;;;;;;;
49;0;-106;0;;;;;;;;
-56;0;-114;0;;;;;;;;
-113;0;15;0;;;;;;;;
68;0;25;0;;;;;;;;
-102;0;-115;0;;;;;;;;
-36;0;-17;0;;;;;;;;
14;0;25;0;;;;;;;;
-25;0;95;0;;;;;;;;
-71;0;-82;0;;;;;;;;
-65;0;-103;0;;;;;;;;
118;0;1;0;;;;;;;;
9;0;-110;0;;;;;;;;
-53;0;-12;0;;;;;;;;
70;0;47;0;;;;;;;;
110;0;67;0;;;;;;;;
37;0;63;0;;;;;;;;
-22;0;-117;0;;;;;;;;
69;0;-73;0;;;;;;;;
80;0;-118;0;;;;;;;;
-87;0;52;0;;;;;;;;
68;0;-58;0;;;;;;;;
-102;0;-7;0;;;;;;;;
67;0;64;0;;;;;;;;
32;0;-3;0;;;;;;;;
-40;0;-92;0;;;;;;;;
-33;0;-88;0;;;;;;;;
92;0;14;0;;;;;;;;
-37;0;-109;0;;;;;;;;
-88;0;49;0;;;;;;;;
-97;0;-41;0;;;;;;;;
105;0;42;0;;;;;;;;
-71;0;88;0;;;;;;;;
120;0;-12;0;;;;;;;;
-102;0;-31;0;;;;;;;;
74;0;37;0;;;;;;;;
120;0;22;0;;;;;;;;
-87;0;-39;0;;;;;;;;
-71;0;2;0;;;;;;;;
44;0;-124;0;;;;;;;;
62;0;-36;0;;;;;;;;
30;0;-47;0;;;;;;;;
-3;0;-59;0;;;;;;;;
23;0;-2;0;;;;;;;;
-81;0;32;0;;;;;;;;
-92;0;34;0;;;;;;;;
-46;0;-44;0;;;;;;;;
100;0;-54;0;;;;;;;;
-123;0;106;0;;;;;;;;
10;0;-7;0;;;;;;;;
31;0;-102;0;;;;;;;;
113;0;-104;0;;;;;;;;
115;0;-104;0;;;;;;;;
48;0;54;0;;;;;;;;
28;0;-93;0;;;;;;;;
82;0;-49;0;;;;;;;;
-38;0;-58;0;;;;;;;;
119;0;39;0;;;;;;;;
0;0;-16;0;;;;;;;;
7;0;30;0;;;;;;;;
23;0;-122;0;;;;;;;;
54;0;-108;0;;;;;;;;
28;0;41;0;;;;;;;;
-36;0;53;0;;;;;;;;
74;0;43;0;;;;;;;;
92;0;40;0;;;;;;;;
-69;0;-116;0;;;;;;;;
112;0;65;0;;;;;;;;
-86;0;-98;0;;;;;;;;
-54;0;-23;0;;;;;;;;
-38;0;-53;0;;;;;;;;
-93;0;88;0;;;;;;;;
45;0;-96;0;;;;;;;;
58;0;-69;0;;;;;;;;
-57;0;-47;0;;;;;;;;
39;0;104;0;;;;;;;;
97;0;85;0;;;;;;;;
-105;0;89;0;;;;;;;;
94;0;40;0;;;;;;;;
26;0;-61;0;;;;;;;;
-49;0;110;0;;;;;;;;
-89;0;-125;0;;;;;;;;
-51;0;6;0;;;;;;;;
-43;0;-94;0;;;;;;;;
-24;0;-37;0;;;;;;;;
-69;0;99;0;;;;;;;;
43;0;-17;0;;;;;;;;
86;0;-84;0;;;;;;;;
27;0;-16;0;;;;;;;;
-64;0;10;0;;;;;;;;
-85;0;78;0;;;;;;;;
120;0;-103;0;;;;;;;;
36;0;-17;0;;;;;;;;
-102;0;-52;0;;;;;;;;
99;0;-24;0;;;;;;;;
-89;0;102;0;;;;;;;;
-122;0;24;0;;;;;;;;
-30;0;-108;0;;;;;;;;
-30;0;-6;0;;;;;;;;
81;0;94;0;;;;;;;;
-93;0;96;0;;;;;;;;
-29;0;-16;0;;;;;;;;
37;0;-21;0;;;;;;;;
-48;0;89;0;;;;;;;;
45;0;53;0;;;;;;;;
-77;0;108;0;;;;;;;;
-91;0;-41;0;;;;;;;;
114;0;-29;0;;;;;;;;
27;0;-32;0;;;;;;;;
-35;0;-34;0;;;;;;;;
-97;0;86;0;;;;;;;;
16;0;14;0;;;;;;;;
-2;0;-113;0;;;;;;;;
-90;0;-38;0;;;;;;;;
-91;0;-63;0;;;;;;;;
-33;0;-40;0;;;;;;;;
30;0;-14;0;;;;;;;;
22;0;-114;0;;;;;;;;
81;0;-38;0;;;;;;;;
-25;0;-60;0;;;;;;;;
-17;0;-32;0;;;;;;;;
105;0;39;0;;;;;;;;
9;0;34;0;;;;;;;;
-90;0;-105;0;;;;;;;;
6;0;58;0;;;;;;;;
37;0;120;0;;;;;;;;
118;0;-11;0;;;;;;;;
1;0;56;0;;;;;;;;
18;0;124;0;;;;;;;;
45;0;73;0;;;;;;;;
-71;0;-114;0;;;;;;;;
-34;0;93;0;;;;;;;;
45;0;18;0;;;;;;;;
37;0;69;0;;;;;;;;
-57;0;47;0;;;;;;;;
-102;0;56;0;;;;;;;;
-46;0;-103;0;;;;;;;;
63;0;11;0;;;;;;;;
-65;0;-117;0;;;;;;;;
67;0;77;0;;;;;;;;
-20;0;-26;0;;;;;;;;
32;0;-71;0;;;;;;;;
91;0;-115;0;;;;;;;;
-89;0;-62;0;;;;;;;;
-72;0;87;0;;;;;;;;
49;0;-87;0;;;;;;;;
91;0;-121;0;;;;;;;;
-68;0;82;0;;;;;;;;
40;0;-95;0;;;;;;;;
-33;0;-27;0;;;;;;;;
-38;0;115;0;;;;;;;;
83;0;-41;0;;;;;;;;
93;0;102;0;;;;;;;;
-75;0;100;0;;;;;;;;
-116;0;-60;0;;;;;;;;
57;0;-15;0;;;;;;;;
22;0;-112;0;;;;;;;;
-83;0;68;0;;;;;;;;
3;0;113;0;;;;;;;;
-25;0;-69;0;;;;;;;;
72;0;97;0;;;;;;;;
100;0;17;0;;;;;;;;
-34;0;-63;0;;;;;;;;
-100;0;33;0;;;;;;;;
48;0;-24;0;;;;;;;;
-73;0;-10;0;;;;;;;;
41;0;116;0;;;;;;;;
-24;0;91;0;;;;;;;;
-73;0;-93;0;;;;;;;;
22;0;34;0;;;;;;;;
-52;0;0;0;;;;;;;;
75;0;44;0;;;;;;;;
33;0;-62;0;;;;;;;;
114;0;3;0;;;;;;;;
-68;0;78;0;;;;;;;;
108;0;-51;0;;;;;;;;
-91;0;65;0;;;;;;;;
19;0;-25;0;;;;;;;;
-9;0;17;0;;;;;;;;
-71;0;-50;0;;;;;;;;
-33;0;-28;0;;;;;;;;
105;0;13;0;;;;;;;;
-115;0;50;0;;;;;;;;
-79;0;93;0;;;;;;;;
-75;0;35;0;;;;;;;;
-29;0;-102;0;;;;;;;;
-29;0;69;0;;;;;;;;
42;0;-10;0;;;;;;;;
57;0;-119;0;;;;;;;;
-58;0;36;0;;;;;;;;
-102;0;12;0;;;;;;;;
9;0;-38;0;;;;;;;;
-46;0;54;0;;;;;;;;
78;0;119;0;;;;;;;;
38;0;-101;0;;;;;;;;
83;0;-92;0;;;;;;;;
22;0;122;0;;;;;;;;
73;0;-123;0;;;;;;;;
-45;0;63;0;;;;;;;;
123;0;-67;0;;;;;;;;
-39;0;90;0;;;;;;;;
-75;0;-124;0;;;;;;;;
45;0;73;0;;;;;;;;
84;0;-37;0;;;;;;;;
-125;0;-44;0;;;;;;;;
43;0;21;0;;;;;;;;
-117;0;65;0;;;;;;;;
29;0;-14;0;;;;;;;;
77;0;-125;0;;;;;;;;
-79;0;-93;0;;;;;;;;
-101;0;-102;0;;;;;;;;
89;0;-32;0;;;;;;;;
-110;0;-67;0;;;;;;;;
45;0;104;0;;;;;;;;
-87;0;105;0;;;;;;;;
113;0;11;0;;;;;;;;
-6;0;-37;0;;;;;;;;
-21;0;111;0;;;;;;;;
-83;0;-97;0;;;;;;;;
-9;0;4;0;;;;;;;;
-106;0;-63;0;;;;;;;;
69;0;-50;0;;;;;;;;
108;0;17;0;;;;;;;;
-78;0;5;0;;;;;;;;
-103;0;-113;0;;;;;;;;
103;0;-98;0;;;;;;;;
58;0;-60;0;;;;;;;;
40;0;-104;0;;;;;;;;
78;0;61;0;;;;;;;;
-100;0;109;0;;;;;;;;
84;0;70;0;;;;;;;;
-101;0;95;0;;;;;;;;
79;0;35;0;;;;;;;;
67;0;-39;0;;;;;;;;
-25;0;-25;0;;;;;;;;
-75;0;-60;0;;;;;;;;
-50;0;89;0;;;;;;;;
113;0;-104;0;;;;;;;;
-93;0;24;0;;;;;;;;
3;0;-75;0;;;;;;;;
3;0;-90;0;;;;;;;;
-119;0;-71;0;;;;;;;;
125;0;-76;0;;;;;;;;
-110;0;14;0;;;;;;;;
-17;0;78;0;;;;;;;;
49;0;-3;0;;;;;;;;
-1;0;-37;0;;;;;;;;
-14;0;118;0;;;;;;;;
-44;0;-74;0;;;;;;;;
99;0;0;0;;;;;;;;
115;0;-105;0;;;;;;;;
33;0;62;0;;;;;;;;
105;0;-39;0;;;;;;;;
45;0;-66;0;;;;;;;;
113;0;-77;0;;;;;;;;
23;0;-6;0;;;;;;;;
111;0;37;0;;;;;;;;
-41;0;-115;0;;;;;;;;
-96;0;13;0;;;;;;;;
109;0;76;0;;;;;;;;
-36;0;17;0;;;;;;;;
-46;0;-61;0;;;;;;;;
-59;0;49;0;;;;;;;;
-14;0;94;0;;;;;;;;
-99;0;-19;0;;;;;;;;
39;0;-5;0;;;;;;;;
0;0;-70;0;;;;;;;;
-119;0;123;0;;;;;;;;
-107;0;-102;0;;;;;;;;
-83;0;8;0;;;;;;;;
-44;0;63;0;;;;;;;;
-44;0;-80;0;;;;;;;;
114;0;-25;0;;;;;;;;
28;0;-38;0;;;;;;;;
110;0;76;0;;;;;;;;
0;0;-56;0;;;;;;;;
-23;0;82;0;;;;;;;;
59;0;-58;0;;;;;;;;
-61;0;-74;0;;;;;;;;
123;0;76;0;;;;;;;;
63;0;-51;0;;;;;;;;
-16;0;5;0;;;;;;;;
-23;0;-34;0;;;;;;;;
6;0;-124;0;;;;;;;;
-114;0;14;0;;;;;;;;
-30;0;-44;0;;;;;;;;
-50;0;-34;0;;;;;;;;
-92;0;56;0;;;;;;;;
-51;0;95;0;;;;;;;;
56;0;-83;0;;;;;;;;
-24;0;-87;0;;;;;;;;
25;0;105;0;;;;;;;;
-85;0;59;0;;;;;;;;
4;0;95;0;;;;;;;;
53;0;-3;0;;;;;;;;
74;0;8;0;;;;;;;;
18;0;-49;0;;;;;;;;
-12;0;125;0;;;;;;;;
-112;0;49;0;;;;;;;;
69;0;66;0;;;;;;;;
-35;0;-89;0;;;;;;;;
74;0;102;0;;;;;;;;
16;0;-109;0;;;;;;;;
-98;0;92;0;;;;;;;;
2;0;122;0;;;;;;;;
45;0;24;0;;;;;;;;
-36;0;58;0;;;;;;;;
-121;0;108;0;;;;;;;;
110;0;64;0;;;;;;;;
81;0;88;0;;;;;;;;
59;0;125;0;;;;;;;;
80;0;41;0;;;;;;;;
-81;0;-64;0;;;;;;;;
-30;0;-94;0;;;;;;;;
-99;0;-19;0;;;;;;;;
70;0;-27;0;;;;;;;;
-124;0;-112;0;;;;;;;;
-73;0;6;0;;;;;;;;
-52;0;33;0;;;;;;;;
28;0;-68;0;;;;;;;;
-112;0;120;0;;;;;;;;
37;0;-17;0;;;;;;;;
11;0;-39;0;;;;;;;;
110;0;71;0;;;;;;;;
-86;0;-104;0;;;;;;;;
-32;0;-103;0;;;;;;;;
-122;0;74;0;;;;;;;;
39;0;43;0;;;;;;;;
-125;0;-51;0;;;;;;;;
-101;0;-75;0;;;;;;;;
-85;0;15;0;;;;;;;;
-96;0;76;0;;;;;;;;
-96;0;-83;0;;;;;;;;
35;0;27;0;;;;;;;;
80;0;-46;0;;;;;;;;
116;0;23;0;;;;;;;;
-99;0;-107;0;;;;;;;;
122;0;-66;0;;;;;;;;
12;0;-2;0;;;;;;;;
-39;0;107;0;;;;;;;;
-124;0;-12;0;;;;;;;;
-35;0;39;0;;;;;;;;
87;0;-52;0;;;;;;;;
-73;0;94;0;;;;;;;;
118;0;101;0;;;;;;;;
41;0;103;0;;;;;;;;
78;0;68;0;;;;;;;;
-7;0;69;0;;;;;;;;
-52;0;-4;0;;;;;;;;
77;0;-64;0;;;;;;;;
26;0;-80;0;;;;;;;;
46;0;99;0;;;;;;;;
-81;0;-53;0;;;;;;;;
96;0;85;0;;;;;;;;
3;0;112;0;;;;;;;;
94;0;-59;0;;;;;;;;
-12;0;11;0;;;;;;;;
-74;0;-72;0;;;;;;;;
98;0;-37;0;;;;;;;;
-116;0;68;0;;;;;;;;
-32;0;76;0;;;;;;;;
68;0;96;0;;;;;;;;
-75;0;-97;0;;;;;;;;
-116;0;52;0;;;;;;;;
59;0;39;0;;;;;;;;
-53;0;98;0;;;;;;;;
-10;0;107;0;;;;;;;;
28;0;-79;0;;;;;;;;
123;0;-30;0;;;;;;;;
102;0;-18;0;;;;;;;;
16;0;-100;0;;;;;;;;
23;0;-102;0;;;;;;;;
80;0;-49;0;;;;;;;;
-69;0;-32;0;;;;;;;;
-84;0;108;0;;;;;;;;
-2;0;-55;0;;;;;;;;
14;0;-7;0;;;;;;;;
70;0;-67;0;;;;;;;;
56;0;-7;0;;;;;;;;
82;0;-119;0;;;;;;;;
25;0;79;0;;;;;;;;
-74;0;-81;0;;;;;;;;
86;0;-91;0;;;;;;;;
-112;0;48;0;;;;;;;;
27;0;56;0;;;;;;;;
72;0;96;0;;;;;;;;
98;0;82;0;;;;;;;;
24;0;-16;0;;;;;;;;
-120;0;117;0;;;;;;;;
101;0;83;0;;;;;;;;
68;0;-19;0;;;;;;;;
33;0;41;0;;;;;;;;
-53;0;6;0;;;;;;;;
-30;0;60;0;;;;;;;;
44;0;-46;0;;;;;;;;
-57;0;55;0;;;;;;;;
-122;0;12;0;;;;;;;;
69;0;13;0;;;;;;;;
78;0;41;0;;;;;;;;
59;0;9;0;;;;;;;;
113;0;-40;0;;;;;;;;
120;0;-108;0;;;;;;;;
31;0;-32;0;;;;;;;;
81;0;41;0;;;;;;;;
-84;0;-64;0;;;;;;;;
105;0;-99;0;;;;;;;;
14;0;80;0;;;;;;;;
-124;0;19;0;;;;;;;;
79;0;-92;0;;;;;;;;
-125;0;-5;0;;;;;;;;
52;0;-78;0;;;;;;;;
-23;0;-91;0;;;;;;;;
-1;0;-92;0;;;;;;;;
111;0;-78;0;;;;;;;;
35;0;78;0;;;;;;;;
-33;0;62;0;;;;;;;;
-26;0;-30;0;;;;;;;;
-17;0;18;0;;;;;;;;
10;0;49;0;;;;;;;;
20;0;-9;0;;;;;;;;
77;0;-115;0;;;;;;;;
60;0;46;0;;;;;;;;
-81;0;-86;0;;;;;;;;
30;0;-115;0;;;;;;;;
-53;0;94;0;;;;;;;;
-89;0;-54;0;;;;;;;;
-51;0;-36;0;;;;;;;;
112;0;0;0;;;;;;;;
-2;0;-34;0;;;;;;;;
36;0;5;0;;;;;;;;
111;0;-34;0;;;;;;;;
90;0;109;0;;;;;;;;
7;0;18;0;;;;;;;;
71;0;-48;0;;;;;;;;
-105;0;-45;0;;;;;;;;
-53;0;-120;0;;;;;;;;
90;0;-83;0;;;;;;;;
-101;0;8;0;;;;;;;;
-112;0;77;0;;;;;;;;
-84;0;-47;0;;;;;;;;
21;0;-102;0;;;;;;;;
35;0;-118;0;;;;;;;;
84;0;9;0;;;;;;;;
81;0;87;0;;;;;;;;
-62;0;56;0;;;;;;;;
108;0;85;0;;;;;;;;
-40;0;29;0;;;;;;;;
119;0;85;0;;;;;;;;
-10;0;40;0;;;;;;;;
-119;0;-51;0;;;;;;;;
100;0;-15;0;;;;;;;;
-121;0;-122;0;;;;;;;;
8;0;-40;0;;;;;;;;
118;0;103;0;;;;;;;;
-11;0;-115;0;;;;;;;;
-110;0;3;0;;;;;;;;
41;0;113;0;;;;;;;;
-123;0;-67;0;;;;;;;;
-44;0;-35;0;;;;;;;;
70;0;6;0;;;;;;;;
23;0;120;0;;;;;;;;
113;0;87;0;;;;;;;;
89;0;-63;0;;;;;;;;
107;0;-61;0;;;;;;;;
95;0;6;0;;;;;;;;
-13;0;15;0;;;;;;;;
94;0;-28;0;;;;;;;;
35;0;121;0;;;;;;;;
56;0;-55;0;;;;;;;;
94;0;78;0;;;;;;;;
52;0;49;0;;;;;;;;
-125;0;-46;0;;;;;;;;
67;0;110;0;;;;;;;;
-4;0;-27;0;;;;;;;;
6;0;33;0;;;;;;;;
70;0;-112;0;;;;;;;;
-13;0;-57;0;;;;;;;;
-88;0;-42;0;;;;;;;;
3;0;-50;0;;;;;;;;
93;0;-80;0;;;;;;;;
88;0;51;0;;;;;;;;
40;0;-84;0;;;;;;;;
-100;0;-45;0;;;;;;;;
45;0;96;0;;;;;;;;
18;0;-110;0;;;;;;;;
36;0;-121;0;;;;;;;;
88;0;60;0;;;;;;;;
-124;0;72;0;;;;;;;;
106;0;124;0;;;;;;;;
102;0;-95;0;;;;;;;;
58;0;112;0;;;;;;;;
-109;0;21;0;;;;;;;;
-122;0;15;0;;;;;;;;
-43;0;-58;0;;;;;;;;
83;0;43;0;;;;;;;;
-66;0;59;0;;;;;;;;
36;0;65;0;;;;;;;;
-97;0;69;0;;;;;;;;
48;0;-38;0;;;;;;;;
-20;0;-49;0;;;;;;;;
30;0;124;0;;;;;;;;
-60;0;37;0;;;;;;;;
-25;0;99;0;;;;;;;;
47;0;-40;0;;;;;;;;
-59;0;-102;0;;;;;;;;
-43;0;61;0;;;;;;;;
-27;0;9;0;;;;;;;;
-114;0;-16;0;;;;;;;;
115;0;-113;0;;;;;;;;
16;0;29;0;;;;;;;;
-117;0;-97;0;;;;;;;;
-11;0;122;0;;;;;;;;
-124;0;51;0;;;;;;;;
94;0;30;0;;;;;;;;
47;0;66;0;;;;;;;;
-111;0;-12;0;;;;;;;;
31;0;92;0;;;;;;;;
32;0;-55;0;;;;;;;;
69;0;-53;0;;;;;;;;
12;0;108;0;;;;;;;;
-14;0;-71;0;;;;;;;;
-71;0;-78;0;;;;;;;;
-82;0;-112;0;;;;;;;;
96;0;-21;0;;;;;;;;
-5;0;34;0;;;;;;;;
43;0;57;0;;;;;;;;
24;0;-113;0;;;;;;;;
18;0;-90;0;;;;;;;;
37;0;-102;0;;;;;;;;
-64;0;48;0;;;;;;;;
10;0;-19;0;;;;;;;;
117;0;-15;0;;;;;;;;
-118;0;-82;0;;;;;;;;
86;0;79;0;;;;;;;;
59;0;-25;0;;;;;;;;
16;0;70;0;;;;;;;;
-23;0;32;0;;;;;;;;
103;0;-83;0;;;;;;;;
-36;0;30;0;;;;;;;;
-3;0;35;0;;;;;;;;
95;0;116;0;;;;;;;;
-78;0;-114;0;;;;;;;;
-75;0;7;0;;;;;;;;
7;0;27;0;;;;;;;;
60;0;66;0;;;;;;;;
-115;0;-125;0;;;;;;;;
-51;0;121;0;;;;;;;;
-39;0;-81;0;;;;;;;;
-32;0;1;0;;;;;;;;
-63;0;10;0;;;;;;;;
-29;0;-1;0;;;;;;;;
-32;0;-10;0;;;;;;;;
-30;0;105;0;;;;;;;;
100;0;-107;0;;;;;;;;
84;0;-78;0;;;;;;;;
-4;0;-113;0;;;;;;;;
-32;0;-119;0;;;;;;;;
30;0;-27;0;;;;;;;;
77;0;52;0;;;;;;;;
-16;0;82;0;;;;;;;;
121;0;-41;0;;;;;;;;
55;0;23;0;;;;;;;;
-107;0;-25;0;;;;;;;;
-95;0;-86;0;;;;;;;;
40;0;110;0;;;;;;;;
-67;0;43;0;;;;;;;;
66;0;41;0;;;;;;;;
13;0;29;0;;;;;;;;
-14;0;-29;0;;;;;;;;
125;0;31;0;;;;;;;;
94;0;-117;0;;;;;;;;
-18;0;-5;0;;;;;;;;
-121;0;90;0;;;;;;;;
34;0;12;0;;;;;;;;
-74;0;53;0;;;;;;;;
100;0;-8;0;;;;;;;;
-50;0;121;0;;;;;;;;
60;0;-45;0;;;;;;;;
10;0;13;0;;;;;;;;
97;0;21;0;;;;;;;;
57;0;-59;0;;;;;;;;
-80;0;41;0;;;;;;;;
100;0;-122;0;;;;;;;;
44;0;99;0;;;;;;;;
56;0;-72;0;;;;;;;;
-35;0;90;0;;;;;;;;
9;0;25;0;;;;;;;;
125;0;104;0;;;;;;;;
-88;0;84;0;;;;;;;;
49;0;-8;0;;;;;;;;
80;0;59;0;;;;;;;;
73;0;-76;0;;;;;;;;
-63;0;-93;0;;;;;;;;
79;0;-55;0;;;;;;;;
-45;0;28;0;;;;;;;;
7;0;96;0;;;;;;;;
30;0;-43;0;;;;;;;;
-44;0;79;0;;;;;;;;
-92;0;-82;0;;;;;;;;
109;0;92;0;;;;;;;;
-31;0;-67;0;;;;;;;;
75;0;106;0;;;;;;;;
-81;0;102;0;;;;;;;;
108;0;93;0;;;;;;;;
-61;0;-64;0;;;;;;;;
28;0;-74;0;;;;;;;;
-115;0;-74;0;;;;;;;;
-117;0;-40;0;;;;;;;;
124;0;16;0;;;;;;;;
4;0;63;0;;;;;;;;
-12;0;-78;0;;;;;;;;
-42;0;-123;0;;;;;;;;
-62;0;18;0;;;;;;;;
72;0;40;0;;;;;;;;
-82;0;-74;0;;;;;;;;
-6;0;77;0;;;;;;;;
-82;0;-5;0;;;;;;;;
111;0;39;0;;;;;;;;
-114;0;-112;0;;;;;;;;
31;0;-67;0;;;;;;;;
62;0;34;0;;;;;;;;
49;0;-52;0;;;;;;;;
-55;0;-25;0;;;;;;;;
102;0;48;0;;;;;;;;
-76;0;4;0;;;;;;;;
-81;0;-5;0;;;;;;;;
-114;0;-125;0;;;;;;;;
79;0;-68;0;;;;;;;;
110;0;-108;0;;;;;;;;
77;0;72;0;;;;;;;;
34;0;99;0;;;;;;;;
52;0;47;0;;;;;;;;
89;0;111;0;;;;;;;;
-112;0;-30;0;;;;;;;;
38;0;-12;0;;;;;;;;
-30;0;117;0;;;;;;;;
30;0;101;0;;;;;;;;
77;0;-82;0;;;;;;;;
106;0;-77;0;;;;;;;;
-48;0;-22;0;;;;;;;;
29;0;-117;0;;;;;;;;
-54;0;-117;0;;;;;;;;
118;0;-30;0;;;;;;;;
-50;0;-102;0;;;;;;;;
50;0;106;0;;;;;;;;
101;0;2;0;;;;;;;;
51;0;-123;0;;;;;;;;
-90;0;-31;0;;;;;;;;
58;0;108;0;;;;;;;;
-107;0;-69;0;;;;;;;;
-11;0;-93;0;;;;;;;;
-99;0;67;0;;;;;;;;
110;0;61;0;;;;;;;;
-70;0;-67;0;;;;;;;;
-9;0;15;0;;;;;;;;
-42;0;-43;0;;;;;;;;
-100;0;105;0;;;;;;;;
-7;0;-71;0;;;;;;;;
7;0;-92;0;;;;;;;;
-5;0;-13;0;;;;;;;;
5;0;52;0;;;;;;;;
-104;0;-24;0;;;;;;;;
-95;0;-53;0;;;;;;;;
106;0;27;0;;;;;;;;
-55;0;81;0;;;;;;;;
23;0;-100;0;;;;;;;;
76;0;-103;0;;;;;;;;
-66;0;105;0;;;;;;;;
-84;0;4;0;;;;;;;;
-1;0;-72;0;;;;;;;;
81;0;-115;0;;;;;;;;
28;0;16;0;;;;;;;;
-63;0;-8;0;;;;;;;;
46;0;59;0;;;;;;;;
-113;0;10;0;;;;;;;;
11;0;17;0;;;;;;;;
-29;0;-123;0;;;;;;;;
92;0;-11;0;;;;;;;;
-60;0;120;0;;;;;;;;
71;0;-123;0;;;;;;;;
112;0;-89;0;;;;;;;;
2;0;97;0;;;;;;;;
69;0;-27;0;;;;;;;;
-111;0;-42;0;;;;;;;;
-66;0;36;0;;;;;;;;
41;0;-35;0;;;;;;;;
-114;0;15;0;;;;;;;;
69;0;113;0;;;;;;;;
-89;0;-26;0;;;;;;;;
-58;0;-97;0;;;;;;;;
96;0;48;0;;;;;;;;
10;0;87;0;;;;;;;;
-53;0;-11;0;;;;;;;;
47;0;-61;0;;;;;;;;
82;0;23;0;;;;;;;;
108;0;-34;0;;;;;;;;
-30;0;-49;0;;;;;;;;
34;0;-58;0;;;;;;;;
44;0;61;0;;;;;;;;
-8;0;-108;0;;;;;;;;
-28;0;50;0;;;;;;;;
15;0;-56;0;;;;;;;;
14;0;-94;0;;;;;;;;
-26;0;8;0;;;;;;;;
10;0;-51;0;;;;;;;;
-84;0;56;0;;;;;;;;
-102;0;-115;0;;;;;;;;
-56;0;66;0;;;;;;;;
60;0;3;0;;;;;;;;
124;0;-4;0;;;;;;;;
-75;0;-32;0;;;;;;;;
69;0;-110;0;;;;;;;;
-61;0;58;0;;;;;;;;
23;0;-49;0;;;;;;;;
-107;0;-85;0;;;;;;;;
101;0;-12;0;;;;;;;;
4;0;-96;0;;;;;;;;
64;0;-81;0;;;;;;;;
-88;0;38;0;;;;;;;;
89;0;-38;0;;;;;;;;
-63;0;117;0;;;;;;;;
50;0;-118;0;;;;;;;;
-93;0;99;0;;;;;;;;
-46;0;104;0;;;;;;;;
51;0;-71;0;;;;;;;;
27;0;59;0;;;;;;;;
-6;0;117;0;;;;;;;;
72;0;-31;0;;;;;;;;
-119;0;0;0;;;;;;;;
25;0;75;0;;;;;;;;
-29;0;43;0;;;;;;;;
83;0;-44;0;;;;;;;;
58;0;28;0;;;;;;;;
-43;0;-66;0;;;;;;;;
124;0;124;0;;;;;;;;
59;0;-4;0;;;;;;;;
11;0;39;0;;;;;;;;
119;0;-89;0;;;;;;;;
45;0;107;0;;;;;;;;
-21;0;79;0;;;;;;;;
-9;0;-65;0;;;;;;;;
108;0;-78;0;;;;;;;;
-112;0;62;0;;;;;;;;
-97;0;-15;0;;;;;;;;
65;0;85;0;;;;;;;;
19;0;-112;0;;;;;;;;
1;0;80;0;;;;;;;;
113;0;-69;0;;;;;;;;
27;0;-51;0;;;;;;;;
-124;0;-35;0;;;;;;;;
52;0;103;0;;;;;;;;
83;0;-63;0;;;;;;;;
-75;0;67;0;;;;;;;;
-106;0;71;0;;;;;;;;
48;0;64;0;;;;;;;;
-79;0;-87;0;;;;;;;;
98;0;-105;0;;;;;;;;
-46;0;107;0;;;;;;;;
-9;0;-31;0;;;;;;;;
30;0;-28;0;;;;;;;;
53;0;34;0;;;;;;;;
81;0;-81;0;;;;;;;;
-84;0;-14;0;;;;;;;;
76;0;40;0;;;;;;;;
-56;0;39;0;;;;;;;;
53;0;-107;0;;;;;;;;
99;0;-81;0;;;;;;;;
99;0;-118;0;;;;;;;;
-46;0;115;0;;;;;;;;
70;0;36;0;;;;;;;;
122;0;101;0;;;;;;;;
91;0;39;0;;;;;;;;
95;0;-54;0;;;;;;;;
-55;0;-34;0;;;;;;;;
44;0;92;0;;;;;;;;
-109;0;-103;0;;;;;;;;
92;0;-122;0;;;;;;;;
124;0;4;0;;;;;;;;
-52;0;-62;0;;;;;;;;
-123;0;121;0;;;;;;;;
67;0;28;0;;;;;;;;
50;0;-91;0;;;;;;;;
-114;0;-15;0;;;;;;;;
69;0;29;0;;;;;;;;
84;0;-109;0;;;;;;;;
-81;0;-121;0;;;;;;;;
-49;0;39;0;;;;;;;;
-42;0;73;0;;;;;;;;
20;0;-12;0;;;;;;;;
-25;0;-61;0;;;;;;;;
9;0;-72;0;;;;;;;;
80;0;61;0;;;;;;;;
-77;0;-53;0;;;;;;;;
18;0;-7;0;;;;;;;;
1;0;45;0;;;;;;;;
97;0;-53;0;;;;;;;;
22;0;46;0;;;;;;;;
-28;0;34;0;;;;;;;;
-47;0;-115;0;;;;;;;;
105;0;37;0;;;;;;;;
-12;0;-2;0;;;;;;;;
111;0;-67;0;;;;;;;;
-70;0;11;0;;;;;;;;
46;0;70;0;;;;;;;;
-13;0;53;0;;;;;;;;
-121;0;62;0;;;;;;;;
96;0;6;0;;;;;;;;
57;0;65;0;;;;;;;;
-30;0;14;0;;;;;;;;
-97;0;3;0;;;;;;;;
31;0;-104;0;;;;;;;;
-72;0;-27;0;;;;;;;;
-106;0;104;0;;;;;;;;
-31;0;-86;0;;;;;;;;
-97;0;13;0;;;;;;;;
-88;0;55;0;;;;;;;;
-91;0;-103;0;;;;;;;;
62;0;-125;0;;;;;;;;
-89;0;-46;0;;;;;;;;
109;0;60;0;;;;;;;;
-61;0;58;0;;;;;;;;
20;0;59;0;;;;;;;;
82;0;-35;0;;;;;;;;
84;0;59;0;;;;;;;;
122;0;97;0;;;;;;;;
9;0;99;0;;;;;;;;
25;0;13;0;;;;;;;;
-32;0;2;0;;;;;;;;
123;0;116;0;;;;;;;;
-33;0;-43;0;;;;;;;;
7;0;-16;0;;;;;;;;
33;0;-34;0;;;;;;;;
115;0;111;0;;;;;;;;
107;0;-101;0;;;;;;;;
100;0;-43;0;;;;;;;;
-37;0;-66;0;;;;;;;;
-7;0;-51;0;;;;;;;;
-43;0;-109;0;;;;;;;;
-34;0;10;0;;;;;;;;
-54;0;-107;0;;;;;;;;
111;0;-37;0;;;;;;;;
125;0;53;0;;;;;;;;
118;0;103;0;;;;;;;;
33;0;53;0;;;;;;;;
30;0;113;0;;;;;;;;
101;0;45;0;;;;;;;;
-15;0;-41;0;;;;;;;;
20;0;-28;0;;;;;;;;
-56;0;11;0;;;;;;;;
-73;0;113;0;;;;;;;;
103;0;-7;0;;;;;;;;
-35;0;112;0;;;;;;;;
9;0;66;0;;;;;;;;
28;0;3;0;;;;;;;;
-60;0;2;0;;;;;;;;
-45;0;34;0;;;;;;;;
23;0;-69;0;;;;;;;;
10;0;-31;0;;;;;;;;
39;0;102;0;;;;;;;;
27;0;59;0;;;;;;;;
-69;0;17;0;;;;;;;;
-28;0;-116;0;;;;;;;;
-81;0;-60;0;;;;;;;;
-53;0;-8;0;;;;;;;;
24;0;38;0;;;;;;;;
-49;0;-59;0;;;;;;;;
-4;0;74;0;;;;;;;;
-94;0;58;0;;;;;;;;
120;0;-80;0;;;;;;;;
85;0;-88;0;;;;;;;;
-22;0;-21;0;;;;;;;;
-52;0;74;0;;;;;;;;
98;0;-4;0;;;;;;;;
28;0;-11;0;;;;;;;;
41;0;-94;0;;;;;;;;
-77;0;-28;0;;;;;;;;
-116;0;33;0;;;;;;;;
-77;0;-20;0;;;;;;;;
-22;0;-108;0;;;;;;;;
100;0;-16;0;;;;;;;;
7;0;45;0;;;;;;;;
-76;0;-114;0;;;;;;;;
47;0;-44;0;;;;;;;;
44;0;116;0;;;;;;;;
-114;0;8;0;;;;;;;;
34;0;101;0;;;;;;;;
-43;0;-71;0;;;;;;;;
-95;0;-83;0;;;;;;;;
125;0;-123;0;;;;;;;;
53;0;-82;0;;;;;;;;
-44;0;-32;0;;;;;;;;
-121;0;-40;0;;;;;;;;
1;0;-92;0;;;;;;;;
59;0;13;0;;;;;;;;
55;0;64;0;;;;;;;;
-67;0;118;0;;;;;;;;
-118;0;61;0;;;;;;;;
-117;0;39;0;;;;;;;;
-93;0;-74;0;;;;;;;;
108;0;-42;0;;;;;;;;
-52;0;17;0;;;;;;;;
-106;0;-14;0;;;;;;;;
54;0;-31;0;;;;;;;;
-54;0;-25;0;;;;;;;;
-6;0;-14;0;;;;;;;;
93;0;22;0;;;;;;;;
-73;0;-6;0;;;;;;;;
36;0;-49;0;;;;;;;;
-84;0;-23;0;;;;;;;;
13;0;16;0;;;;;;;;
-27;0;58;0;;;;;;;;
29;0;119;0;;;;;;;;
27;0;-20;0;;;;;;;;
70;0;-30;0;;;;;;;;
81;0;-106;0;;;;;;;;
69;0;97;0;;;;;;;;
7;0;29;0;;;;;;;;
52;0;98;0;;;;;;;;
123;0;-45;0;;;;;;;;
109;0;81;0;;;;;;;;
-84;0;55;0;;;;;;;;
-53;0;-65;0;;;;;;;;
30;0;-36;0;;;;;;;;
-53;0;-91;0;;;;;;;;
116;0;-52;0;;;;;;;;
-1;0;54;0;;;;;;;;
84;0;57;0;;;;;;;;
-77;0;-64;0;;;;;;;;
-66;0;101;0;;;;;;;;
45;0;44;0;;;;;;;;
124;0;-78;0;;;;;;;;
50;0;38;0;;;;;;;;
112;0;37;0;;;;;;;;
84;0;-52;0;;;;;;;;
-111;0;-28;0;;;;;;;;
17;0;73;0;;;;;;;;
-2;0;4;0;;;;;;;;
-15;0;-29;0;;;;;;;;
22;0;113;0;;;;;;;;
97;0;87;0;;;;;;;;
-21;0;37;0;;;;;;;;
1;0;-32;0;;;;;;;;
36;0;110;0;;;;;;;;
84;0;31;0;;;;;;;;
39;0;56;0;;;;;;;;
-13;0;115;0;;;;;;;;
-3;0;118;0;;;;;;;;
93;0;-102;0;;;;;;;;
-65;0;-96;0;;;;;;;;
-35;0;-80;0;;;;;;;;
122;0;-52;0;;;;;;;;
41;0;94;0;;;;;;;;
-18;0;-56;0;;;;;;;;
62;0;-121;0;;;;;;;;
57;0;-42;0;;;;;;;;
-70;0;-56;0;;;;;;;;
113;0;67;0;;;;;;;;
112;0;-57;0;;;;;;;;
3;0;106;0;;;;;;;;
11;0;-81;0;;;;;;;;
-48;0;24;0;;;;;;;;
-67;0;-30;0;;;;;;;;
9;0;-105;0;;;;;;;;
60;0;58;0;;;;;;;;
112;0;-87;0;;;;;;;;
-103;0;-86;0;;;;;;;;
90;0;36;0;;;;;;;;
121;0;66;0;;;;;;;;
51;0;112;0;;;;;;;;
87;0;-38;0;;;;;;;;
15;0;93;0;;;;;;;;
-27;0;103;0;;;;;;;;
108;0;-10;0;;;;;;;;
73;0;-92;0;;;;;;;;
-94;0;-99;0;;;;;;;;
78;0;50;0;;;;;;;;
-32;0;68;0;;;;;;;;
81;0;54;0;;;;;;;;
79;0;32;0;;;;;;;;
-102;0;123;0;;;;;;;;
-84;0;-86;0;;;;;;;;
53;0;-61;0;;;;;;;;
46;0;-39;0;;;;;;;;
59;0;25;0;;;;;;;;
-112;0;98;0;;;;;;;;
-26;0;84;0;;;;;;;;
55;0;-120;0;;;;;;;;
121;0;72;0;;;;;;;;
101;0;93;0;;;;;;;;
30;0;-41;0;;;;;;;;
-106;0;85;0;;;;;;;;
-5;0;-79;0;;;;;;;;
-124;0;94;0;;;;;;;;
33;0;-49;0;;;;;;;;
-103;0;-23;0;;;;;;;;
60;0;-108;0;;;;;;;;
76;0;5;0;;;;;;;;
110;0;70;0;;;;;;;;
-4;0;82;0;;;;;;;;
-33;0;46;0;;;;;;;;
-92;0;-91;0;;;;;;;;
-2;0;73;0;;;;;;;;
51;0;-99;0;;;;;;;;
-85;0;23;0;;;;;;;;
-8;0;-71;0;;;;;;;;
93;0;-98;0;;;;;;;;
105;0;-42;0;;;;;;;;
14;0;115;0;;;;;;;;
68;0;-115;0;;;;;;;;
32;0;73;0;;;;;;;;
-125;0;-91;0;;;;;;;;
-74;0;35;0;;;;;;;;
-123;0;124;0;;;;;;;;
0;0;118;0;;;;;;;;
14;0;38;0;;;;;;;;
66;0;26;0;;;;;;;;
-39;0;-41;0;;;;;;;;
42;0;-44;0;;;;;;;;
109;0;87;0;;;;;;;;
-85;0;-109;0;;;;;;;;
-52;0;107;0;;;;;;;;
-49;0;-20;0;;;;;;;;
27;0;80;0;;;;;;;;
-106;0;-107;0;;;;;;;;
96;0;119;0;;;;;;;;
109;0;43;0;;;;;;;;
-110;0;-16;0;;;;;;;;
-20;0;10;0;;;;;;;;
61;0;-90;0;;;;;;;;
-123;0;54;0;;;;;;;;
9;0;-97;0;;;;;;;;
39;0;18;0;;;;;;;;
-26;0;-119;0;;;;;;;;
89;0;-103;0;;;;;;;;
-58;0;-9;0;;;;;;;;
-39;0;81;0;;;;;;;;
-96;0;-117;0;;;;;;;;
38;0;-103;0;;;;;;;;
97;0;-81;0;;;;;;;;
41;0;-66;0;;;;;;;;
123;0;-109;0;;;;;;;;
-62;0;-5;0;;;;;;;;
106;0;26;0;;;;;;;;
86;0;-97;0;;;;;;;;
4;0;-67;0;;;;;;;;
50;0;-98;0;;;;;;;;
-25;0;-47;0;;;;;;;;
92;0;-22;0;;;;;;;;
7;0;-15;0;;;;;;;;
-34;0;-122;0;;;;;;;;
-111;0;-118;0;;;;;;;;
0;0;-80;0;;;;;;;;
-19;0;-80;0;;;;;;;;
-13;0;-98;0;;;;;;;;
-43;0;68;0;;;;;;;;
-42;0;-111;0;;;;;;;;
86;0;-66;0;;;;;;;;
96;0;-9;0;;;;;;;;
-15;0;24;0;;;;;;;;
-18;0;-19;0;;;;;;;;
112;0;-35;0;;;;;;;;
-79;0;114;0;;;;;;;;
-97;0;-52;0;;;;;;;;
-67;0;75;0;;;;;;;;
-16;0;-7;0;;;;;;;;
97;0;109;0;;;;;;;;
-22;0;-11;0;;;;;;;;
45;0;-65;0;;;;;;;;
44;0;12;0;;;;;;;;
100;0;-49;0;;;;;;;;
-105;0;25;0;;;;;;;;
74;0;-1;0;;;;;;;;
-117;0;13;0;;;;;;;;
-120;0;28;0;;;;;;;;
-124;0;-107;0;;;;;;;;
58;0;-71;0;;;;;;;;
119;0;-117;0;;;;;;;;
-73;0;-98;0;;;;;;;;
-10;0;-35;0;;;;;;;;
-4;0;70;0;;;;;;;;
82;0;121;0;;;;;;;;
9;0;-71;0;;;;;;;;
71;0;107;0;;;;;;;;
43;0;52;0;;;;;;;;
66;0;-4;0;;;;;;;;
-116;0;-124;0;;;;;;;;
119;0;-68;0;;;;;;;;
-51;0;120;0;;;;;;;;
-111;0;-44;0;;;;;;;;
-125;0;34;0;;;;;;;;
-106;0;65;0;;;;;;;;
46;0;-34;0;;;;;;;;
19;0;106;0;;;;;;;;
69;0;-115;0;;;;;;;;
-64;0;10;0;;;;;;;;
71;0;25;0;;;;;;;;
122;0;22;0;;;;;;;;
-60;0;-110;0;;;;;;;;
-101;0;-42;0;;;;;;;;
-24;0;35;0;;;;;;;;
-64;0;118;0;;;;;;;;
20;0;78;0;;;;;;;;
49;0;89;0;;;;;;;;
111;0;-122;0;;;;;;;;
-28;0;-86;0;;;;;;;;
-100;0;-47;0;;;;;;;;
30;0;-56;0;;;;;;;;
-56;0;64;0;;;;;;;;
-4;0;10;0;;;;;;;;
84;0;-6;0;;;;;;;;
95;0;-6;0;;;;;;;;
95;0;1;0;;;;;;;;
71;0;33;0;;;;;;;;
96;0;51;0;;;;;;;;
27;0;-28;0;;;;;;;;
97;0;-79;0;;;;;;;;
5;0;12;0;;;;;;;;
50;0;78;0;;;;;;;;
-90;0;-19;0;;;;;;;;
58;0;80;0;;;;;;;;
-43;0;-99;0;;;;;;;;
1;0;57;0;;;;;;;;
-27;0;-27;0;;;;;;;;
-81;0;-108;0;;;;;;;;
-3;0;-98;0;;;;;;;;
-74;0;-12;0;;;;;;;;
-11;0;-48;0;;;;;;;;
-95;0;98;0;;;;;;;;
74;0;102;0;;;;;;;;
-110;0;-38;0;;;;;;;;
39;0;-58;0;;;;;;;;
125;0;-22;0;;;;;;;;
30;0;36;0;;;;;;;;
-124;0;59;0;;;;;;;;
33;0;34;0;;;;;;;;
-41;0;3;0;;;;;;;;
-119;0;16;0;;;;;;;;
32;0;10;0;;;;;;;;
-112;0;45;0;;;;;;;;
77;0;-31;0;;;;;;;;
-77;0;-17;0;;;;;;;;
81;0;-122;0;;;;;;;;
59;0;124;0;;;;;;;;
-42;0;-22;0;;;;;;;;
-6;0;49;0;;;;;;;;
-35;0;21;0;;;;;;;;
-21;0;82;0;;;;;;;;
-47;0;-97;0;;;;;;;;
-125;0;49;0;;;;;;;;
-20;0;21;0;;;;;;;;
12;0;-44;0;;;;;;;;
-58;0;-35;0;;;;;;;;
-28;0;-73;0;;;;;;;;
-17;0;12;0;;;;;;;;
-81;0;102;0;;;;;;;;
30;0;20;0;;;;;;;;
-64;0;-22;0;;;;;;;;
-103;0;122;0;;;;;;;;
-62;0;73;0;;;;;;;;
-48;0;-37;0;;;;;;;;
-50;0;96;0;;;;;;;;
61;0;-96;0;;;;;;;;
67;0;27;0;;;;;;;;
112;0;17;0;;;;;;;;
52;0;-118;0;;;;;;;;
32;0;-114;0;;;;;;;;
-122;0;0;0;;;;;;;;
-25;0;-39;0;;;;;;;;
-91;0;7;0;;;;;;;;
-3;0;110;0;;;;;;;;
-6;0;46;0;;;;;;;;
-34;0;-67;0;;;;;;;;
79;0;-94;0;;;;;;;;
53;0;-39;0;;;;;;;;
47;0;80;0;;;;;;;;
-97;0;-117;0;;;;;;;;
73;0;67;0;;;;;;;;
57;0;-10;0;;;;;;;;
-10;0;-96;0;;;;;;;;
107;0;-117;0;;;;;;;;
125;0;46;0;;;;;;;;
-22;0;20;0;;;;;;;;
21;0;23;0;;;;;;;;
81;0;17;0;;;;;;;;
115;0;100;0;;;;;;;;
-8;0;11;0;;;;;;;;
-92;0;-125;0;;;;;;;;
105;0;-53;0;;;;;;;;
-83;0;-24;0;;;;;;;;
21;0;62;0;;;;;;;;
90;0;23;0;;;;;;;;
-90;0;75;0;;;;;;;;
121;0;90;0;;;;;;;;
61;0;-66;0;;;;;;;;
-24;0;-34;0;;;;;;;;
27;0;120;0;;;;;;;;
13;0;-71;0;;;;;;;;
-2;0;-121;0;;;;;;;;
-71;0;109;0;;;;;;;;
-76;0;8;0;;;;;;;;
-106;0;-13;0;;;;;;;;
-13;0;50;0;;;;;;;;
20;0;69;0;;;;;;;;
-52;0;-27;0;;;;;;;;
20;0;88;0;;;;;;;;
105;0;121;0;;;;;;;;
88;0;96;0;;;;;;;;
-34;0;-48;0;;;;;;;;
125;0;67;0;;;;;;;;
-3;0;-10;0;;;;;;;;
40;0;-25;0;;;;;;;;
-9;0;121;0;;;;;;;;
-53;0;74;0;;;;;;;;
115;0;-41;0;;;;;;;;
-62;0;109;0;;;;;;;;
-32;0;28;0;;;;;;;;
102;0;-85;0;;;;;;;;
-51;0;-23;0;;;;;;;;
-55;0;-92;0;;;;;;;;
14;0;22;0;;;;;;;;
28;0;-13;0;;;;;;;;
-75;0;-92;0;;;;;;;;
40;0;69;0;;;;;;;;
-23;0;52;0;;;;;;;;
121;0;35;0;;;;;;;;
-52;0;85;0;;;;;;;;
-28;0;94;0;;;;;;;;
1;0;0;0;;;;;;;;
23;0;104;0;;;;;;;;
40;0;51;0;;;;;;;;
103;0;49;0;;;;;;;;
-83;0;-93;0;;;;;;;;
-13;0;-36;0;;;;;;;;
124;0;79;0;;;;;;;;
32;0;8;0;;;;;;;;
-95;0;25;0;;;;;;;;
55;0;27;0;;;;;;;;
-98;0;-9;0;;;;;;;;
28;0;-3;0;;;;;;;;
94;0;89;0;;;;;;;;
-114;0;33;0;;;;;;;;
88;0;40;0;;;;;;;;
-78;0;-123;0;;;;;;;;
-66;0;12;0;;;;;;;;
-34;0;46;0;;;;;;;;
-30;0;116;0;;;;;;;;
-12;0;48;0;;;;;;;;
30;0;-60;0;;;;;;;;
-110;0;120;0;;;;;;;;
-68;0;-56;0;;;;;;;;
-16;0;-104;0;;;;;;;;
-106;0;-23;0;;;;;;;;
10;0;-44;0;;;;;;;;
26;0;5;0;;;;;;;;
119;0;-4;0;;;;;;;;
86;0;-68;0;;;;;;;;
-20;0;79;0;;;;;;;;
-55;0;-19;0;;;;;;;;
-53;0;-88;0;;;;;;;;
81;0;37;0;;;;;;;;
65;0;-124;0;;;;;;;;
-44;0;-98;0;;;;;;;;
118;0;98;0;;;;;;;;
118;0;95;0;;;;;;;;
83;0;75;0;;;;;;;;
-44;0;23;0;;;;;;;;
74;0;-41;0;;;;;;;;
124;0;12;0;;;;;;;;
83;0;-9;0;;;;;;;;
-66;0;-116;0;;;;;;;;
-108;0;71;0;;;;;;;;
52;0;100;0;;;;;;;;
67;0;89;0;;;;;;;;
-2;0;69;0;;;;;;;;
-103;0;22;0;;;;;;;;
12;0;102;0;;;;;;;;
80;0;0;0;;;;;;;;
20;0;109;0;;;;;;;;
-107;0;14;0;;;;;;;;
-54;0;44;0;;;;;;;;
-119;0;83;0;;;;;;;;
76;0;92;0;;;;;;;;
-114;0;-49;0;;;;;;;;
100;0;-119;0;;;;;;;;
-92;0;-9;0;;;;;;;;
-57;0;-113;0;;;;;;;;
-79;0;76;0;;;;;;;;
48;0;-5;0;;;;;;;;
-75;0;61;0;;;;;;;;
103;0;3;0;;;;;;;;
-15;0;107;0;;;;;;;;
-77;0;-77;0;;;;;;;;
-31;0;-65;0;;;;;;;;
95;0;87;0;;;;;;;;
22;0;-61;0;;;;;;;;
28;0;-37;0;;;;;;;;
-65;0;-74;0;;;;;;;;
-47;0;64;0;;;;;;;;
56;0;53;0;;;;;;;;
71;0;-117;0;;;;;;;;
-96;0;4;0;;;;;;;;
-67;0;72;0;;;;;;;;
100;0;82;0;;;;;;;;
-38;0;108;0;;;;;;;;
-31;0;-114;0;;;;;;;;
-6;0;73;0;;;;;;;;
-55;0;75;0;;;;;;;;
-112;0;-37;0;;;;;;;;
-101;0;-69;0;;;;;;;;
63;0;-24;0;;;;;;;;
113;0;48;0;;;;;;;;
-111;0;-106;0;;;;;;;;
115;0;4;0;;;;;;;;
-65;0;103;0;;;;;;;;
90;0;-81;0;;;;;;;;
41;0;1;0;;;;;;;;
-9;0;31;0;;;;;;;;
16;0;-34;0;;;;;;;;
-39;0;-52;0;;;;;;;;
-58;0;-125;0;;;;;;;;
76;0;-17;0;;;;;;;;
-63;0;91;0;;;;;;;;
-100;0;83;0;;;;;;;;
-1;0;119;0;;;;;;;;
-39;0;15;0;;;;;;;;
90;0;-7;0;;;;;;;;
-116;0;-112;0;;;;;;;;
60;0;-11;0;;;;;;;;
-96;0;-18;0;;;;;;;;
-18;0;95;0;;;;;;;;
-107;0;-38;0;;;;;;;;
-72;0;105;0;;;;;;;;
1;0;118;0;;;;;;;;
17;0;-11;0;;;;;;;;
-112;0;31;0;;;;;;;;
-88;0;85;0;;;;;;;;
-49;0;-83;0;;;;;;;;
95;0;57;0;;;;;;;;
91;0;24;0;;;;;;;;
9;0;-59;0;;;;;;;;
-43;0;-87;0;;;;;;;;
57;0;77;0;;;;;;;;
-62;0;37;0;;;;;;;;
-69;0;-86;0;;;;;;;;
-16;0;-86;0;;;;;;;;
-54;0;-11;0;;;;;;;;
-49;0;27;0;;;;;;;;
86;0;-2;0;;;;;;;;
7;0;14;0;;;;;;;;
24;0;38;0;;;;;;;;
34;0;-65;0;;;;;;;;
-1;0;-66;0;;;;;;;;
74;0;-119;0;;;;;;;;
111;0;-49;0;;;;;;;;
-100;0;77;0;;;;;;;;
-110;0;35;0;;;;;;;;
71;0;-57;0;;;;;;;;
-113;0;-20;0;;;;;;;;
-36;0;-35;0;;;;;;;;
-111;0;109;0;;;;;;;;
36;0;-61;0;;;;;;;;
125;0;-114;0;;;;;;;;
-17;0;-101;0;;;;;;;;
-46;0;-108;0;;;;;;;;
79;0;-84;0;;;;;;;;
-120;0;-120;0;;;;;;;;
-58;0;85;0;;;;;;;;
-61;0;40;0;;;;;;;;
-125;0;-82;0;;;;;;;;
118;0;-7;0;;;;;;;;
95;0;59;0;;;;;;;;
-124;0;-40;0;;;;;;;;
87;0;-10;0;;;;;;;;
-28;0;16;0;;;;;;;;
105;0;12;0;;;;;;;;
112;0;-119;0;;;;;;;;
-22;0;-38;0;;;;;;;;
-40;0;-69;0;;;;;;;;
-77;0;-115;0;;;;;;;;
-29;0;95;0;;;;;;;;
-107;0;-122;0;;;;;;;;
13;0;-52;0;;;;;;;;
51;0;-105;0;;;;;;;;
88;0;-52;0;;;;;;;;
-14;0;-10;0;;;;;;;;
-66;0;27;0;;;;;;;;
94;0;101;0;;;;;;;;
65;0;118;0;;;;;;;;
-80;0;28;0;;;;;;;;
-15;0;-4;0;;;;;;;;
-124;0;6;0;;;;;;;;
92;0;82;0;;;;;;;;
40;0;-63;0;;;;;;;;
46;0;56;0;;;;;;;;
74;0;88;0;;;;;;;;
74;0;114;0;;;;;;;;
-65;0;32;0;;;;;;;;
-107;0;-37;0;;;;;;;;
-71;0;-60;0;;;;;;;;
-112;0;-72;0;;;;;;;;
11;0;-47;0;;;;;;;;
42;0;90;0;;;;;;;;
4;0;11;0;;;;;;;;
3;0;49;0;;;;;;;;
-23;0;105;0;;;;;;;;
-73;0;60;0;;;;;;;;
43;0;-26;0;;;;;;;;
-98;0;22;0;;;;;;;;
26;0;-85;0;;;;;;;;
63;0;11;0;;;;;;;;
-64;0;120;0;;;;;;;;
107;0;-38;0;;;;;;;;
14;0;58;0;;;;;;;;
-100;0;-23;0;;;;;;;;
-25;0;118;0;;;;;;;;
-44;0;-121;0;;;;;;;;
2;0;55;0;;;;;;;;
-112;0;111;0;;;;;;;;
17;0;-46;0;;;;;;;;
113;0;-65;0;;;;;;;;
-62;0;-44;0;;;;;;;;
41;0;-98;0;;;;;;;;
-31;0;103;0;;;;;;;;
52;0;-14;0;;;;;;;;
-102;0;68;0;;;;;;;;
19;0;45;0;;;;;;;;
83;0;-93;0;;;;;;;;
-93;0;-26;0;;;;;;;;
70;0;-18;0;;;;;;;;
-104;0;111;0;;;;;;;;
49;0;-110;0;;;;;;;;
-97;0;22;0;;;;;;;;
-65;0;78;0;;;;;;;;
-37;0;-28;0;;;;;;;;
117;0;123;0;;;;;;;;
62;0;-36;0;;;;;;;;
27;0;-120;0;;;;;;;;
-123;0;-20;0;;;;;;;;
46;0;1;0;;;;;;;;
-51;0;108;0;;;;;;;;
118;0;1;0;;;;;;;;
-66;0;73;0;;;;;;;;
61;0;46;0;;;;;;;;
-20;0;-75;0;;;;;;;;
-14;0;-111;0;;;;;;;;
109;0;110;0;;;;;;;;
67;0;-68;0;;;;;;;;
-34;0;106;0;;;;;;;;
-37;0;-106;0;;;;;;;;
-37;0;11;0;;;;;;;;
120;0;-14;0;;;;;;;;
-80;0;119;0;;;;;;;;
83;0;73;0;;;;;;;;
83;0;17;0;;;;;;;;
-104;0;72;0;;;;;;;;
85;0;-14;0;;;;;;;;
87;0;89;0;;;;;;;;
27;0;-84;0;;;;;;;;
2;0;-45;0;;;;;;;;
-101;0;61;0;;;;;;;;
61;0;-64;0;;;;;;;;
102;0;-26;0;;;;;;;;
62;0;61;0;;;;;;;;
117;0;-86;0;;;;;;;;
1;0;103;0;;;;;;;;
75;0;-81;0;;;;;;;;
1;0;-32;0;;;;;;;;
-82;0;-41;0;;;;;;;;
-18;0;-2;0;;;;;;;;
-87;0;-31;0;;;;;;;;
22;0;64;0;;;;;;;;
-65;0;-5;0;;;;;;;;
55;0;42;0;;;;;;;;
-83;0;-66;0;;;;;;;;
-124;0;-85;0;;;;;;;;
81;0;-10;0;;;;;;;;
87;0;-124;0;;;;;;;;
-13;0;120;0;;;;;;;;
38;0;-35;0;;;;;;;;
98;0;109;0;;;;;;;;
-18;0;-44;0;;;;;;;;
89;0;-93;0;;;;;;;;
99;0;-3;0;;;;;;;;
74;0;-21;0;;;;;;;;
-89;0;-120;0;;;;;;;;
-27;0;117;0;;;;;;;;
-115;0;18;0;;;;;;;;
-57;0;67;0;;;;;;;;
-31;0;-54;0;;;;;;;;
125;0;0;0;;;;;;;;
-23;0;-122;0;;;;;;;;
-2;0;-66;0;;;;;;;;
-60;0;-111;0;;;;;;;;
-113;0;-22;0;;;;;;;;
-57;0;-39;0;;;;;;;;
-105;0;61;0;;;;;;;;
117;0;-94;0;;;;;;;;
103;0;-117;0;;;;;;;;
40;0;35;0;;;;;;;;
-38;0;-48;0;;;;;;;;
-107;0;13;0;;;;;;;;
47;0;-115;0;;;;;;;;
-94;0;-97;0;;;;;;;;
40;0;-13;0;;;;;;;;
25;0;112;0;;;;;;;;
-20;0;-55;0;;;;;;;;
98;0;-60;0;;;;;;;;
-10;0;-11;0;;;;;;;;
73;0;44;0;;;;;;;;
-46;0;-87;0;;;;;;;;
96;0;104;0;;;;;;;;
-103;0;44;0;;;;;;;;
123;0;-91;0;;;;;;;;
35;0;-18;0;;;;;;;;
25;0;91;0;;;;;;;;
-30;0;37;0;;;;;;;;
-10;0;40;0;;;;;;;;
113;0;44;0;;;;;;;;
65;0;-22;0;;;;;;;;
-60;0;9;0;;;;;;;;
12;0;86;0;;;;;;;;
41;0;-82;0;;;;;;;;
75;0;-6;0;;;;;;;;
115;0;-6;0;;;;;;;;
84;0;-113;0;;;;;;;;
-43;0;-119;0;;;;;;;;
70;0;21;0;;;;;;;;
-101;0;-54;0;;;;;;;;
-82;0;105;0;;;;;;;;
-46;0;-39;0;;;;;;;;
-26;0;71;0;;;;;;;;
-74;0;-2;0;;;;;;;;
-50;0;87;0;;;;;;;;
-21;0;120;0;;;;;;;;
104;0;19;0;;;;;;;;
-11;0;50;0;;;;;;;;
85;0;-112;0;;;;;;;;
68;0;64;0;;;;;;;;
27;0;-120;0;;;;;;;;
-60;0;-38;0;;;;;;;;
118;0;-39;0;;;;;;;;
-50;0;114;0;;;;;;;;
-16;0;-40;0;;;;;;;;
112;0;-110;0;;;;;;;;
71;0;68;0;;;;;;;;
-49;0;90;0;;;;;;;;
-49;0;-74;0;;;;;;;;
38;0;27;0;;;;;;;;
-114;0;100;0;;;;;;;;
-107;0;-13;0;;;;;;;;
-100;0;67;0;;;;;;;;
15;0;-77;0;;;;;;;;
92;0;21;0;;;;;;;;
-121;0;-21;0;;;;;;;;
-51;0;-35;0;;;;;;;;
-7;0;93;0;;;;;;;;
-16;0;30;0;;;;;;;;
98;0;94;0;;;;;;;;
-67;0;72;0;;;;;;;;
-97;0;-39;0;;;;;;;;
28;0;-77;0;;;;;;;;
0;0;-17;0;;;;;;;;
-42;0;0;0;;;;;;;;
-53;0;-51;0;;;;;;;;
41;0;29;0;;;;;;;;
-97;0;57;0;;;;;;;;
-86;0;113;0;;;;;;;;
58;0;-112;0;;;;;;;;
-43;0;31;0;;;;;;;;
-76;0;58;0;;;;;;;;
-10;0;-58;0;;;;;;;;
-104;0;-30;0;;;;;;;;
43;0;-41;0;;;;;;;;
95;0;12;0;;;;;;;;
-58;0;-73;0;;;;;;;;
-86;0;-111;0;;;;;;;;
9;0;-77;0;;;;;;;;
68;0;-37;0;;;;;;;;
98;0;88;0;;;;;;;;
-45;0;42;0;;;;;;;;
115;0;7;0;;;;;;;;
23;0;-112;0;;;;;;;;
41;0;-12;0;;;;;;;;
-18;0;120;0;;;;;;;;
58;0;-31;0;;;;;;;;
75;0;-21;0;;;;;;;;
10;0;-41;0;;;;;;;;
-66;0;95;0;;;;;;;;
87;0;43;0;;;;;;;;
-116;0;-58;0;;;;;;;;
1;0;49;0;;;;;;;;
39;0;-29;0;;;;;;;;
71;0;53;0;;;;;;;;
28;0;-17;0;;;;;;;;
-88;0;111;0;;;;;;;;
93;0;11;0;;;;;;;;
103;0;-59;0;;;;;;;;
-64;0;-103;0;;;;;;;;
-86;0;7;0;;;;;;;;
28;0;-14;0;;;;;;;;
94;0;113;0;;;;;;;;
73;0;63;0;;;;;;;;
56;0;-101;0;;;;;;;;
125;0;-19;0;;;;;;;;
12;0;2;0;;;;;;;;
125;0;55;0;;;;;;;;
-83;0;94;0;;;;;;;;
86;0;-36;0;;;;;;;;
97;0;36;0;;;;;;;;
12;0;59;0;;;;;;;;
-51;0;86;0;;;;;;;;
-117;0;44;0;;;;;;;;
111;0;-53;0;;;;;;;;
80;0;91;0;;;;;;;;
121;0;78;0;;;;;;;;
34;0;89;0;;;;;;;;
64;0;108;0;;;;;;;;
-58;0;19;0;;;;;;;;
101;0;106;0;;;;;;;;
64;0;22;0;;;;;;;;
2;0;-48;0;;;;;;;;
16;0;62;0;;;;;;;;
59;0;62;0;;;;;;;;
-100;0;8;0;;;;;;;;
-20;0;58;0;;;;;;;;
120;0;75;0;;;;;;;;
84;0;14;0;;;;;;;;
54;0;46;0;;;;;;;;
-76;0;-48;0;;;;;;;;
105;0;79;0;;;;;;;;
125;0;114;0;;;;;;;;
-105;0;61;0;;;;;;;;
-124;0;122;0;;;;;;;;
-111;0;14;0;;;;;;;;
63;0;65;0;;;;;;;;
-48;0;112;0;;;;;;;;
-21;0;1;0;;;;;;;;
-55;0;38;0;;;;;;;;
24;0;90;0;;;;;;;;
-44;0;-56;0;;;;;;;;
95;0;-83;0;;;;;;;;
-43;0;-61;0;;;;;;;;
-6;0;-32;0;;;;;;;;
-72;0;-27;0;;;;;;;;
101;0;-44;0;;;;;;;;
30;0;-54;0;;;;;;;;
-123;0;54;0;;;;;;;;
-87;0;30;0;;;;;;;;
42;0;36;0;;;;;;;;
9;0;-78;0;;;;;;;;
-61;0;-82;0;;;;;;;;
-26;0;-48;0;;;;;;;;
66;0;-14;0;;;;;;;;
101;0;65;0;;;;;;;;
73;0;-46;0;;;;;;;;
-62;0;-42;0;;;;;;;;
21;0;11;0;;;;;;;;
-50;0;-93;0;;;;;;;;
95;0;13;0;;;;;;;;
-58;0;37;0;;;;;;;;
-107;0;77;0;;;;;;;;
11;0;63;0;;;;;;;;
59;0;-68;0;;;;;;;;
50;0;-8;0;;;;;;;;
-9;0;93;0;;;;;;;;
-55;0;115;0;;;;;;;;
111;0;13;0;;;;;;;;
-61;0;-72;0;;;;;;;;
-6;0;-7;0;;;;;;;;
-101;0;20;0;;;;;;;;
17;0;101;0;;;;;;;;
72;0;-76;0;;;;;;;;
-77;0;96;0;;;;;;;;
110;0;95;0;;;;;;;;
-62;0;90;0;;;;;;;;
-19;0;83;0;;;;;;;;
14;0;31;0;;;;;;;;
-119;0;114;0;;;;;;;;
-29;0;-100;0;;;;;;;;
-86;0;85;0;;;;;;;;
-111;0;-36;0;;;;;;;;
33;0;-13;0;;;;;;;;
-33;0;-119;0;;;;;;;;
-96;0;-65;0;;;;;;;;
0;0;71;0;;;;;;;;
56;0;94;0;;;;;;;;
-75;0;101;0;;;;;;;;
-125;0;90;0;;;;;;;;
18;0;15;0;;;;;;;;
110;0;84;0;;;;;;;;
-61;0;50;0;;;;;;;;
58;0;22;0;;;;;;;;
75;0;-45;0;;;;;;;;
-89;0;-76;0;;;;;;;;
-7;0;113;0;;;;;;;;
0;0;-48;0;;;;;;;;
-43;0;-116;0;;;;;;;;
-4;0;-84;0;;;;;;;;
-85;0;36;0;;;;;;;;
-4;0;-32;0;;;;;;;;
101;0;-95;0;;;;;;;;
92;0;-100;0;;;;;;;;
71;0;97;0;;;;;;;;
-89;0;-78;0;;;;;;;;
-32;0;94;0;;;;;;;;
108;0;-67;0;;;;;;;;
106;0;-71;0;;;;;;;;
58;0;25;0;;;;;;;;
-80;0;-113;0;;;;;;;;
40;0;-46;0;;;;;;;;
5;0;94;0;;;;;;;;
-113;0;-3;0;;;;;;;;
-115;0;-54;0;;;;;;;;
43;0;-48;0;;;;;;;;
-123;0;6;0;;;;;;;;
119;0;-67;0;;;;;;;;
0;0;-60;0;;;;;;;;
58;0;-8;0;;;;;;;;
31;0;-45;0;;;;;;;;
5;0;51;0;;;;;;;;
78;0;20;0;;;;;;;;
-76;0;-61;0;;;;;;;;
-22;0;111;0;;;;;;;;
-58;0;77;0;;;;;;;;
91;0;19;0;;;;;;;;
-1;0;-117;0;;;;;;;;
98;0;-89;0;;;;;;;;
-69;0;22;0;;;;;;;;
-50;0;103;0;;;;;;;;
-7;0;35;0;;;;;;;;
47;0;125;0;;;;;;;;
-3;0;-114;0;;;;;;;;
37;0;112;0;;;;;;;;
-13;0;28;0;;;;;;;;
47;0;-103;0;;;;;;;;
72;0;-119;0;;;;;;;;
-82;0;-54;0;;;;;;;;
-15;0;-83;0;;;;;;;;
-61;0;-101;0;;;;;;;;
-116;0;17;0;;;;;;;;
-85;0;107;0;;;;;;;;
-100;0;111;0;;;;;;;;
-108;0;30;0;;;;;;;;
89;0;48;0;;;;;;;;
56;0;-45;0;;;;;;;;
-95;0;106;0;;;;;;;;
111;0;90;0;;;;;;;;
12;0;84;0;;;;;;;;
115;0;27;0;;;;;;;;
122;0;108;0;;;;;;;;
-23;0;-58;0;;;;;;;;
76;0;-88;0;;;;;;;;
28;0;-121;0;;;;;;;;
102;0;33;0;;;;;;;;
-15;0;-16;0;;;;;;;;
-36;0;-90;0;;;;;;;;
124;0;-3;0;;;;;;;;
-87;0;-70;0;;;;;;;;
84;0;64;0;;;;;;;;
32;0;-44;0;;;;;;;;
-45;0;-10;0;;;;;;;;
-55;0;-76;0;;;;;;;;
-57;0;28;0;;;;;;;;
-21;0;2;0;;;;;;;;
-26;0;-5;0;;;;;;;;
-104;0;-113;0;;;;;;;;
38;0;-62;0;;;;;;;;
125;0;103;0;;;;;;;;
124;0;-99;0;;;;;;;;
-76;0;80;0;;;;;;;;
-3;0;-63;0;;;;;;;;
-75;0;53;0;;;;;;;;
-34;0;-37;0;;;;;;;;
104;0;-113;0;;;;;;;;
-46;0;7;0;;;;;;;;
21;0;-100;0;;;;;;;;
-107;0;-21;0;;;;;;;;
-6;0;100;0;;;;;;;;
-17;0;55;0;;;;;;;;
-89;0;-48;0;;;;;;;;
-2;0;103;0;;;;;;;;
-84;0;-74;0;;;;;;;;
-1;0;-55;0;;;;;;;;
42;0;-72;0;;;;;;;;
57;0;1;0;;;;;;;;
-73;0;122;0;;;;;;;;
32;0;-40;0;;;;;;;;
15;0;-95;0;;;;;;;;
63;0;41;0;;;;;;;;
47;0;66;0;;;;;;;;
-1;0;-8;0;;;;;;;;
18;0;46;0;;;;;;;;
88;0;10;0;;;;;;;;
-15;0;-1;0;;;;;;;;
-93;0;54;0;;;;;;;;
120;0;-60;0;;;;;;;;
119;0;91;0;;;;;;;;
-94;0;18;0;;;;;;;;
-68;0;100;0;;;;;;;;
15;0;-107;0;;;;;;;;
55;0;93;0;;;;;;;;
74;0;91;0;;;;;;;;
101;0;1;0;;;;;;;;
104;0;44;0;;;;;;;;
121;0;-19;0;;;;;;;;
-72;0;115;0;;;;;;;;
0;0;-110;0;;;;;;;;
26;0;101;0;;;;;;;;
62;0;85;0;;;;;;;;
-116;0;112;0;;;;;;;;
124;0;-1;0;;;;;;;;
51;0;28;0;;;;;;;;
73;0;56;0;;;;;;;;
102;0;25;0;;;;;;;;
-3;0;51;0;;;;;;;;
-43;0;-103;0;;;;;;;;
-120;0;19;0;;;;;;;;
-15;0;-17;0;;;;;;;;
49;0;48;0;;;;;;;;
107;0;-2;0;;;;;;;;
3;0;-2;0;;;;;;;;
-53;0;2;0;;;;;;;;
-32;0;34;0;;;;;;;;
70;0;-77;0;;;;;;;;
62;0;-125;0;;;;;;;;
28;0;-29;0;;;;;;;;
-2;0;35;0;;;;;;;;
-47;0;-52;0;;;;;;;;
-6;0;-79;0;;;;;;;;
34;0;-58;0;;;;;;;;
63;0;2;0;;;;;;;;
-48;0;-118;0;;;;;;;;
-3;0;-103;0;;;;;;;;
39;0;31;0;;;;;;;;
100;0;9;0;;;;;;;;
-3;0;-45;0;;;;;;;;
8;0;-68;0;;;;;;;;
70;0;-104;0;;;;;;;;
120;0;-106;0;;;;;;;;
67;0;113;0;;;;;;;;
89;0;-124;0;;;;;;;;
-9;0;-87;0;;;;;;;;
-46;0;41;0;;;;;;;;
-109;0;71;0;;;;;;;;
28;0;10;0;;;;;;;;
-53;0;115;0;;;;;;;;
-39;0;6;0;;;;;;;;
101;0;-4;0;;;;;;;;
-73;0;77;0;;;;;;;;
7;0;-43;0;;;;;;;;
-16;0;116;0;;;;;;;;
-82;0;-29;0;;;;;;;;
5;0;-19;0;;;;;;;;
68;0;15;0;;;;;;;;
98;0;-86;0;;;;;;;;
-110;0;78;0;;;;;;;;
-82;0;-113;0;;;;;;;;
16;0;-65;0;;;;;;;;
59;0;103;0;;;;;;;;
76;0;-63;0;;;;;;;;
6;0;-42;0;;;;;;;;
98;0;-115;0;;;;;;;;
-58;0;125;0;;;;;;;;
-90;0;88;0;;;;;;;;
46;0;21;0;;;;;;;;
111;0;48;0;;;;;;;;
70;0;-31;0;;;;;;;;
36;0;-122;0;;;;;;;;
5;0;68;0;;;;;;;;
81;0;53;0;;;;;;;;
-110;0;7;0;;;;;;;;
-31;0;17;0;;;;;;;;
-57;0;-62;0;;;;;;;;
86;0;3;0;;;;;;;;
41;0;-81;0;;;;;;;;
-96;0;-87;0;;;;;;;;
72;0;-93;0;;;;;;;;
-15;0;71;0;;;;;;;;
-59;0;-67;0;;;;;;;;
82;0;110;0;;;;;;;;
-20;0;-58;0;;;;;;;;
-69;0;-123;0;;;;;;;;
7;0;-73;0;;;;;;;;
65;0;25;0;;;;;;;;
96;0;-117;0;;;;;;;;
-114;0;95;0;;;;;;;;
-54;0;-125;0;;;;;;;;
-16;0;-8;0;;;;;;;;
-12;0;-83;0;;;;;;;;
-48;0;108;0;;;;;;;;
-112;0;55;0;;;;;;;;
-83;0;80;0;;;;;;;;
-3;0;18;0;;;;;;;;
-84;0;125;0;;;;;;;;
12;0;65;0;;;;;;;;
29;0;-110;0;;;;;;;;
-14;0;32;0;;;;;;;;
-21;0;-59;0;;;;;;;;
-42;0;-111;0;;;;;;;;
-26;0;-36;0;;;;;;;;
-118;0;-99;0;;;;;;;;
46;0;71;0;;;;;;;;
28;0;-51;0;;;;;;;;
48;0;-28;0;;;;;;;;
7;0;-68;0;;;;;;;;
65;0;-21;0;;;;;;;;
-91;0;-56;0;;;;;;;;
118;0;101;0;;;;;;;;
55;0;124;0;;;;;;;;
-27;0;116;0;;;;;;;;
101;0;75;0;;;;;;;;
54;0;34;0;;;;;;;;
-61;0;122;0;;;;;;;;
44;0;66;0;;;;;;;;
108;0;73;0;;;;;;;;
1;0;3;0;;;;;;;;
61;0;-75;0;;;;;;;;
-15;0;-63;0;;;;;;;;
25;0;-45;0;;;;;;;;
93;0;-23;0;;;;;;;;
46;0;4;0;;;;;;;;
-52;0;63;0;;;;;;;;
-74;0;71;0;;;;;;;;
-110;0;-108;0;;;;;;;;
-89;0;87;0;;;;;;;;
101;0;27;0;;;;;;;;
-58;0;109;0;;;;;;;;
-102;0;16;0;;;;;;;;
-43;0;23;0;;;;;;;;
93;0;-57;0;;;;;;;;
43;0;14;0;;;;;;;;
-32;0;58;0;;;;;;;;
59;0;-44;0;;;;;;;;
-95;0;-40;0;;;;;;;;
53;0;67;0;;;;;;;;
14;0;-121;0;;;;;;;;
28;0;-28;0;;;;;;;;
-91;0;-1;0;;;;;;;;
28;0;117;0;;;;;;;;
48;0;-125;0;;;;;;;;
-108;0;-120;0;;;;;;;;
10;0;-112;0;;;;;;;;
28;0;32;0;;;;;;;;
107;0;96;0;;;;;;;;
57;0;114;0;;;;;;;;
16;0;85;0;;;;;;;;
60;0;-12;0;;;;;;;;
-9;0;-107;0;;;;;;;;
103;0;117;0;;;;;;;;
114;0;80;0;;;;;;;;
21;0;77;0;;;;;;;;
93;0;23;0;;;;;;;;
107;0;-33;0;;;;;;;;
-2;0;102;0;;;;;;;;
11;0;-62;0;;;;;;;;
-69;0;92;0;;;;;;;;
-57;0;-9;0;;;;;;;;
23;0;1;0;;;;;;;;
-92;0;27;0;;;;;;;;
53;0;-86;0;;;;;;;;
52;0;102;0;;;;;;;;
119;0;117;0;;;;;;;;
89;0;13;0;;;;;;;;
12;0;30;0;;;;;;;;
-124;0;-82;0;;;;;;;;
82;0;72;0;;;;;;;;
3;0;36;0;;;;;;;;
-44;0;-114;0;;;;;;;;
10;0;41;0;;;;;;;;
67;0;-43;0;;;;;;;;
-75;0;119;0;;;;;;;;
-117;0;123;0;;;;;;;;
-71;0;113;0;;;;;;;;
-37;0;-49;0;;;;;;;;
-100;0;-109;0;;;;;;;;
85;0;-40;0;;;;;;;;
2;0;-84;0;;;;;;;;
-32;0;95;0;;;;;;;;
93;0;97;0;;;;;;;;
-54;0;-29;0;;;;;;;;
56;0;-80;0;;;;;;;;
65;0;-63;0;;;;;;;;
16;0;115;0;;;;;;;;
31;0;-12;0;;;;;;;;
16;0;19;0;;;;;;;;
-69;0;58;0;;;;;;;;
34;0;93;0;;;;;;;;
104;0;76;0;;;;;;;;
-65;0;-99;0;;;;;;;;
44;0;-74;0;;;;;;;;
42;0;-34;0;;;;;;;;
1;0;-58;0;;;;;;;;
95;0;122;0;;;;;;;;
-22;0;-18;0;;;;;;;;
96;0;-13;0;;;;;;;;
-66;0;63;0;;;;;;;;
52;0;-20;0;;;;;;;;
-14;0;81;0;;;;;;;;
-25;0;69;0;;;;;;;;
103;0;101;0;;;;;;;;
-104;0;-1;0;;;;;;;;
58;0;-19;0;;;;;;;;
54;0;114;0;;;;;;;;
9;0;87;0;;;;;;;;
-26;0;-112;0;;;;;;;;
81;0;5;0;;;;;;;;
15;0;-39;0;;;;;;;;
111;0;4;0;;;;;;;;
-108;0;68;0;;;;;;;;
25;0;-51;0;;;;;;;;
33;0;115;0;;;;;;;;
114;0;68;0;;;;;;;;
91;0;47;0;;;;;;;;
63;0;53;0;;;;;;;;
52;0;47;0;;;;;;;;
124;0;-31;0;;;;;;;;
2;0;59;0;;;;;;;;
49;0;2;0;;;;;;;;
85;0;14;0;;;;;;;;
111;0;117;0;;;;;;;;
-98;0;-122;0;;;;;;;;
-71;0;-107;0;;;;;;;;
-34;0;-64;0;;;;;;;;
41;0;-54;0;;;;;;;;
55;0;-76;0;;;;;;;;
7;0;-48;0;;;;;;;;
10;0;63;0;;;;;;;;
-9;0;102;0;;;;;;;;
5;0;-54;0;;;;;;;;
-59;0;-14;0;;;;;;;;
-111;0;-121;0;;;;;;;;
122;0;-66;0;;;;;;;;
-19;0;82;0;;;;;;;;
15;0;64;0;;;;;;;;
-71;0;-21;0;;;;;;;;
-100;0;102;0;;;;;;;;
-46;0;85;0;;;;;;;;
4;0;115;0;;;;;;;;
-88;0;11;0;;;;;;;;
37;0;-108;0;;;;;;;;
-16;0;-99;0;;;;;;;;
-98;0;115;0;;;;;;;;
26;0;50;0;;;;;;;;
39;0;54;0;;;;;;;;
-8;0;106;0;;;;;;;;
-77;0;78;0;;;;;;;;
-107;0;112;0;;;;;;;;
123;0;-19;0;;;;;;;;
121;0;18;0;;;;;;;;
112;0;125;0;;;;;;;;
69;0;118;0;;;;;;;;
41;0;81;0;;;;;;;;
87;0;-82;0;;;;;;;;
-72;0;77;0;;;;;;;;
42;0;75;0;;;;;;;;
-90;0;19;0;;;;;;;;
-11;0;-27;0;;;;;;;;
-41;0;83;0;;;;;;;;
-112;0;-67;0;;;;;;;;
-53;0;-54;0;;;;;;;;
-19;0;125;0;;;;;;;;
104;0;-12;0;;;;;;;;
117;0;-106;0;;;;;;;;
48;0;-5;0;;;;;;;;
-18;0;-104;0;;;;;;;;
14;0;-63;0;;;;;;;;
-118;0;100;0;;;;;;;;
-37;0;-15;0;;;;;;;;
75;0;-64;0;;;;;;;;
111;0;-50;0;;;;;;;;
-26;0;-11;0;;;;;;;;
39;0;-103;0;;;;;;;;
5;0;98;0;;;;;;;;
50;0;24;0;;;;;;;;
-94;0;-74;0;;;;;;;;
-58;0;16;0;;;;;;;;
4;0;117;0;;;;;;;;
-1;0;-81;0;;;;;;;;
-98;0;-56;0;;;;;;;;
-21;0;79;0;;;;;;;;
-113;0;-106;0;;;;;;;;
70;0;4;0;;;;;;;;
-120;0;-55;0;;;;;;;;
-50;0;-53;0;;;;;;;;
-97;0;-46;0;;;;;;;;
107;0;-90;0;;;;;;;;
114;0;-14;0;;;;;;;;
14;0;-11;0;;;;;;;;
18;0;60;0;;;;;;;;
81;0;-43;0;;;;;;;;
40;0;-109;0;;;;;;;;
-48;0;117;0;;;;;;;;
-125;0;-61;0;;;;;;;;
-9;0;-116;0;;;;;;;;
-39;0;84;0;;;;;;;;
94;0;95;0;;;;;;;;
-56;0;67;0;;;;;;;;
61;0;69;0;;;;;;;;
106;0;2;0;;;;;;;;
-1;0;-81;0;;;;;;;;
-118;0;54;0;;;;;;;;
-6;0;75;0;;;;;;;;
60;0;-32;0;;;;;;;;
-59;0;80;0;;;;;;;;
118;0;11;0;;;;;;;;
-84;0;14;0;;;;;;;;
-99;0;-11;0;;;;;;;;
-63;0;-79;0;;;;;;;;
47;0;-113;0;;;;;;;;
65;0;83;0;;;;;;;;
-115;0;-63;0;;;;;;;;
28;0;104;0;;;;;;;;
-87;0;36;0;;;;;;;;
21;0;-67;0;;;;;;;;
0;0;74;0;;;;;;;;
32;0;12;0;;;;;;;;
-104;0;-10;0;;;;;;;;
4;0;109;0;;;;;;;;
81;0;52;0;;;;;;;;
37;0;-6;0;;;;;;;;
-113;0;-28;0;;;;;;;;
-78;0;121;0;;;;;;;;
81;0;-77;0;;;;;;;;
-33;0;-72;0;;;;;;;;
-34;0;-110;0;;;;;;;;
74;0;-121;0;;;;;;;;
-113;0;-45;0;;;;;;;;
-104;0;106;0;;;;;;;;
57;0;-122;0;;;;;;;;
78;0;23;0;;;;;;;;
86;0;-92;0;;;;;;;;
-12;0;-84;0;;;;;;;;
42;0;-19;0;;;;;;;;
108;0;108;0;;;;;;;;
-72;0;-16;0;;;;;;;;
12;0;31;0;;;;;;;;
-102;0;15;0;;;;;;;;
-84;0;-16;0;;;;;;;;
41;0;-54;0;;;;;;;;
17;0;116;0;;;;;;;;
8;0;118;0;;;;;;;;
-82;0;0;0;;;;;;;;
-65;0;90;0;;;;;;;;
-13;0;58;0;;;;;;;;
-91;0;-109;0;;;;;;;;
30;0;-44;0;;;;;;;;
-11;0;110;0;;;;;;;;
-105;0;-69;0;;;;;;;;
-75;0;-46;0;;;;;;;;
49;0;-80;0;;;;;;;;
33;0;-125;0;;;;;;;;
-86;0;-124;0;;;;;;;;
101;0;-19;0;;;;;;;;
96;0;29;0;;;;;;;;
111;0;103;0;;;;;;;;
-2;0;-39;0;;;;;;;;
-99;0;-67;0;;;;;;;;
-69;0;27;0;;;;;;;;
-113;0;-67;0;;;;;;;;
98;0;-120;0;;;;;;;;
-107;0;-33;0;;;;;;;;
-43;0;-44;0;;;;;;;;
121;0;28;0;;;;;;;;
10;0;-112;0;;;;;;;;
71;0;24;0;;;;;;;;
24;0;-119;0;;;;;;;;
-117;0;123;0;;;;;;;;
-110;0;42;0;;;;;;;;
-53;0;-84;0;;;;;;;;
4;0;105;0;;;;;;;;
12;0;87;0;;;;;;;;
-32;0;-68;0;;;;;;;;
50;0;-105;0;;;;;;;;
48;0;-78;0;;;;;;;;
-18;0;25;0;;;;;;;;
35;0;-2;0;;;;;;;;
17;0;-105;0;;;;;;;;
-64;0;0;0;;;;;;;;
-78;0;-34;0;;;;;;;;
35;0;-98;0;;;;;;;;
117;0;58;0;;;;;;;;
-7;0;-52;0;;;;;;;;
33;0;-3;0;;;;;;;;
-18;0;-86;0;;;;;;;;
63;0;-30;0;;;;;;;;
-31;0;14;0;;;;;;;;
-40;0;45;0;;;;;;;;
-5;0;57;0;;;;;;;;
82;0;-24;0;;;;;;;;
-52;0;-40;0;;;;;;;;
-57;0;-70;0;;;;;;;;
2;0;-27;0;;;;;;;;
-35;0;20;0;;;;;;;;
-1;0;20;0;;;;;;;;
-70;0;-53;0;;;;;;;;
-94;0;87;0;;;;;;;;
73;0;-29;0;;;;;;;;
41;0;95;0;;;;;;;;
-92;0;-39;0;;;;;;;;
59;0;-55;0;;;;;;;;
-63;0;17;0;;;;;;;;
61;0;-72;0;;;;;;;;
51;0;-122;0;;;;;;;;
-68;0;26;0;;;;;;;;
-71;0;-101;0;;;;;;;;
20;0;86;0;;;;;;;;
-105;0;74;0;;;;;;;;
-30;0;-88;0;;;;;;;;
-125;0;19;0;;;;;;;;
37;0;121;0;;;;;;;;
-46;0;-18;0;;;;;;;;
-114;0;-115;0;;;;;;;;
86;0;59;0;;;;;;;;
-115;0;60;0;;;;;;;;
-17;0;-117;0;;;;;;;;
-116;0;-23;0;;;;;;;;
7;0;-45;0;;;;;;;;
-73;0;101;0;;;;;;;;
-53;0;-22;0;;;;;;;;
18;0;24;0;;;;;;;;
84;0;67;0;;;;;;;;
-92;0;-102;0;;;;;;;;
-90;0;-99;0;;;;;;;;
-104;0;68;0;;;;;;;;
8;0;90;0;;;;;;;;
76;0;42;0;;;;;;;;
24;0;11;0;;;;;;;;
19;0;31;0;;;;;;;;
6;0;-65;0;;;;;;;;
101;0;89;0;;;;;;;;
-7;0;-86;0;;;;;;;;
92;0;-63;0;;;;;;;;
-54;0;46;0;;;;;;;;
-100;0;121;0;;;;;;;;
-124;0;-111;0;;;;;;;;
55;0;125;0;;;;;;;;
-93;0;17;0;;;;;;;;
-85;0;-52;0;;;;;;;;
-45;0;-66;0;;;;;;;;
-83;0;-94;0;;;;;;;;
-88;0;-108;0;;;;;;;;
97;0;96;0;;;;;;;;
119;0;106;0;;;;;;;;
55;0;79;0;;;;;;;;
-93;0;-116;0;;;;;;;;
52;0;-66;0;;;;;;;;
-71;0;33;0;;;;;;;;
46;0;43;0;;;;;;;;
122;0;-96;0;;;;;;;;
49;0;75;0;;;;;;;;
96;0;-48;0;;;;;;;;
76;0;-109;0;;;;;;;;
-94;0;-73;0;;;;;;;;
-109;0;114;0;;;;;;;;
25;0;-109;0;;;;;;;;
-61;0;-93;0;;;;;;;;
44;0;-66;0;;;;;;;;
7;0;77;0;;;;;;;;
-115;0;83;0;;;;;;;;
57;0;25;0;;;;;;;;
52;0;49;0;;;;;;;;
77;0;64;0;;;;;;;;
49;0;102;0;;;;;;;;
16;0;69;0;;;;;;;;
50;0;116;0;;;;;;;;
64;0;-58;0;;;;;;;;
-121;0;-61;0;;;;;;;;
-76;0;-122;0;;;;;;;;
107;0;94;0;;;;;;;;
-64;0;-60;0;;;;;;;;
-2;0;-23;0;;;;;;;;
86;0;48;0;;;;;;;;
108;0;124;0;;;;;;;;
44;0;-86;0;;;;;;;;
72;0;28;0;;;;;;;;
15;0;21;0;;;;;;;;
-79;0;19;0;;;;;;;;
-61;0;78;0;;;;;;;;
-61;0;84;0;;;;;;;;
-20;0;-48;0;;;;;;;;
40;0;3;0;;;;;;;;
88;0;-56;0;;;;;;;;
-51;0;-56;0;;;;;;;;
-74;0;4;0;;;;;;;;
-121;0;-30;0;;;;;;;;
-94;0;-15;0;;;;;;;;
-52;0;49;0;;;;;;;;
-88;0;-120;0;;;;;;;;
-111;0;18;0;;;;;;;;
32;0;56;0;;;;;;;;
-77;0;7;0;;;;;;;;
-74;0;-111;0;;;;;;;;
-27;0;-101;0;;;;;;;;
-89;0;27;0;;;;;;;;
74;0;-7;0;;;;;;;;
95;0;-38;0;;;;;;;;
97;0;68;0;;;;;;;;
105;0;-20;0;;;;;;;;
39;0;-119;0;;;;;;;;
-67;0;-124;0;;;;;;;;
-41;0;-115;0;;;;;;;;
-114;0;-36;0;;;;;;;;
72;0;42;0;;;;;;;;
-81;0;-86;0;;;;;;;;
-98;0;-32;0;;;;;;;;
-110;0;-50;0;;;;;;;;
-18;0;13;0;;;;;;;;
51;0;-19;0;;;;;;;;
-31;0;-75;0;;;;;;;;
-108;0;-113;0;;;;;;;;
118;0;-27;0;;;;;;;;
94;0;-7;0;;;;;;;;
-51;0;-58;0;;;;;;;;
-119;0;-19;0;;;;;;;;
-118;0;22;0;;;;;;;;
37;0;-40;0;;;;;;;;
25;0;59;0;;;;;;;;
111;0;118;0;;;;;;;;
-1;0;102;0;;;;;;;;
-121;0;-78;0;;;;;;;;
86;0;-117;0;;;;;;;;
-110;0;-6;0;;;;;;;;
76;0;122;0;;;;;;;;
-99;0;-104;0;;;;;;;;
-15;0;5;0;;;;;;;;
56;0;61;0;;;;;;;;
-84;0;36;0;;;;;;;;
90;0;116;0;;;;;;;;
-58;0;-104;0;;;;;;;;
66;0;-76;0;;;;;;;;
-16;0;-122;0;;;;;;;;
57;0;55;0;;;;;;;;
104;0;23;0;;;;;;;;
-41;0;-103;0;;;;;;;;
102;0;71;0;;;;;;;;
-56;0;39;0;;;;;;;;
-84;0;-104;0;;;;;;;;
-41;0;-68;0;;;;;;;;
13;0;-53;0;;;;;;;;
-77;0;59;0;;;;;;;;
-27;0;10;0;;;;;;;;
-87;0;84;0;;;;;;;;
-88;0;-32;0;;;;;;;;
-33;0;30;0;;;;;;;;
5;0;26;0;;;;;;;;
115;0;-25;0;;;;;;;;
-67;0;-16;0;;;;;;;;
7;0;103;0;;;;;;;;
-115;0;7;0;;;;;;;;
-121;0;-74;0;;;;;;;;
-11;0;-72;0;;;;;;;;
-94;0;87;0;;;;;;;;
-60;0;110;0;;;;;;;;
34;0;-55;0;;;;;;;;
107;0;-81;0;;;;;;;;
-72;0;120;0;;;;;;;;
36;0;86;0;;;;;;;;
-18;0;-100;0;;;;;;;;
-110;0;-120;0;;;;;;;;
-84;0;-117;0;;;;;;;;
97;0;-18;0;;;;;;;;
44;0;122;0;;;;;;;;
-118;0;-60;0;;;;;;;;
53;0;73;0;;;;;;;;
102;0;114;0;;;;;;;;
54;0;61;0;;;;;;;;
-105;0;-108;0;;;;;;;;
-11;0;-95;0;;;;;;;;
56;0;-36;0;;;;;;;;
0;0;-57;0;;;;;;;;
-30;0;104;0;;;;;;;;
47;0;-28;0;;;;;;;;
64;0;-78;0;;;;;;;;
116;0;73;0;;;;;;;;
-115;0;-115;0;;;;;;;;
2;0;117;0;;;;;;;;
-120;0;91;0;;;;;;;;
80;0;-103;0;;;;;;;;
23;0;100;0;;;;;;;;
-87;0;85;0;;;;;;;;
125;0;10;0;;;;;;;;
89;0;-42;0;;;;;;;;
96;0;-57;0;;;;;;;;
-85;0;-105;0;;;;;;;;
-61;0;97;0;;;;;;;;
41;0;110;0;;;;;;;;
47;0;3;0;;;;;;;;
-59;0;-11;0;;;;;;;;
-8;0;57;0;;;;;;;;
21;0;63;0;;;;;;;;
-69;0;-120;0;;;;;;;;
-41;0;-15;0;;;;;;;;
47;0;97;0;;;;;;;;
-125;0;-40;0;;;;;;;;
-61;0;91;0;;;;;;;;
97;0;-68;0;;;;;;;;
37;0;37;0;;;;;;;;
-68;0;61;0;;;;;;;;
102;0;83;0;;;;;;;;
92;0;-23;0;;;;;;;;
106;0;123;0;;;;;;;;
-29;0;-41;0;;;;;;;;
-96;0;58;0;;;;;;;;
90;0;-1;0;;;;;;;;
-43;0;51;0;;;;;;;;
-58;0;-90;0;;;;;;;;
47;0;-37;0;;;;;;;;
76;0;22;0;;;;;;;;
-125;0;82;0;;;;;;;;
114;0;55;0;;;;;;;;
120;0;56;0;;;;;;;;
-19;0;65;0;;;;;;;;
-62;0;89;0;;;;;;;;
26;0;-104;0;;;;;;;;
12;0;92;0;;;;;;;;
-113;0;97;0;;;;;;;;
96;0;113;0;;;;;;;;
88;0;-59;0;;;;;;;;
-121;0;77;0;;;;;;;;
121;0;-120;0;;;;;;;;
114;0;34;0;;;;;;;;
122;0;94;0;;;;;;;;
-13;0;68;0;;;;;;;;
-123;0;-75;0;;;;;;;;
-48;0;93;0;;;;;;;;
112;0;-104;0;;;;;;;;
-101;0;-103;0;;;;;;;;
51;0;24;0;;;;;;;;
-58;0;-53;0;;;;;;;;
-18;0;-104;0;;;;;;;;
80;0;0;0;;;;;;;;
56;0;-34;0;;;;;;;;
64;0;91;0;;;;;;;;
92;0;-9;0;;;;;;;;
0;0;-96;0;;;;;;;;
48;0;70;0;;;;;;;;
83;0;-87;0;;;;;;;;
87;0;24;0;;;;;;;;
41;0;-93;0;;;;;;;;
114;0;-68;0;;;;;;;;
-33;0;-117;0;;;;;;;;
1;0;19;0;;;;;;;;
-109;0;108;0;;;;;;;;
60;0;-88;0;;;;;;;;
105;0;-110;0;;;;;;;;
-51;0;-73;0;;;;;;;;
32;0;-3;0;;;;;;;;
-25;0;55;0;;;;;;;;
106;0;-13;0;;;;;;;;
125;0;-79;0;;;;;;;;
-75;0;-89;0;;;;;;;;
-115;0;50;0;;;;;;;;
-88;0;-106;0;;;;;;;;
71;0;6;0;;;;;;;;
33;0;-3;0;;;;;;;;
125;0;55;0;;;;;;;;
-20;0;109;0;;;;;;;;
49;0;45;0;;;;;;;;
39;0;-19;0;;;;;;;;
-90;0;-29;0;;;;;;;;
-97;0;-32;0;;;;;;;;
124;0;-123;0;;;;;;;;
46;0;68;0;;;;;;;;
-48;0;34;0;;;;;;;;
-53;0;-70;0;;;;;;;;
98;0;10;0;;;;;;;;
-26;0;16;0;;;;;;;;
-90;0;-34;0;;;;;;;;
55;0;59;0;;;;;;;;
-120;0;-8;0;;;;;;;;
34;0;-19;0;;;;;;;;
-35;0;-63;0;;;;;;;;
-21;0;-33;0;;;;;;;;
-65;0;-86;0;;;;;;;;
69;0;-124;0;;;;;;;;
-122;0;-42;0;;;;;;;;
2;0;-84;0;;;;;;;;
-102;0;51;0;;;;;;;;
11;0;60;0;;;;;;;;
-4;0;41;0;;;;;;;;
-66;0;1;0;;;;;;;;
-47;0;-123;0;;;;;;;;
-88;0;-25;0;;;;;;;;
-62;0;-6;0;;;;;;;;
88;0;-51;0;;;;;;;;
51;0;87;0;;;;;;;;
23;0;16;0;;;;;;;;
113;0;53;0;;;;;;;;
-1;0;-48;0;;;;;;;;
-100;0;92;0;;;;;;;;
-96;0;55;0;;;;;;;;
-21;0;59;0;;;;;;;;
57;0;-47;0;;;;;;;;
-77;0;120;0;;;;;;;;
31;0;-92;0;;;;;;;;
-50;0;58;0;;;;;;;;
-98;0;-27;0;;;;;;;;
84;0;111;0;;;;;;;;
-43;0;58;0;;;;;;;;
74;0;75;0;;;;;;;;
-7;0;75;0;;;;;;;;
110;0;-12;0;;;;;;;;
57;0;7;0;;;;;;;;
-59;0;-88;0;;;;;;;;
12;0;-65;0;;;;;;;;
14;0;-72;0;;;;;;;;
28;0;50;0;;;;;;;;
-10;0;-35;0;;;;;;;;
-87;0;113;0;;;;;;;;
75;0;51;0;;;;;;;;
-42;0;16;0;;;;;;;;
-98;0;50;0;;;;;;;;
76;0;-36;0;;;;;;;;
-86;0;-117;0;;;;;;;;
-4;0;-8;0;;;;;;;;
60;0;105;0;;;;;;;;
-102;0;-80;0;;;;;;;;
48;0;46;0;;;;;;;;
-37;0;115;0;;;;;;;;
-34;0;65;0;;;;;;;;
-98;0;-35;0;;;;;;;;
15;0;-106;0;;;;;;;;
-105;0;26;0;;;;;;;;
33;0;-87;0;;;;;;;;
64;0;-117;0;;;;;;;;
-22;0;-81;0;;;;;;;;
101;0;83;0;;;;;;;;
-82;0;-9;0;;;;;;;;
-94;0;72;0;;;;;;;;
0;0;-65;0;;;;;;;;
113;0;-53;0;;;;;;;;
59;0;40;0;;;;;;;;
84;0;-78;0;;;;;;;;
-120;0;45;0;;;;;;;;
-27;0;17;0;;;;;;;;
-71;0;11;0;;;;;;;;
-51;0;-34;0;;;;;;;;
7;0;82;0;;;;;;;;
17;0;22;0;;;;;;;;
92;0;28;0;;;;;;;;
-61;0;-77;0;;;;;;;;
10;0;121;0;;;;;;;;
102;0;51;0;;;;;;;;
-60;0;-74;0;;;;;;;;
16;0;123;0;;;;;;;;
27;0;-64;0;;;;;;;;
94;0;-59;0;;;;;;;;
-94;0;-66;0;;;;;;;;
72;0;36;0;;;;;;;;
21;0;-92;0;;;;;;;;
-8;0;112;0;;;;;;;;
70;0;-112;0;;;;;;;;
-101;0;103;0;;;;;;;;
-99;0;-71;0;;;;;;;;
119;0;89;0;;;;;;;;
-6;0;32;0;;;;;;;;
0;0;-95;0;;;;;;;;
-49;0;-112;0;;;;;;;;
71;0;5;0;;;;;;;;
-42;0;-62;0;;;;;;;;
31;0;34;0;;;;;;;;
-98;0;25;0;;;;;;;;
95;0;25;0;;;;;;;;
95;0;35;0;;;;;;;;
57;0;-30;0;;;;;;;;
54;0;-31;0;;;;;;;;
40;0;-68;0;;;;;;;;
52;0;61;0;;;;;;;;
-42;0;-34;0;;;;;;;;
-113;0;46;0;;;;;;;;
114;0;23;0;;;;;;;;
-22;0;121;0;;;;;;;;
26;0;-39;0;;;;;;;;
-14;0;86;0;;;;;;;;
-123;0;-70;0;;;;;;;;
-100;0;85;0;;;;;;;;
111;0;-124;0;;;;;;;;
3;0;24;0;;;;;;;;
109;0;81;0;;;;;;;;
30;0;-36;0;;;;;;;;
-124;0;-15;0;;;;;;;;
59;0;21;0;;;;;;;;
81;0;-1;0;;;;;;;;
116;0;-59;0;;;;;;;;
-20;0;105;0;;;;;;;;
-49;0;-9;0;;;;;;;;
-113;0;-92;0;;;;;;;;
77;0;-107;0;;;;;;;;
-37;0;-80;0;;;;;;;;
66;0;32;0;;;;;;;;
-40;0;-55;0;;;;;;;;
-94;0;60;0;;;;;;;;
-119;0;-100;0;;;;;;;;
104;0;28;0;;;;;;;;
-2;0;73;0;;;;;;;;
-88;0;-76;0;;;;;;;;
115;0;117;0;;;;;;;;
68;0;-90;0;;;;;;;;
94;0;2;0;;;;;;;;
-98;0;28;0;;;;;;;;
-24;0;58;0;;;;;;;;
28;0;76;0;;;;;;;;
-24;0;-50;0;;;;;;;;
76;0;124;0;;;;;;;;
-98;0;-77;0;;;;;;;;
43;0;70;0;;;;;;;;
-6;0;1;0;;;;;;;;
50;0;16;0;;;;;;;;
44;0;-38;0;;;;;;;;
-34;0;124;0;;;;;;;;
-124;0;-107;0;;;;;;;;
69;0;22;0;;;;;;;;
-71;0;-18;0;;;;;;;;
-115;0;86;0;;;;;;;;
-91;0;49;0;;;;;;;;
-114;0;-27;0;;;;;;;;
18;0;66;0;;;;;;;;
-21;0;-25;0;;;;;;;;
-56;0;71;0;;;;;;;;
-15;0;-23;0;;;;;;;;
-52;0;55;0;;;;;;;;
0;0;97;0;;;;;;;;
-19;0;-71;0;;;;;;;;
-57;0;-25;0;;;;;;;;
-84;0;99;0;;;;;;;;
0;0;116;0;;;;;;;;
-38;0;-52;0;;;;;;;;
100;0;-78;0;;;;;;;;
-100;0;20;0;;;;;;;;
20;0;-84;0;;;;;;;;
30;0;63;0;;;;;;;;
-45;0;-95;0;;;;;;;;
1;0;-89;0;;;;;;;;
123;0;-8;0;;;;;;;;
85;0;0;0;;;;;;;;
-19;0;25;0;;;;;;;;
-27;0;-101;0;;;;;;;;
-45;0;-104;0;;;;;;;;
-106;0;52;0;;;;;;;;
86;0;-99;0;;;;;;;;
-113;0;62;0;;;;;;;;
-5;0;-54;0;;;;;;;;
78;0;53;0;;;;;;;;
88;0;-39;0;;;;;;;;
-13;0;45;0;;;;;;;;
-70;0;-82;0;;;;;;;;
95;0;47;0;;;;;;;;
-30;0;-89;0;;;;;;;;
35;0;-117;0;;;;;;;;
-2;0;-2;0;;;;;;;;
106;0;66;0;;;;;;;;
-102;0;25;0;;;;;;;;
42;0;41;0;;;;;;;;
76;0;-97;0;;;;;;;;
66;0;118;0;;;;;;;;
56;0;-57;0;;;;;;;;
-77;0;-27;0;;;;;;;;
-121;0;-106;0;;;;;;;;
108;0;121;0;;;;;;;;
100;0;115;0;;;;;;;;
33;0;-86;0;;;;;;;;
20;0;111;0;;;;;;;;
118;0;111;0;;;;;;;;
-97;0;-50;0;;;;;;;;
0;0;-74;0;;;;;;;;
23;0;-25;0;;;;;;;;
121;0;-111;0;;;;;;;;
56;0;-41;0;;;;;;;;
-38;0;-56;0;;;;;;;;
0;0;118;0;;;;;;;;
88;0;-53;0;;;;;;;;
5;0;91;0;;;;;;;;
97;0;-52;0;;;;;;;;
-51;0;38;0;;;;;;;;
-112;0;64;0;;;;;;;;
-34;0;96;0;;;;;;;;
87;0;-26;0;;;;;;;;
80;0;-117;0;;;;;;;;
89;0;-39;0;;;;;;;;
88;0;13;0;;;;;;;;
124;0;93;0;;;;;;;;
-1;0;-113;0;;;;;;;;
-38;0;-99;0;;;;;;;;
38;0;83;0;;;;;;;;
107;0;104;0;;;;;;;;
72;0;54;0;;;;;;;;
-45;0;-81;0;;;;;;;;
54;0;94;0;;;;;;;;
83;0;-125;0;;;;;;;;
54;0;48;0;;;;;;;;
-6;0;-105;0;;;;;;;;
124;0;35;0;;;;;;;;
-28;0;-125;0;;;;;;;;
-41;0;94;0;;;;;;;;
-69;0;-97;0;;;;;;;;
25;0;39;0;;;;;;;;
119;0;45;0;;;;;;;;
113;0;36;0;;;;;;;;
-113;0;-14;0;;;;;;;;
-80;0;-76;0;;;;;;;;
1;0;-78;0;;;;;;;;
-23;0;41;0;;;;;;;;
45;0;24;0;;;;;;;;
54;0;-53;0;;;;;;;;
-69;0;-20;0;;;;;;;;
-114;0;93;0;;;;;;;;
20;0;69;0;;;;;;;;
26;0;-105;0;;;;;;;;
72;0;62;0;;;;;;;;
104;0;-34;0;;;;;;;;
-57;0;-65;0;;;;;;;;
84;0;-43;0;;;;;;;;
90;0;-116;0;;;;;;;;
-73;0;-25;0;;;;;;;;
-59;0;86;0;;;;;;;;
59;0;-122;0;;;;;;;;
91;0;-11;0;;;;;;;;
-87;0;111;0;;;;;;;;
89;0;49;0;;;;;;;;
-116;0;-124;0;;;;;;;;
-5;0;41;0;;;;;;;;
-124;0;-92;0;;;;;;;;
27;0;80;0;;;;;;;;
41;0;116;0;;;;;;;;
105;0;-125;0;;;;;;;;
46;0;-18;0;;;;;;;;
-67;0;-91;0;;;;;;;;
-43;0;-122;0;;;;;;;;
69;0;-49;0;;;;;;;;
-108;0;35;0;;;;;;;;
89;0;62;0;;;;;;;;
87;0;31;0;;;;;;;;
119;0;1;0;;;;;;;;
32;0;-111;0;;;;;;;;
-79;0;114;0;;;;;;;;
120;0;108;0;;;;;;;;
-47;0;102;0;;;;;;;;
-55;0;115;0;;;;;;;;
-90;0;-16;0;;;;;;;;
-113;0;110;0;;;;;;;;
-34;0;123;0;;;;;;;;
10;0;-89;0;;;;;;;;
39;0;-40;0;;;;;;;;
-99;0;12;0;;;;;;;;
84;0;24;0;;;;;;;;
33;0;-16;0;;;;;;;;
-31;0;40;0;;;;;;;;
-62;0;-70;0;;;;;;;;
121;0;112;0;;;;;;;;
-75;0;-7;0;;;;;;;;
59;0;-15;0;;;;;;;;
41;0;32;0;;;;;;;;
-94;0;-35;0;;;;;;;;
-25;0;-65;0;;;;;;;;
-56;0;-75;0;;;;;;;;
-10;0;-67;0;;;;;;;;
110;0;-97;0;;;;;;;;
12;0;-72;0;;;;;;;;
40;0;11;0;;;;;;;;
-19;0;1;0;;;;;;;;
27;0;11;0;;;;;;;;
8;0;-22;0;;;;;;;;
-6;0;-14;0;;;;;;;;
71;0;0;0;;;;;;;;
96;0;63;0;;;;;;;;
68;0;95;0;;;;;;;;
-79;0;109;0;;;;;;;;
-103;0;-49;0;;;;;;;;
14;0;-32;0;;;;;;;;
119;0;-13;0;;;;;;;;
11;0;101;0;;;;;;;;
-113;0;-53;0;;;;;;;;
91;0;-3;0;;;;;;;;
-17;0;-1;0;;;;;;;;
-109;0;-95;0;;;;;;;;
-104;0;108;0;;;;;;;;
-77;0;-35;0;;;;;;;;
-87;0;-105;0;;;;;;;;
-82;0;-39;0;;;;;;;;
115;0;94;0;;;;;;;;
-119;0;-61;0;;;;;;;;
-106;0;38;0;;;;;;;;
-80;0;108;0;;;;;;;;
58;0;97;0;;;;;;;;
4;0;-114;0;;;;;;;;
-111;0;82;0;;;;;;;;
107;0;111;0;;;;;;;;
-125;0;-42;0;;;;;;;;
109;0;-56;0;;;;;;;;
-76;0;4;0;;;;;;;;
-9;0;-54;0;;;;;;;;
115;0;16;0;;;;;;;;
109;0;111;0;;;;;;;;
-51;0;-19;0;;;;;;;;
95;0;122;0;;;;;;;;
58;0;-78;0;;;;;;;;
-113;0;-110;0;;;;;;;;
-121;0;-18;0;;;;;;;;
59;0;94;0;;;;;;;;
121;0;68;0;;;;;;;;
-73;0;54;0;;;;;;;;
71;0;-124;0;;;;;;;;
97;0;-125;0;;;;;;;;
84;0;86;0;;;;;;;;
-87;0;-41;0;;;;;;;;
-123;0;111;0;;;;;;;;
-96;0;99;0;;;;;;;;
34;0;-81;0;;;;;;;;
-35;0;-13;0;;;;;;;;
42;0;-102;0;;;;;;;;
-109;0;97;0;;;;;;;;
-81;0;20;0;;;;;;;;
-88;0;44;0;;;;;;;;
117;0;73;0;;;;;;;;
82;0;-22;0;;;;;;;;
119;0;96;0;;;;;;;;
69;0;-108;0;;;;;;;;
7;0;-81;0;;;;;;;;
-101;0;82;0;;;;;;;;
74;0;-99;0;;;;;;;;
-25;0;-30;0;;;;;;;;
-64;0;-1;0;;;;;;;;
-70;0;83;0;;;;;;;;
124;0;82;0;;;;;;;;
84;0;-4;0;;;;;;;;
45;0;102;0;;;;;;;;
81;0;-53;0;;;;;;;;
-17;0;-35;0;;;;;;;;
83;0;88;0;;;;;;;;
-17;0;110;0;;;;;;;;
72;0;-122;0;;;;;;;;
-69;0;101;0;;;;;;;;
-35;0;-29;0;;;;;;;;
-33;0;-60;0;;;;;;;;
71;0;98;0;;;;;;;;
123;0;73;0;;;;;;;;
46;0;7;0;;;;;;;;
44;0;-22;0;;;;;;;;
83;0;-4;0;;;;;;;;
69;0;119;0;;;;;;;;
-78;0;-122;0;;;;;;;;
-38;0;86;0;;;;;;;;
1;0;-15;0;;;;;;;;
31;0;-122;0;;;;;;;;
123;0;-40;0;;;;;;;;
-88;0;44;0;;;;;;;;
-64;0;120;0;;;;;;;;
121;0;102;0;;;;;;;;
25;0;-104;0;;;;;;;;
-69;0;4;0;;;;;;;;
115;0;-20;0;;;;;;;;
-119;0;105;0;;;;;;;;
70;0;55;0;;;;;;;;
81;0;27;0;;;;;;;;
111;0;101;0;;;;;;;;
120;0;-70;0;;;;;;;;
-12;0;-122;0;;;;;;;;
-107;0;58;0;;;;;;;;
76;0;75;0;;;;;;;;
117;0;-3;0;;;;;;;;
47;0;-66;0;;;;;;;;
-108;0;-71;0;;;;;;;;
36;0;-27;0;;;;;;;;
45;0;-90;0;;;;;;;;
54;0;-64;0;;;;;;;;
95;0;22;0;;;;;;;;
40;0;60;0;;;;;;;;
-63;0;29;0;;;;;;;;
9;0;-63;0;;;;;;;;
-16;0;90;0;;;;;;;;
16;0;-31;0;;;;;;;;
55;0;93;0;;;;;;;;
-20;0;-107;0;;;;;;;;
-30;0;0;0;;;;;;;;
102;0;-56;0;;;;;;;;
111;0;117;0;;;;;;;;
3;0;9;0;;;;;;;;
-99;0;57;0;;;;;;;;
-100;0;63;0;;;;;;;;
53;0;-59;0;;;;;;;;
-100;0;-23;0;;;;;;;;
-50;0;34;0;;;;;;;;
11;0;-122;0;;;;;;;;
17;0;61;0;;;;;;;;
58;0;51;0;;;;;;;;
-23;0;78;0;;;;;;;;
90;0;-45;0;;;;;;;;
9;0;-57;0;;;;;;;;
45;0;91;0;;;;;;;;
55;0;61;0;;;;;;;;
23;0;-73;0;;;;;;;;
-78;0;-46;0;;;;;;;;
-91;0;-99;0;;;;;;;;
-75;0;-103;0;;;;;;;;
59;0;-121;0;;;;;;;;
-62;0;55;0;;;;;;;;
-98;0;121;0;;;;;;;;
-61;0;-40;0;;;;;;;;
96;0;89;0;;;;;;;;
-111;0;-124;0;;;;;;;;
-99;0;32;0;;;;;;;;
-69;0;116;0;;;;;;;;
-88;0;58;0;;;;;;;;
-3;0;8;0;;;;;;;;
113;0;89;0;;;;;;;;
-70;0;4;0;;;;;;;;
-27;0;45;0;;;;;;;;
-41;0;-26;0;;;;;;;;
89;0;2;0;;;;;;;;
103;0;-78;0;;;;;;;;
70;0;86;0;;;;;;;;
84;0;-120;0;;;;;;;;
56;0;-88;0;;;;;;;;
-10;0;-6;0;;;;;;;;
99;0;85;0;;;;;;;;
24;0;-78;0;;;;;;;;
40;0;17;0;;;;;;;;
-113;0;117;0;;;;;;;;
109;0;-68;0;;;;;;;;
-99;0;8;0;;;;;;;;
15;0;-63;0;;;;;;;;
-35;0;77;0;;;;;;;;
-125;0;17;0;;;;;;;;
60;0;-1;0;;;;;;;;
-35;0;84;0;;;;;;;;
-5;0;31;0;;;;;;;;
3;0;-71;0;;;;;;;;
2;0;92;0;;;;;;;;
-86;0;-78;0;;;;;;;;
54;0;124;0;;;;;;;;
-88;0;120;0;;;;;;;;
112;0;-9;0;;;;;;;;
68;0;79;0;;;;;;;;
44;0;105;0;;;;;;;;
-99;0;29;0;;;;;;;;
-27;0;62;0;;;;;;;;
-96;0;102;0;;;;;;;;
-29;0;80;0;;;;;;;;
-12;0;23;0;;;;;;;;
-16;0;-64;0;;;;;;;;
-125;0;54;0;;;;;;;;
-20;0;56;0;;;;;;;;
-66;0;-30;0;;;;;;;;
-82;0;-119;0;;;;;;;;
-31;0;70;0;;;;;;;;
-60;0;-48;0;;;;;;;;
-113;0;15;0;;;;;;;;
-44;0;41;0;;;;;;;;
79;0;44;0;;;;;;;;
-88;0;-94;0;;;;;;;;
-103;0;-41;0;;;;;;;;
-101;0;-68;0;;;;;;;;
6;0;106;0;;;;;;;;
68;0;-64;0;;;;;;;;
-26;0;111;0;;;;;;;;
52;0;116;0;;;;;;;;
29;0;88;0;;;;;;;;
27;0;68;0;;;;;;;;
69;0;18;0;;;;;;;;
-43;0;96;0;;;;;;;;
-111;0;-69;0;;;;;;;;
27;0;-56;0;;;;;;;;
-109;0;82;0;;;;;;;;
111;0;60;0;;;;;;;;
-29;0;70;0;;;;;;;;
43;0;-79;0;;;;;;;;
-39;0;-26;0;;;;;;;;
118;0;0;0;;;;;;;;
88;0;-19;0;;;;;;;;
-16;0;-63;0;;;;;;;;
57;0;105;0;;;;;;;;
119;0;1;0;;;;;;;;
-19;0;-94;0;;;;;;;;
-107;0;-103;0;;;;;;;;
46;0;-35;0;;;;;;;;
-69;0;-11;0;;;;;;;;
-111;0;65;0;;;;;;;;
87;0;2;0;;;;;;;;
19;0;-30;0;;;;;;;;
103;0;-1;0;;;;;;;;
89;0;76;0;;;;;;;;
-112;0;43;0;;;;;;;;
123;0;-36;0;;;;;;;;
-77;0;99;0;;;;;;;;
-86;0;46;0;;;;;;;;
-121;0;-10;0;;;;;;;;
-18;0;69;0;;;;;;;;
79;0;-55;0;;;;;;;;
-5;0;11;0;;;;;;;;
-16;0;-74;0;;;;;;;;
-32;0;-89;0;;;;;;;;
-47;0;23;0;;;;;;;;
-31;0;83;0;;;;;;;;
45;0;-125;0;;;;;;;;
-116;0;22;0;;;;;;;;
-57;0;-60;0;;;;;;;;
58;0;26;0;;;;;;;;
47;0;-1;0;;;;;;;;
-14;0;46;0;;;;;;;;
39;0;61;0;;;;;;;;
81;0;-66;0;;;;;;;;
-52;0;21;0;;;;;;;;
54;0;3;0;;;;;;;;
43;0;-83;0;;;;;;;;
9;0;83;0;;;;;;;;
67;0;-99;0;;;;;;;;
122;0;93;0;;;;;;;;
125;0;-58;0;;;;;;;;
-80;0;-52;0;;;;;;;;
-27;0;-100;0;;;;;;;;
17;0;4;0;;;;;;;;
118;0;-52;0;;;;;;;;
-75;0;17;0;;;;;;;;
-14;0;124;0;;;;;;;;
-24;0;-34;0;;;;;;;;
8;0;31;0;;;;;;;;
42;0;13;0;;;;;;;;
-5;0;-85;0;;;;;;;;
-21;0;74;0;;;;;;;;
123;0;-110;0;;;;;;;;
-33;0;29;0;;;;;;;;
-28;0;-4;0;;;;;;;;
113;0;84;0;;;;;;;;
-80;0;-21;0;;;;;;;;
-74;0;27;0;;;;;;;;
-92;0;88;0;;;;;;;;
-104;0;113;0;;;;;;;;
-109;0;-16;0;;;;;;;;
106;0;-78;0;;;;;;;;
57;0;-44;0;;;;;;;;
-106;0;62;0;;;;;;;;
-54;0;110;0;;;;;;;;
-68;0;-13;0;;;;;;;;
84;0;17;0;;;;;;;;
110;0;-14;0;;;;;;;;
98;0;-43;0;;;;;;;;
75;0;34;0;;;;;;;;
-58;0;-110;0;;;;;;;;
-108;0;-81;0;;;;;;;;
-53;0;59;0;;;;;;;;
124;0;-95;0;;;;;;;;
111;0;-3;0;;;;;;;;
-108;0;37;0;;;;;;;;
-100;0;-78;0;;;;;;;;
-16;0;-21;0;;;;;;;;
-15;0;-60;0;;;;;;;;
109;0;-12;0;;;;;;;;
-19;0;62;0;;;;;;;;
-65;0;-105;0;;;;;;;;
21;0;-112;0;;;;;;;;
29;0;0;0;;;;;;;;
123;0;-4;0;;;;;;;;
11;0;-72;0;;;;;;;;
8;0;-103;0;;;;;;;;
-10;0;-7;0;;;;;;;;
32;0;-54;0;;;;;;;;
106;0;-52;0;;;;;;;;
-16;0;-28;0;;;;;;;;
66;0;113;0;;;;;;;;
-1;0;-22;0;;;;;;;;
-33;0;-74;0;;;;;;;;
-38;0;13;0;;;;;;;;
-67;0;5;0;;;;;;;;
-91;0;73;0;;;;;;;;
61;0;82;0;;;;;;;;
61;0;75;0;;;;;;;;
25;0;24;0;;;;;;;;
67;0;39;0;;;;;;;;
100;0;-34;0;;;;;;;;
-33;0;9;0;;;;;;;;
-17;0;-117;0;;;;;;;;
22;0;24;0;;;;;;;;
86;0;-21;0;;;;;;;;
-3;0;-61;0;;;;;;;;
34;0;-13;0;;;;;;;;
124;0;-85;0;;;;;;;;
120;0;-67;0;;;;;;;;
-58;0;99;0;;;;;;;;
-42;0;42;0;;;;;;;;
120;0;-64;0;;;;;;;;
61;0;0;0;;;;;;;;
9;0;70;0;;;;;;;;
-3;0;88;0;;;;;;;;
122;0;-42;0;;;;;;;;
107;0;-61;0;;;;;;;;
-119;0;-49;0;;;;;;;;
21;0;-41;0;;;;;;;;
-22;0;-5;0;;;;;;;;
4;0;35;0;;;;;;;;
71;0;-25;0;;;;;;;;
-60;0;-77;0;;;;;;;;
-75;0;48;0;;;;;;;;
-11;0;-55;0;;;;;;;;
123;0;-76;0;;;;;;;;
-74;0;-25;0;;;;;;;;
88;0;114;0;;;;;;;;
-37;0;-90;0;;;;;;;;
-94;0;0;0;;;;;;;;
-44;0;-45;0;;;;;;;;
65;0;-114;0;;;;;;;;
-99;0;-91;0;;;;;;;;
22;0;-14;0;;;;;;;;
81;0;5;0;;;;;;;;
-74;0;-36;0;;;;;;;;
-50;0;-98;0;;;;;;;;
-67;0;41;0;;;;;;;;
-7;0;-101;0;;;;;;;;
-76;0;-13;0;;;;;;;;
-83;0;91;0;;;;;;;;
65;0;-119;0;;;;;;;;
44;0;12;0;;;;;;;;
-111;0;-14;0;;;;;;;;
7;0;-121;0;;;;;;;;
-103;0;3;0;;;;;;;;
-23;0;61;0;;;;;;;;
46;0;104;0;;;;;;;;
80;0;13;0;;;;;;;;
53;0;47;0;;;;;;;;
62;0;-48;0;;;;;;;;
-54;0;-107;0;;;;;;;;
-60;0;-116;0;;;;;;;;
-43;0;111;0;;;;;;;;
-56;0;-35;0;;;;;;;;
-19;0;82;0;;;;;;;;
-90;0;90;0;;;;;;;;
40;0;-81;0;;;;;;;;
99;0;4;0;;;;;;;;
-48;0;65;0;;;;;;;;
8;0;54;0;;;;;;;;
46;0;-65;0;;;;;;;;
67;0;23;0;;;;;;;;
109;0;-113;0;;;;;;;;
36;0;-97;0;;;;;;;;
48;0;-24;0;;;;;;;;
-95;0;-49;0;;;;;;;;
-112;0;-22;0;;;;;;;;
84;0;82;0;;;;;;;;
-53;0;95;0;;;;;;;;
87;0;-14;0;;;;;;;;
71;0;-67;0;;;;;;;;
-115;0;93;0;;;;;;;;
31;0;122;0;;;;;;;;
34;0;80;0;;;;;;;;
-119;0;-6;0;;;;;;;;
41;0;116;0;;;;;;;;
-43;0;2;0;;;;;;;;
-31;0;-14;0;;;;;;;;
-53;0;-123;0;;;;;;;;
72;0;-94;0;;;;;;;;
34;0;-36;0;;;;;;;;
103;0;-81;0;;;;;;;;
-110;0;-69;0;;;;;;;;
61;0;89;0;;;;;;;;
104;0;-33;0;;;;;;;;
13;0;5;0;;;;;;;;
100;0;-59;0;;;;;;;;
-67;0;-93;0;;;;;;;;
51;0;5;0;;;;;;;;
-116;0;-70;0;;;;;;;;
60;0;91;0;;;;;;;;
25;0;73;0;;;;;;;;
-25;0;-90;0;;;;;;;;
115;0;-49;0;;;;;;;;
14;0;-120;0;;;;;;;;
27;0;41;0;;;;;;;;
-16;0;17;0;;;;;;;;
-75;0;99;0;;;;;;;;
-50;0;106;0;;;;;;;;
-78;0;-37;0;;;;;;;;
-54;0;-92;0;;;;;;;;
-31;0;32;0;;;;;;;;
33;0;70;0;;;;;;;;
25;0;-10;0;;;;;;;;
39;0;-86;0;;;;;;;;
42;0;-125;0;;;;;;;;
62;0;-93;0;;;;;;;;
75;0;-28;0;;;;;;;;
-121;0;-28;0;;;;;;;;
-59;0;17;0;;;;;;;;
-21;0;-32;0;;;;;;;;
-19;0;-65;0;;;;;;;;
-98;0;3;0;;;;;;;;
42;0;-99;0;;;;;;;;
-79;0;23;0;;;;;;;;
21;0;39;0;;;;;;;;
49;0;-95;0;;;;;;;;
103;0;99;0;;;;;;;;
-21;0;70;0;;;;;;;;
32;0;-9;0;;;;;;;;
-35;0;-27;0;;;;;;;;
-33;0;-125;0;;;;;;;;
51;0;-31;0;;;;;;;;
-81;0;53;0;;;;;;;;
13;0;18;0;;;;;;;;
74;0;10;0;;;;;;;;
-55;0;-117;0;;;;;;;;
98;0;-112;0;;;;;;;;
2;0;-2;0;;;;;;;;
33;0;15;0;;;;;;;;
34;0;59;0;;;;;;;;
45;0;-13;0;;;;;;;;
-4;0;-55;0;;;;;;;;
-102;0;-19;0;;;;;;;;
23;0;-49;0;;;;;;;;
57;0;-36;0;;;;;;;;
-109;0;-61;0;;;;;;;;
-12;0;114;0;;;;;;;;
85;0;-34;0;;;;;;;;
79;0;-9;0;;;;;;;;
-120;0;-8;0;;;;;;;;
-101;0;-31;0;;;;;;;;
-102;0;34;0;;;;;;;;
34;0;-74;0;;;;;;;;
64;0;-19;0;;;;;;;;
46;0;111;0;;;;;;;;
-17;0;-11;0;;;;;;;;
-90;0;-77;0;;;;;;;;
-24;0;34;0;;;;;;;;
-113;0;56;0;;;;;;;;
-105;0;8;0;;;;;;;;
119;0;-74;0;;;;;;;;
-79;0;-97;0;;;;;;;;
43;0;-54;0;;;;;;;;
110;0;53;0;;;;;;;;
88;0;106;0;;;;;;;;
107;0;100;0;;;;;;;;
33;0;35;0;;;;;;;;
85;0;109;0;;;;;;;;
71;0;-5;0;;;;;;;;
-102;0;-36;0;;;;;;;;
124;0;125;0;;;;;;;;
-14;0;-30;0;;;;;;;;
41;0;-79;0;;;;;;;;
-7;0;14;0;;;;;;;;
-101;0;34;0;;;;;;;;
-92;0;28;0;;;;;;;;
-24;0;4;0;;;;;;;;
-23;0;41;0;;;;;;;;
57;0;-121;0;;;;;;;;
-113;0;86;0;;;;;;;;
-55;0;10;0;;;;;;;;
96;0;123;0;;;;;;;;
46;0;-54;0;;;;;;;;
72;0;22;0;;;;;;;;
-37;0;-123;0;;;;;;;;
67;0;-111;0;;;;;;;;
94;0;102;0;;;;;;;;
123;0;23;0;;;;;;;;
97;0;13;0;;;;;;;;
28;0;-74;0;;;;;;;;
12;0;88;0;;;;;;;;
-52;0;111;0;;;;;;;;
-104;0;-123;0;;;;;;;;
23;0;87;0;;;;;;;;
29;0;81;0;;;;;;;;
16;0;-96;0;;;;;;;;
-74;0;24;0;;;;;;;;
20;0;-107;0;;;;;;;;
-107;0;4;0;;;;;;;;
5;0;-81;0;;;;;;;;
114;0;64;0;;;;;;;;
-35;0;62;0;;;;;;;;
2;0;-102;0;;;;;;;;
124;0;86;0;;;;;;;;
41;0;56;0;;;;;;;;
-100;0;73;0;;;;;;;;
49;0;60;0;;;;;;;;
103;0;-6;0;;;;;;;;
75;0;-90;0;;;;;;;;
-37;0;-82;0;;;;;;;;
80;0;-22;0;;;;;;;;
-65;0;-21;0;;;;;;;;
-61;0;-27;0;;;;;;;;
-1;0;-31;0;;;;;;;;
-110;0;119;0;;;;;;;;
-56;0;-34;0;;;;;;;;
-60;0;-85;0;;;;;;;;
-123;0;47;0;;;;;;;;
-3;0;86;0;;;;;;;;
75;0;3;0;;;;;;;;
-69;0;-18;0;;;;;;;;
-100;0;15;0;;;;;;;;
53;0;113;0;;;;;;;;
82;0;4;0;;;;;;;;
-44;0;-109;0;;;;;;;;
-98;0;9;0;;;;;;;;
48;0;64;0;;;;;;;;
-35;0;-101;0;;;;;;;;
27;0;14;0;;;;;;;;
59;0;-34;0;;;;;;;;
-45;0;-9;0;;;;;;;;
-13;0;-112;0;;;;;;;;
-59;0;118;0;;;;;;;;
-105;0;29;0;;;;;;;;
10;0;23;0;;;;;;;;
-40;0;-100;0;;;;;;;;
90;0;-5;0;;;;;;;;
0;0;-64;0;;;;;;;;
-35;0;40;0;;;;;;;;
-125;0;-3;0;;;;;;;;
-81;0;88;0;;;;;;;;
-81;0;109;0;;;;;;;;
111;0;-98;0;;;;;;;;
-10;0;-53;0;;;;;;;;
121;0;33;0;;;;;;;;
-69;0;-22;0;;;;;;;;
-3;0;-1;0;;;;;;;;
97;0;-121;0;;;;;;;;
16;0;-47;0;;;;;;;;
28;0;-74;0;;;;;;;;
46;0;40;0;;;;;;;;
9;0;93;0;;;;;;;;
-43;0;-118;0;;;;;;;;
36;0;-52;0;;;;;;;;
14;0;51;0;;;;;;;;
54;0;29;0;;;;;;;;
17;0;-48;0;;;;;;;;
43;0;-30;0;;;;;;;;
-83;0;6;0;;;;;;;;
6;0;90;0;;;;;;;;
-125;0;80;0;;;;;;;;
-106;0;88;0;;;;;;;;
10;0;56;0;;;;;;;;
2;0;-77;0;;;;;;;;
-51;0;-29;0;;;;;;;;
-125;0;-32;0;;;;;;;;
-35;0;123;0;;;;;;;;
56;0;-113;0;;;;;;;;
37;0;-39;0;;;;;;;;
-31;0;63;0;;;;;;;;
-83;0;6;0;;;;;;;;
-65;0;120;0;;;;;;;;
109;0;-103;0;;;;;;;;
-11;0;-116;0;;;;;;;;
68;0;-93;0;;;;;;;;
60;0;36;0;;;;;;;;
-16;0;-85;0;;;;;;;;
-8;0;54;0;;;;;;;;
-116;0;110;0;;;;;;;;
-108;0;-32;0;;;;;;;;
25;0;101;0;;;;;;;;
125;0;76;0;;;;;;;;
-32;0;-77;0;;;;;;;;
-108;0;-40;0;;;;;;;;
-102;0;-39;0;;;;;;;;
122;0;-35;0;;;;;;;;
-50;0;96;0;;;;;;;;
-90;0;-97;0;;;;;;;;
53;0;8;0;;;;;;;;
-10;0;-85;0;;;;;;;;
-111;0;-84;0;;;;;;;;
-50;0;73;0;;;;;;;;
96;0;-43;0;;;;;;;;
-49;0;74;0;;;;;;;;
1;0;99;0;;;;;;;;
80;0;43;0;;;;;;;;
36;0;-48;0;;;;;;;;
78;0;-34;0;;;;;;;;
10;0;64;0;;;;;;;;
55;0;55;0;;;;;;;;
23;0;43;0;;;;;;;;
47;0;-106;0;;;;;;;;
9;0;-105;0;;;;;;;;
78;0;122;0;;;;;;;;
-39;0;42;0;;;;;;;;
-12;0;-91;0;;;;;;;;
55;0;71;0;;;;;;;;
79;0;-77;0;;;;;;;;
48;0;-38;0;;;;;;;;
-31;0;-72;0;;;;;;;;
-72;0;-92;0;;;;;;;;
44;0;26;0;;;;;;;;
-12;0;-84;0;;;;;;;;
-102;0;-98;0;;;;;;;;
-22;0;-40;0;;;;;;;;
26;0;-13;0;;;;;;;;
112;0;83;0;;;;;;;;
-34;0;8;0;;;;;;;;
-11;0;117;0;;;;;;;;
82;0;-105;0;;;;;;;;
-63;0;-48;0;;;;;;;;
-61;0;75;0;;;;;;;;
-122;0;16;0;;;;;;;;
-116;0;-86;0;;;;;;;;
-69;0;-36;0;;;;;;;;
26;0;-66;0;;;;;;;;
-108;0;-115;0;;;;;;;;
-57;0;34;0;;;;;;;;
-80;0;-32;0;;;;;;;;
-82;0;18;0;;;;;;;;
23;0;34;0;;;;;;;;
64;0;124;0;;;;;;;;
-120;0;-67;0;;;;;;;;
60;0;-14;0;;;;;;;;
-100;0;-23;0;;;;;;;;
98;0;-83;0;;;;;;;;
-5;0;0;0;;;;;;;;
76;0;-70;0;;;;;;;;
-3;0;34;0;;;;;;;;
102;0;-82;0;;;;;;;;
85;0;-84;0;;;;;;;;
-59;0;41;0;;;;;;;;
125;0;18;0;;;;;;;;
-120;0;118;0;;;;;;;;
-78;0;-21;0;;;;;;;;
-1;0;32;0;;;;;;;;
122;0;44;0;;;;;;;;
37;0;-88;0;;;;;;;;
35;0;92;0;;;;;;;;
-42;0;-10;0;;;;;;;;
-111;0;107;0;;;;;;;;
26;0;-70;0;;;;;;;;
-45;0;69;0;;;;;;;;
-55;0;3;0;;;;;;;;
-63;0;-125;0;;;;;;;;
-36;0;-73;0;;;;;;;;
121;0;-14;0;;;;;;;;
75;0;47;0;;;;;;;;
-68;0;-1;0;;;;;;;;
41;0;82;0;;;;;;;;
44;0;86;0;;;;;;;;
-20;0;17;0;;;;;;;;
77;0;25;0;;;;;;;;
111;0;-83;0;;;;;;;;
63;0;-107;0;;;;;;;;
-30;0;-116;0;;;;;;;;
5;0;99;0;;;;;;;;
-46;0;-71;0;;;;;;;;
12;0;49;0;;;;;;;;
-22;0;-13;0;;;;;;;;
49;0;-30;0;;;;;;;;
62;0;25;0;;;;;;;;
125;0;-86;0;;;;;;;;
18;0;-50;0;;;;;;;;
-8;0;37;0;;;;;;;;
61;0;-63;0;;;;;;;;
-77;0;116;0;;;;;;;;
44;0;65;0;;;;;;;;
-78;0;63;0;;;;;;;;
-51;0;82;0;;;;;;;;
119;0;-48;0;;;;;;;;
-61;0;121;0;;;;;;;;
-122;0;1;0;;;;;;;;
-61;0;20;0;;;;;;;;
84;0;104;0;;;;;;;;
-95;0;-75;0;;;;;;;;
-36;0;-68;0;;;;;;;;
-54;0;-85;0;;;;;;;;
98;0;-119;0;;;;;;;;
83;0;56;0;;;;;;;;
-65;0;34;0;;;;;;;;
103;0;-60;0;;;;;;;;
23;0;70;0;;;;;;;;
-64;0;101;0;;;;;;;;
-116;0;-39;0;;;;;;;;
-56;0;14;0;;;;;;;;
-15;0;-8;0;;;;;;;;
55;0;52;0;;;;;;;;
-18;0;114;0;;;;;;;;
117;0;13;0;;;;;;;;
99;0;3;0;;;;;;;;
-53;0;88;0;;;;;;;;
-7;0;53;0;;;;;;;;
89;0;59;0;;;;;;;;
-117;0;77;0;;;;;;;;
-14;0;33;0;;;;;;;;
-33;0;-106;0;;;;;;;;
-117;0;124;0;;;;;;;;
52;0;-49;0;;;;;;;;
12;0;73;0;;;;;;;;
-7;0;-112;0;;;;;;;;
-27;0;92;0;;;;;;;;
38;0;-24;0;;;;;;;;
97;0;56;0;;;;;;;;
-48;0;11;0;;;;;;;;
-118;0;9;0;;;;;;;;
-3;0;-9;0;;;;;;;;
-58;0;-30;0;;;;;;;;
57;0;93;0;;;;;;;;
101;0;73;0;;;;;;;;
13;0;-59;0;;;;;;;;
-47;0;16;0;;;;;;;;
-3;0;-108;0;;;;;;;;
117;0;-103;0;;;;;;;;
-34;0;113;0;;;;;;;;
-122;0;5;0;;;;;;;;
-18;0;58;0;;;;;;;;
-125;0;103;0;;;;;;;;
-125;0;105;0;;;;;;;;
-22;0;-16;0;;;;;;;;
-109;0;97;0;;;;;;;;
-72;0;-39;0;;;;;;;;
30;0;93;0;;;;;;;;
-32;0;-48;0;;;;;;;;
-21;0;-52;0;;;;;;;;
-64;0;95;0;;;;;;;;
-47;0;-19;0;;;;;;;;
-46;0;54;0;;;;;;;;
-91;0;-66;0;;;;;;;;
54;0;-55;0;;;;;;;;
77;0;81;0;;;;;;;;
-1;0;-84;0;;;;;;;;
-30;0;-94;0;;;;;;;;
50;0;3;0;;;;;;;;
60;0;1;0;;;;;;;;
118;0;28;0;;;;;;;;
-57;0;-85;0;;;;;;;;
-81;0;-85;0;;;;;;;;
80;0;-86;0;;;;;;;;
-114;0;26;0;;;;;;;;
-75;0;18;0;;;;;;;;
3;0;19;0;;;;;;;;
-14;0;103;0;;;;;;;;
114;0;119;0;;;;;;;;
13;0;-17;0;;;;;;;;
67;0;-20;0;;;;;;;;
-115;0;20;0;;;;;;;;
-79;0;33;0;;;;;;;;
-72;0;-56;0;;;;;;;;
16;0;-40;0;;;;;;;;
116;0;63;0;;;;;;;;
31;0;116;0;;;;;;;;
46;0;75;0;;;;;;;;
-75;0;-106;0;;;;;;;;
60;0;30;0;;;;;;;;
-120;0;93;0;;;;;;;;
-110;0;-112;0;;;;;;;;
62;0;-37;0;;;;;;;;
-112;0;-103;0;;;;;;;;
-120;0;42;0;;;;;;;;
81;0;91;0;;;;;;;;
18;0;-49;0;;;;;;;;
86;0;-25;0;;;;;;;;
-39;0;-69;0;;;;;;;;
-96;0;-31;0;;;;;;;;
-108;0;36;0;;;;;;;;
2;0;-14;0;;;;;;;;
78;0;-99;0;;;;;;;;
24;0;123;0;;;;;;;;
71;0;67;0;;;;;;;;
-111;0;110;0;;;;;;;;
-70;0;49;0;;;;;;;;
-114;0;-41;0;;;;;;;;
84;0;47;0;;;;;;;;
34;0;-124;0;;;;;;;;
75;0;80;0;;;;;;;;
-76;0;8;0;;;;;;;;
73;0;-30;0;;;;;;;;
-42;0;-41;0;;;;;;;;
2;0;-26;0;;;;;;;;
-119;0;93;0;;;;;;;;
-83;0;95;0;;;;;;;;
-107;0;1;0;;;;;;;;
115;0;-76;0;;;;;;;;
66;0;120;0;;;;;;;;
-73;0;-39;0;;;;;;;;
-47;0;-110;0;;;;;;;;
-53;0;27;0;;;;;;;;
-115;0;38;0;;;;;;;;
26;0;-1;0;;;;;;;;
-93;0;34;0;;;;;;;;
19;0;93;0;;;;;;;;
-100;0;9;0;;;;;;;;
29;0;121;0;;;;;;;;
-64;0;92;0;;;;;;;;
-8;0;22;0;;;;;;;;
-67;0;-52;0;;;;;;;;
43;0;1;0;;;;;;;;
76;0;-6;0;;;;;;;;
92;0;99;0;;;;;;;;
-67;0;-114;0;;;;;;;;
71;0;12;0;;;;;;;;
-4;0;-52;0;;;;;;;;
-33;0;-43;0;;;;;;;;
-62;0;-114;0;;;;;;;;
-88;0;60;0;;;;;;;;
90;0;-45;0;;;;;;;;
31;0;-96;0;;;;;;;;
-118;0;-46;0;;;;;;;;
-115;0;3;0;;;;;;;;
-52;0;45;0;;;;;;;;
27;0;26;0;;;;;;;;
41;0;-109;0;;;;;;;;
-20;0;96;0;;;;;;;;
23;0;-10;0;;;;;;;;
-23;0;-58;0;;;;;;;;
-26;0;-81;0;;;;;;;;
22;0;-66;0;;;;;;;;
-35;0;83;0;;;;;;;;
114;0;-74;0;;;;;;;;
-38;0;64;0;;;;;;;;
-42;0;-63;0;;;;;;;;
-112;0;-96;0;;;;;;;;
97;0;40;0;;;;;;;;
-21;0;53;0;;;;;;;;
-50;0;43;0;;;;;;;;
-49;0;93;0;;;;;;;;
-74;0;-69;0;;;;;;;;
-97;0;69;0;;;;;;;;
122;0;38;0;;;;;;;;
-23;0;83;0;;;;;;;;
-1;0;122;0;;;;;;;;
-121;0;-28;0;;;;;;;;
87;0;19;0;;;;;;;;
-123;0;110;0;;;;;;;;
-94;0;61;0;;;;;;;;
-111;0;-16;0;;;;;;;;
-27;0;-37;0;;;;;;;;
76;0;-72;0;;;;;;;;
51;0;85;0;;;;;;;;
2;0;113;0;;;;;;;;
-62;0;30;0;;;;;;;;
-93;0;12;0;;;;;;;;
114;0;27;0;;;;;;;;
-100;0;-92;0;;;;;;;;
-109;0;46;0;;;;;;;;
76;0;89;0;;;;;;;;
7;0;68;0;;;;;;;;
-38;0;15;0;;;;;;;;
15;0;-10;0;;;;;;;;
66;0;6;0;;;;;;;;
70;0;40;0;;;;;;;;
-107;0;63;0;;;;;;;;
64;0;94;0;;;;;;;;
-47;0;75;0;;;;;;;;
-23;0;40;0;;;;;;;;
-52;0;-27;0;;;;;;;;
109;0;50;0;;;;;;;;
-32;0;7;0;;;;;;;;
65;0;7;0;;;;;;;;
74;0;-69;0;;;;;;;;
-86;0;-73;0;;;;;;;;
40;0;95;0;;;;;;;;
-74;0;0;0;;;;;;;;
26;0;-124;0;;;;;;;;
74;0;-37;0;;;;;;;;
90;0;103;0;;;;;;;;
4;0;-20;0;;;;;;;;
116;0;74;0;;;;;;;;
-89;0;45;0;;;;;;;;
-99;0;44;0;;;;;;;;
-14;0;-52;0;;;;;;;;
101;0;-5;0;;;;;;;;
-77;0;43;0;;;;;;;;
-96;0;-113;0;;;;;;;;
-104;0;26;0;;;;;;;;
86;0;-78;0;;;;;;;;
-39;0;5;0;;;;;;;;
17;0;-65;0;;;;;;;;
-69;0;55;0;;;;;;;;
-68;0;19;0;;;;;;;;
-113;0;101;0;;;;;;;;
-115;0;19;0;;;;;;;;
33;0;-116;0;;;;;;;;
124;0;108;0;;;;;;;;
97;0;107;0;;;;;;;;
64;0;-82;0;;;;;;;;
-98;0;-104;0;;;;;;;;
90;0;35;0;;;;;;;;
-96;0;-112;0;;;;;;;;
-30;0;-29;0;;;;;;;;
107;0;80;0;;;;;;;;
19;0;70;0;;;;;;;;
-99;0;57;0;;;;;;;;
0;0;5;0;;;;;;;;
-104;0;103;0;;;;;;;;
-42;0;56;0;;;;;;;;
75;0;34;0;;;;;;;;
-5;0;13;0;;;;;;;;
-69;0;-1;0;;;;;;;;
53;0;49;0;;;;;;;;
119;0;1;0;;;;;;;;
-59;0;-98;0;;;;;;;;
50;0;-49;0;;;;;;;;
-96;0;48;0;;;;;;;;
-91;0;20;0;;;;;;;;
-124;0;26;0;;;;;;;;
-113;0;-30;0;;;;;;;;
55;0;-86;0;;;;;;;;
79;0;44;0;;;;;;;;
88;0;-84;0;;;;;;;;
-7;0;-113;0;;;;;;;;
-111;0;81;0;;;;;;;;
29;0;-88;0;;;;;;;;
-27;0;-33;0;;;;;;;;
31;0;76;0;;;;;;;;
12;0;78;0;;;;;;;;
-26;0;-55;0;;;;;;;;
-125;0;119;0;;;;;;;;
-82;0;-12;0;;;;;;;;
30;0;31;0;;;;;;;;
-62;0;9;0;;;;;;;;
22;0;-97;0;;;;;;;;
-44;0;-21;0;;;;;;;;
94;0;13;0;;;;;;;;
-120;0;-119;0;;;;;;;;
18;0;-49;0;;;;;;;;
-44;0;-92;0;;;;;;;;
56;0;93;0;;;;;;;;
-125;0;-43;0;;;;;;;;
-28;0;-35;0;;;;;;;;
32;0;21;0;;;;;;;;
-60;0;82;0;;;;;;;;
39;0;106;0;;;;;;;;
97;0;72;0;;;;;;;;
81;0;-6;0;;;;;;;;
-64;0;125;0;;;;;;;;
7;0;-44;0;;;;;;;;
-58;0;-105;0;;;;;;;;
8;0;96;0;;;;;;;;
65;0;-36;0;;;;;;;;
-31;0;112;0;;;;;;;;
-31;0;17;0;;;;;;;;
-51;0;-73;0;;;;;;;;
106;0;-77;0;;;;;;;;
4;0;-91;0;;;;;;;;
42;0;79;0;;;;;;;;
-29;0;-67;0;;;;;;;;
-45;0;36;0;;;;;;;;
-70;0;-46;0;;;;;;;;
19;0;-78;0;;;;;;;;
-82;0;-101;0;;;;;;;;
104;0;-61;0;;;;;;;;
26;0;33;0;;;;;;;;
-89;0;55;0;;;;;;;;
-104;0;-68;0;;;;;;;;
74;0;92;0;;;;;;;;
30;0;28;0;;;;;;;;
-86;0;13;0;;;;;;;;
7;0;116;0;;;;;;;;
-53;0;-124;0;;;;;;;;
49;0;-68;0;;;;;;;;
87;0;-69;0;;;;;;;;
-104;0;-65;0;;;;;;;;
67;0;-26;0;;;;;;;;
59;0;24;0;;;;;;;;
118;0;81;0;;;;;;;;
-108;0;-84;0;;;;;;;;
38;0;-27;0;;;;;;;;
50;0;125;0;;;;;;;;
10;0;-73;0;;;;;;;;
109;0;109;0;;;;;;;;
67;0;-93;0;;;;;;;;
37;0;-13;0;;;;;;;;
-44;0;-6;0;;;;;;;;
83;0;-72;0;;;;;;;;
38;0;9;0;;;;;;;;
-112;0;-104;0;;;;;;;;
25;0;110;0;;;;;;;;
2;0;-104;0;;;;;;;;
13;0;52;0;;;;;;;;
-106;0;25;0;;;;;;;;
87;0;44;0;;;;;;;;
-96;0;-44;0;;;;;;;;
-52;0;53;0;;;;;;;;
-116;0;-18;0;;;;;;;;
5;0;106;0;;;;;;;;
22;0;-30;0;;;;;;;;
-106;0;-96;0;;;;;;;;
7;0;-90;0;;;;;;;;
-28;0;85;0;;;;;;;;
-8;0;-41;0;;;;;;;;
-123;0;67;0;;;;;;;;
4;0;117;0;;;;;;;;
79;0;-45;0;;;;;;;;
54;0;-61;0;;;;;;;;
74;0;-52;0;;;;;;;;
-47;0;102;0;;;;;;;;
106;0;-52;0;;;;;;;;
93;0;-9;0;;;;;;;;
-85;0;-6;0;;;;;;;;
57;0;24;0;;;;;;;;
-76;0;-109;0;;;;;;;;
18;0;-9;0;;;;;;;;
10;0;83;0;;;;;;;;
76;0;-36;0;;;;;;;;
-38;0;98;0;;;;;;;;
70;0;-87;0;;;;;;;;
72;0;30;0;;;;;;;;
37;0;123;0;;;;;;;;
-25;0;22;0;;;;;;;;
18;0;117;0;;;;;;;;
-62;0;11;0;;;;;;;;
35;0;123;0;;;;;;;;
-112;0;-46;0;;;;;;;;
61;0;93;0;;;;;;;;
65;0;-14;0;;;;;;;;
56;0;-102;0;;;;;;;;
40;0;41;0;;;;;;;;
-98;0;-91;0;;;;;;;;
-11;0;-114;0;;;;;;;;
-100;0;-20;0;;;;;;;;
6;0;-73;0;;;;;;;;
101;0;56;0;;;;;;;;
72;0;41;0;;;;;;;;
-81;0;-4;0;;;;;;;;
-69;0;69;0;;;;;;;;
-53;0;-74;0;;;;;;;;
-26;0;53;0;;;;;;;;
-82;0;94;0;;;;;;;;
-89;0;18;0;;;;;;;;
39;0;-29;0;;;;;;;;
-86;0;18;0;;;;;;;;
-13;0;76;0;;;;;;;;
69;0;78;0;;;;;;;;
-65;0;53;0;;;;;;;;
-26;0;-44;0;;;;;;;;
-88;0;-1;0;;;;;;;;
9;0;-74;0;;;;;;;;
-37;0;78;0;;;;;;;;
-33;0;101;0;;;;;;;;
34;0;-73;0;;;;;;;;
50;0;51;0;;;;;;;;
-82;0;77;0;;;;;;;;
-47;0;-21;0;;;;;;;;
105;0;120;0;;;;;;;;
-123;0;70;0;;;;;;;;
-26;0;-66;0;;;;;;;;
-83;0;62;0;;;;;;;;
120;0;-66;0;;;;;;;;
60;0;-55;0;;;;;;;;
-121;0;-31;0;;;;;;;;
122;0;-67;0;;;;;;;;
25;0;-116;0;;;;;;;;
82;0;-71;0;;;;;;;;
-4;0;93;0;;;;;;;;
-53;0;-65;0;;;;;;;;
76;0;-35;0;;;;;;;;
43;0;-96;0;;;;;;;;
76;0;15;0;;;;;;;;
50;0;-82;0;;;;;;;;
-53;0;-10;0;;;;;;;;
-66;0;71;0;;;;;;;;
-70;0;-18;0;;;;;;;;
-9;0;-85;0;;;;;;;;
75;0;35;0;;;;;;;;
60;0;-95;0;;;;;;;;
-71;0;-25;0;;;;;;;;
-89;0;79;0;;;;;;;;
-86;0;-102;0;;;;;;;;
92;0;115;0;;;;;;;;
106;0;6;0;;;;;;;;
34;0;14;0;;;;;;;;
-59;0;30;0;;;;;;;;
35;0;-87;0;;;;;;;;
56;0;-94;0;;;;;;;;
-52;0;122;0;;;;;;;;
-107;0;-20;0;;;;;;;;
95;0;-54;0;;;;;;;;
58;0;-31;0;;;;;;;;
-62;0;121;0;;;;;;;;
110;0;59;0;;;;;;;;
48;0;62;0;;;;;;;;
-38;0;55;0;;;;;;;;
86;0;-20;0;;;;;;;;
-79;0;100;0;;;;;;;;
80;0;93;0;;;;;;;;
-20;0;-113;0;;;;;;;;
109;0;-32;0;;;;;;;;
-48;0;78;0;;;;;;;;
65;0;-70;0;;;;;;;;
-46;0;-118;0;;;;;;;;
-48;0;71;0;;;;;;;;
-76;0;77;0;;;;;;;;
-12;0;-6;0;;;;;;;;
-99;0;18;0;;;;;;;;
-33;0;-34;0;;;;;;;;
96;0;59;0;;;;;;;;
22;0;81;0;;;;;;;;
27;0;59;0;;;;;;;;
117;0;51;0;;;;;;;;
-124;0;-40;0;;;;;;;;
123;0;-48;0;;;;;;;;
-7;0;-33;0;;;;;;;;
-70;0;-68;0;;;;;;;;
-34;0;20;0;;;;;;;;
30;0;-49;0;;;;;;;;
-68;0;122;0;;;;;;;;
-84;0;27;0;;;;;;;;
-87;0;109;0;;;;;;;;
97;0;-46;0;;;;;;;;
-33;0;119;0;;;;;;;;
121;0;38;0;;;;;;;;
-75;0;39;0;;;;;;;;
35;0;-80;0;;;;;;;;
-113;0;69;0;;;;;;;;
-31;0;-44;0;;;;;;;;
21;0;-32;0;;;;;;;;
-122;0;61;0;;;;;;;;
-20;0;103;0;;;;;;;;
-33;0;44;0;;;;;;;;
-58;0;5;0;;;;;;;;
82;0;83;0;;;;;;;;
96;0;40;0;;;;;;;;
-116;0;-95;0;;;;;;;;
-112;0;23;0;;;;;;;;
26;0;-71;0;;;;;;;;
45;0;-117;0;;;;;;;;
63;0;101;0;;;;;;;;
68;0;-90;0;;;;;;;;
80;0;84;0;;;;;;;;
-70;0;44;0;;;;;;;;
92;0;17;0;;;;;;;;
121;0;-27;0;;;;;;;;
-50;0;15;0;;;;;;;;
86;0;62;0;;;;;;;;
43;0;-87;0;;;;;;;;
-19;0;-61;0;;;;;;;;
-23;0;-62;0;;;;;;;;
-99;0;-55;0;;;;;;;;
-69;0;-65;0;;;;;;;;
-88;0;-97;0;;;;;;;;
-97;0;-52;0;;;;;;;;
-36;0;66;0;;;;;;;;
-113;0;-116;0;;;;;;;;
61;0;-50;0;;;;;;;;
123;0;-75;0;;;;;;;;
74;0;-27;0;;;;;;;;
12;0;-30;0;;;;;;;;
118;0;49;0;;;;;;;;
-104;0;34;0;;;;;;;;
-15;0;-108;0;;;;;;;;
82;0;-68;0;;;;;;;;
-12;0;-70;0;;;;;;;;
43;0;-105;0;;;;;;;;
65;0;107;0;;;;;;;;
19;0;95;0;;;;;;;;
13;0;-99;0;;;;;;;;
-91;0;-25;0;;;;;;;;
-52;0;77;0;;;;;;;;
43;0;99;0;;;;;;;;
50;0;-33;0;;;;;;;;
-103;0;-35;0;;;;;;;;
4;0;93;0;;;;;;;;
-112;0;-119;0;;;;;;;;
-110;0;5;0;;;;;;;;
50;0;84;0;;;;;;;;
32;0;21;0;;;;;;;;
-118;0;60;0;;;;;;;;
-60;0;87;0;;;;;;;;
55;0;-58;0;;;;;;;;
-79;0;113;0;;;;;;;;
52;0;-79;0;;;;;;;;
-2;0;-55;0;;;;;;;;
-47;0;-72;0;;;;;;;;
16;0;-68;0;;;;;;;;
-9;0;-46;0;;;;;;;;
93;0;-44;0;;;;;;;;
-55;0;20;0;;;;;;;;
55;0;54;0;;;;;;;;
35;0;46;0;;;;;;;;
54;0;89;0;;;;;;;;
-31;0;-37;0;;;;;;;;
59;0;-88;0;;;;;;;;
13;0;100;0;;;;;;;;
96;0;88;0;;;;;;;;
5;0;101;0;;;;;;;;
21;0;-27;0;;;;;;;;
-7;0;-95;0;;;;;;;;
14;0;90;0;;;;;;;;
-3;0;-44;0;;;;;;;;
1;0;-50;0;;;;;;;;
18;0;110;0;;;;;;;;
125;0;-51;0;;;;;;;;
79;0;-109;0;;;;;;;;
35;0;-121;0;;;;;;;;
17;0;-28;0;;;;;;;;
-49;0;57;0;;;;;;;;
-68;0;125;0;;;;;;;;
-48;0;108;0;;;;;;;;
-112;0;-65;0;;;;;;;;
-89;0;-55;0;;;;;;;;
-73;0;12;0;;;;;;;;
-73;0;113;0;;;;;;;;
28;0;47;0;;;;;;;;
-119;0;-121;0;;;;;;;;
27;0;-79;0;;;;;;;;
-117;0;-10;0;;;;;;;;
-120;0;59;0;;;;;;;;
68;0;125;0;;;;;;;;
67;0;-31;0;;;;;;;;
-109;0;43;0;;;;;;;;
-95;0;-77;0;;;;;;;;
73;0;-39;0;;;;;;;;
2;0;-99;0;;;;;;;;
-121;0;66;0;;;;;;;;
-22;0;-68;0;;;;;;;;
107;0;122;0;;;;;;;;
33;0;-40;0;;;;;;;;
49;0;17;0;;;;;;;;
-94;0;48;0;;;;;;;;
-62;0;9;0;;;;;;;;
-85;0;-71;0;;;;;;;;
-11;0;-112;0;;;;;;;;
36;0;-36;0;;;;;;;;
-80;0;-19;0;;;;;;;;
20;0;-84;0;;;;;;;;
16;0;2;0;;;;;;;;
119;0;36;0;;;;;;;;
-42;0;87;0;;;;;;;;
58;0;99;0;;;;;;;;
56;0;88;0;;;;;;;;
123;0;72;0;;;;;;;;
100;0;71;0;;;;;;;;
-123;0;-102;0;;;;;;;;
-95;0;-76;0;;;;;;;;
-77;0;-82;0;;;;;;;;
-91;0;74;0;;;;;;;;
113;0;54;0;;;;;;;;
-76;0;72;0;;;;;;;;
-79;0;-72;0;;;;;;;;
22;0;-105;0;;;;;;;;
-21;0;-1;0;;;;;;;;
3;0;-102;0;;;;;;;;
114;0;-45;0;;;;;;;;
16;0;-14;0;;;;;;;;
-116;0;-59;0;;;;;;;;
-63;0;50;0;;;;;;;;
42;0;-84;0;;;;;;;;
36;0;94;0;;;;;;;;
-34;0;-39;0;;;;;;;;
-81;0;-33;0;;;;;;;;
16;0;-119;0;;;;;;;;
-82;0;-76;0;;;;;;;;
61;0;-106;0;;;;;;;;
4;0;-52;0;;;;;;;;
15;0;34;0;;;;;;;;
104;0;0;0;;;;;;;;
-12;0;105;0;;;;;;;;
8;0;-57;0;;;;;;;;
-116;0;-111;0;;;;;;;;
-35;0;14;0;;;;;;;;
63;0;125;0;;;;;;;;
72;0;-100;0;;;;;;;;
-33;0;-115;0;;;;;;;;
-53;0;-60;0;;;;;;;;
1;0;77;0;;;;;;;;
80;0;66;0;;;;;;;;
29;0;-120;0;;;;;;;;
104;0;-95;0;;;;;;;;
-6;0;-13;0;;;;;;;;
-72;0;-88;0;;;;;;;;
82;0;-120;0;;;;;;;;
-124;0;-73;0;;;;;;;;
-30;0;48;0;;;;;;;;
-53;0;-111;0;;;;;;;;
16;0;60;0;;;;;;;;
55;0;-35;0;;;;;;;;
-116;0;-118;0;;;;;;;;
109;0;25;0;;;;;;;;
113;0;104;0;;;;;;;;
-31;0;-92;0;;;;;;;;
-88;0;2;0;;;;;;;;
23;0;-61;0;;;;;;;;
97;0;72;0;;;;;;;;
66;0;112;0;;;;;;;;
-28;0;-42;0;;;;;;;;
-75;0;70;0;;;;;;;;
-4;0;53;0;;;;;;;;
64;0;107;0;;;;;;;;
-12;0;124;0;;;;;;;;
-56;0;21;0;;;;;;;;
-47;0;-120;0;;;;;;;;
-113;0;51;0;;;;;;;;
-117;0;48;0;;;;;;;;
35;0;-48;0;;;;;;;;
121;0;118;0;;;;;;;;
49;0;-35;0;;;;;;;;
63;0;9;0;;;;;;;;
-104;0;-8;0;;;;;;;;
-66;0;-115;0;;;;;;;;
-1;0;-121;0;;;;;;;;
-17;0;101;0;;;;;;;;
-107;0;24;0;;;;;;;;
108;0;-97;0;;;;;;;;
61;0;-81;0;;;;;;;;
-5;0;-38;0;;;;;;;;
119;0;7;0;;;;;;;;
26;0;-10;0;;;;;;;;
-99;0;80;0;;;;;;;;
-45;0;-82;0;;;;;;;;
39;0;21;0;;;;;;;;
-1;0;-9;0;;;;;;;;
41;0;58;0;;;;;;;;
-7;0;-16;0;;;;;;;;
-94;0;125;0;;;;;;;;
76;0;-94;0;;;;;;;;
-98;0;66;0;;;;;;;;
103;0;52;0;;;;;;;;
-30;0;51;0;;;;;;;;
-92;0;31;0;;;;;;;;
77;0;-125;0;;;;;;;;
39;0;81;0;;;;;;;;
26;0;-54;0;;;;;;;;
-55;0;-109;0;;;;;;;;
-121;0;-28;0;;;;;;;;
63;0;-115;0;;;;;;;;
-35;0;-20;0;;;;;;;;
-36;0;16;0;;;;;;;;
95;0;-100;0;;;;;;;;
-92;0;92;0;;;;;;;;
82;0;-37;0;;;;;;;;
35;0;-96;0;;;;;;;;
-50;0;63;0;;;;;;;;
-116;0;-18;0;;;;;;;;
17;0;-33;0;;;;;;;;
75;0;44;0;;;;;;;;
-122;0;-59;0;;;;;;;;
-53;0;93;0;;;;;;;;
-47;0;110;0;;;;;;;;
118;0;-89;0;;;;;;;;
88;0;63;0;;;;;;;;
33;0;33;0;;;;;;;;
20;0;24;0;;;;;;;;
2;0;85;0;;;;;;;;
106;0;62;0;;;;;;;;
93;0;37;0;;;;;;;;
17;0;-27;0;;;;;;;;
88;0;-92;0;;;;;;;;
100;0;120;0;;;;;;;;
64;0;45;0;;;;;;;;
-52;0;99;0;;;;;;;;
96;0;-41;0;;;;;;;;
-78;0;33;0;;;;;;;;
-65;0;-9;0;;;;;;;;
-5;0;33;0;;;;;;;;
20;0;-25;0;;;;;;;;
7;0;41;0;;;;;;;;
117;0;-76;0;;;;;;;;
-89;0;56;0;;;;;;;;
92;0;-23;0;;;;;;;;
5;0;-77;0;;;;;;;;
6;0;-97;0;;;;;;;;
-11;0;69;0;;;;;;;;
58;0;-94;0;;;;;;;;
-92;0;66;0;;;;;;;;
-108;0;50;0;;;;;;;;
-116;0;60;0;;;;;;;;
103;0;39;0;;;;;;;;
100;0;19;0;;;;;;;;
-5;0;77;0;;;;;;;;
-52;0;-74;0;;;;;;;;
-56;0;-55;0;;;;;;;;
-33;0;-36;0;;;;;;;;
104;0;18;0;;;;;;;;
-14;0;-78;0;;;;;;;;
35;0;-28;0;;;;;;;;
-29;0;14;0;;;;;;;;
-56;0;-118;0;;;;;;;;
92;0;-35;0;;;;;;;;
-64;0;-16;0;;;;;;;;
7;0;95;0;;;;;;;;
110;0;-81;0;;;;;;;;
-21;0;-69;0;;;;;;;;
54;0;-48;0;;;;;;;;
111;0;-5;0;;;;;;;;
47;0;111;0;;;;;;;;
22;0;91;0;;;;;;;;
82;0;-14;0;;;;;;;;
-76;0;97;0;;;;;;;;
125;0;75;0;;;;;;;;
69;0;55;0;;;;;;;;
19;0;99;0;;;;;;;;
-112;0;-40;0;;;;;;;;
119;0;-50;0;;;;;;;;
-95;0;-122;0;;;;;;;;
110;0;70;0;;;;;;;;
-78;0;-7;0;;;;;;;;
-85;0;-4;0;;;;;;;;
117;0;101;0;;;;;;;;
-123;0;47;0;;;;;;;;
23;0;-21;0;;;;;;;;
-43;0;90;0;;;;;;;;
5;0;-16;0;;;;;;;;
-114;0;82;0;;;;;;;;
-115;0;-105;0;;;;;;;;
-12;0;-63;0;;;;;;;;
51;0;-47;0;;;;;;;;
-79;0;54;0;;;;;;;;
4;0;-111;0;;;;;;;;
-5;0;-2;0;;;;;;;;
-50;0;87;0;;;;;;;;
-123;0;56;0;;;;;;;;
117;0;-67;0;;;;;;;;
28;0;-108;0;;;;;;;;
-34;0;-23;0;;;;;;;;
-82;0;0;0;;;;;;;;
49;0;76;0;;;;;;;;
-67;0;6;0;;;;;;;;
107;0;85;0;;;;;;;;
89;0;-66;0;;;;;;;;
36;0;-116;0;;;;;;;;
-48;0;71;0;;;;;;;;
-103;0;27;0;;;;;;;;
-121;0;107;0;;;;;;;;
13;0;-17;0;;;;;;;;
58;0;5;0;;;;;;;;
-23;0;-48;0;;;;;;;;
95;0;112;0;;;;;;;;
90;0;-19;0;;;;;;;;
38;0;-18;0;;;;;;;;
75;0;48;0;;;;;;;;
-36;0;-120;0;;;;;;;;
65;0;8;0;;;;;;;;
-84;0;116;0;;;;;;;;
35;0;100;0;;;;;;;;
21;0;98;0;;;;;;;;
-26;0;123;0;;;;;;;;
-73;0;-95;0;;;;;;;;
35;0;94;0;;;;;;;;
-42;0;57;0;;;;;;;;
2;0;74;0;;;;;;;;
-87;0;-78;0;;;;;;;;
-45;0;65;0;;;;;;;;
-110;0;-66;0;;;;;;;;
5;0;62;0;;;;;;;;
94;0;48;0;;;;;;;;
-74;0;3;0;;;;;;;;
87;0;115;0;;;;;;;;
44;0;6;0;;;;;;;;
-123;0;36;0;;;;;;;;
92;0;-109;0;;;;;;;;
55;0;114;0;;;;;;;;
-124;0;86;0;;;;;;;;
-120;0;68;0;;;;;;;;
-31;0;125;0;;;;;;;;
-61;0;-71;0;;;;;;;;
-105;0;59;0;;;;;;;;
35;0;65;0;;;;;;;;
-87;0;-71;0;;;;;;;;
-44;0;-5;0;;;;;;;;
59;0;107;0;;;;;;;;
13;0;32;0;;;;;;;;
49;0;-28;0;;;;;;;;
-105;0;-8;0;;;;;;;;
-121;0;-30;0;;;;;;;;
-65;0;-103;0;;;;;;;;
4;0;-4;0;;;;;;;;
-39;0;91;0;;;;;;;;
82;0;-108;0;;;;;;;;
-104;0;-21;0;;;;;;;;
23;0;-63;0;;;;;;;;
-124;0;-39;0;;;;;;;;
101;0;-58;0;;;;;;;;
-66;0;-27;0;;;;;;;;
-21;0;-15;0;;;;;;;;
-115;0;-14;0;;;;;;;;
-109;0;27;0;;;;;;;;
124;0;91;0;;;;;;;;
-39;0;-26;0;;;;;;;;
91;0;35;0;;;;;;;;
-112;0;-37;0;;;;;;;;
28;0;31;0;;;;;;;;
18;0;97;0;;;;;;;;
29;0;95;0;;;;;;;;
-124;0;118;0;;;;;;;;
91;0;39;0;;;;;;;;
26;0;-40;0;;;;;;;;
76;0;76;0;;;;;;;;
77;0;45;0;;;;;;;;
-76;0;99;0;;;;;;;;
45;0;-5;0;;;;;;;;
-42;0;88;0;;;;;;;;
40;0;-25;0;;;;;;;;
76;0;101;0;;;;;;;;
-28;0;-105;0;;;;;;;;
-15;0;-84;0;;;;;;;;
-59;0;20;0;;;;;;;;
36;0;31;0;;;;;;;;
-57;0;-66;0;;;;;;;;
34;0;122;0;;;;;;;;
38;0;-45;0;;;;;;;;
67;0;-28;0;;;;;;;;
72;0;121;0;;;;;;;;
48;0;70;0;;;;;;;;
-30;0;-114;0;;;;;;;;
-81;0;75;0;;;;;;;;
-6;0;105;0;;;;;;;;
-95;0;111;0;;;;;;;;
91;0;22;0;;;;;;;;
59;0;-102;0;;;;;;;;
125;0;-39;0;;;;;;;;
113;0;68;0;;;;;;;;
96;0;-43;0;;;;;;;;
-121;0;57;0;;;;;;;;
-79;0;-20;0;;;;;;;;
26;0;78;0;;;;;;;;
48;0;98;0;;;;;;;;
-20;0;123;0;;;;;;;;
-110;0;90;0;;;;;;;;
37;0;-100;0;;;;;;;;
112;0;91;0;;;;;;;;
89;0;30;0;;;;;;;;
-73;0;90;0;;;;;;;;
-4;0;-4;0;;;;;;;;
-39;0;-17;0;;;;;;;;
51;0;-99;0;;;;;;;;
41;0;64;0;;;;;;;;
109;0;7;0;;;;;;;;
-115;0;78;0;;;;;;;;
23;0;95;0;;;;;;;;
101;0;55;0;;;;;;;;
89;0;-112;0;;;;;;;;
11;0;-1;0;;;;;;;;
-103;0;98;0;;;;;;;;
-69;0;11;0;;;;;;;;
-45;0;45;0;;;;;;;;
12;0;18;0;;;;;;;;
-98;0;-85;0;;;;;;;;
31;0;-8;0;;;;;;;;
-52;0;-35;0;;;;;;;;
-13;0;-88;0;;;;;;;;
-101;0;-62;0;;;;;;;;
101;0;45;0;;;;;;;;
23;0;-12;0;;;;;;;;
-69;0;73;0;;;;;;;;
-74;0;-83;0;;;;;;;;
70;0;44;0;;;;;;;;
52;0;-6;0;;;;;;;;
-121;0;-2;0;;;;;;;;
48;0;108;0;;;;;;;;
67;0;36;0;;;;;;;;
-88;0;21;0;;;;;;;;
-94;0;40;0;;;;;;;;
-86;0;44;0;;;;;;;;
47;0;-73;0;;;;;;;;
-92;0;-24;0;;;;;;;;
-11;0;-72;0;;;;;;;;
-7;0;-48;0;;;;;;;;
-42;0;28;0;;;;;;;;
51;0;83;0;;;;;;;;
-96;0;-118;0;;;;;;;;
58;0;-17;0;;;;;;;;
51;0;1;0;;;;;;;;
101;0;125;0;;;;;;;;
-6;0;-77;0;;;;;;;;
81;0;109;0;;;;;;;;
47;0;82;0;;;;;;;;
93;0;59;0;;;;;;;;
-13;0;88;0;;;;;;;;
88;0;67;0;;;;;;;;
-51;0;-81;0;;;;;;;;
112;0;15;0;;;;;;;;
69;0;-37;0;;;;;;;;
-25;0;-84;0;;;;;;;;
85;0;119;0;;;;;;;;
80;0;-67;0;;;;;;;;
96;0;-34;0;;;;;;;;
-22;0;-39;0;;;;;;;;
-122;0;-42;0;;;;;;;;
-78;0;-90;0;;;;;;;;
-72;0;-49;0;;;;;;;;
-77;0;106;0;;;;;;;;
54;0;116;0;;;;;;;;
98;0;69;0;;;;;;;;
-23;0;-4;0;;;;;;;;
-115;0;-59;0;;;;;;;;
40;0;35;0;;;;;;;;
89;0;53;0;;;;;;;;
57;0;43;0;;;;;;;;
13;0;52;0;;;;;;;;
-82;0;-80;0;;;;;;;;
-43;0;-33;0;;;;;;;;
-109;0;-103;0;;;;;;;;
76;0;-119;0;;;;;;;;
7;0;72;0;;;;;;;;
-60;0;98;0;;;;;;;;
46;0;-94;0;;;;;;;;
-62;0;4;0;;;;;;;;
-6;0;-114;0;;;;;;;;
-87;0;-77;0;;;;;;;;
-10;0;-75;0;;;;;;;;
102;0;-77;0;;;;;;;;
-117;0;-108;0;;;;;;;;
34;0;-50;0;;;;;;;;
-102;0;-47;0;;;;;;;;
107;0;2;0;;;;;;;;
0;0;-81;0;;;;;;;;
40;0;-82;0;;;;;;;;
102;0;-58;0;;;;;;;;
-124;0;113;0;;;;;;;;
21;0;82;0;;;;;;;;
30;0;-44;0;;;;;;;;
16;0;-43;0;;;;;;;;
30;0;65;0;;;;;;;;
14;0;60;0;;;;;;;;
45;0;20;0;;;;;;;;
-54;0;41;0;;;;;;;;
-18;0;34;0;;;;;;;;
115;0;52;0;;;;;;;;
112;0;87;0;;;;;;;;
-58;0;67;0;;;;;;;;
-50;0;-37;0;;;;;;;;
125;0;-15;0;;;;;;;;
-118;0;2;0;;;;;;;;
124;0;-88;0;;;;;;;;
-108;0;105;0;;;;;;;;
50;0;69;0;;;;;;;;
-53;0;-95;0;;;;;;;;
-35;0;87;0;;;;;;;;
-20;0;-2;0;;;;;;;;
-40;0;82;0;;;;;;;;
89;0;-59;0;;;;;;;;
121;0;-64;0;;;;;;;;
91;0;-95;0;;;;;;;;
105;0;-5;0;;;;;;;;
91;0;111;0;;;;;;;;
-77;0;87;0;;;;;;;;
95;0;11;0;;;;;;;;
41;0;-122;0;;;;;;;;
29;0;-104;0;;;;;;;;
-114;0;52;0;;;;;;;;
2;0;-97;0;;;;;;;;
-67;0;-45;0;;;;;;;;
103;0;-3;0;;;;;;;;
-103;0;10;0;;;;;;;;
57;0;74;0;;;;;;;;
-42;0;-115;0;;;;;;;;
-50;0;-56;0;;;;;;;;
-78;0;26;0;;;;;;;;
109;0;14;0;;;;;;;;
84;0;-94;0;;;;;;;;
-54;0;87;0;;;;;;;;
100;0;72;0;;;;;;;;
98;0;68;0;;;;;;;;
115;0;59;0;;;;;;;;
-29;0;66;0;;;;;;;;
58;0;96;0;;;;;;;;
92;0;-43;0;;;;;;;;
-8;0;-12;0;;;;;;;;
-106;0;-15;0;;;;;;;;
-11;0;99;0;;;;;;;;
25;0;110;0;;;;;;;;
-82;0;-22;0;;;;;;;;
-38;0;80;0;;;;;;;;
-26;0;116;0;;;;;;;;
-9;0;102;0;;;;;;;;
76;0;-101;0;;;;;;;;
95;0;-86;0;;;;;;;;
-79;0;3;0;;;;;;;;
-119;0;-79;0;;;;;;;;
103;0;64;0;;;;;;;;
-12;0;122;0;;;;;;;;
30;0;7;0;;;;;;;;
121;0;-45;0;;;;;;;;
62;0;-23;0;;;;;;;;
-78;0;-113;0;;;;;;;;
17;0;-15;0;;;;;;;;
78;0;-23;0;;;;;;;;
-30;0;-125;0;;;;;;;;
-6;0;-34;0;;;;;;;;
-51;0;61;0;;;;;;;;
93;0;55;0;;;;;;;;
-12;0;81;0;;;;;;;;
-93;0;-25;0;;;;;;;;
-21;0;37;0;;;;;;;;
10;0;87;0;;;;;;;;
69;0;-101;0;;;;;;;;
112;0;-7;0;;;;;;;;
-78;0;34;0;;;;;;;;
73;0;111;0;;;;;;;;
-121;0;-111;0;;;;;;;;
22;0;24;0;;;;;;;;
-67;0;-85;0;;;;;;;;
94;0;107;0;;;;;;;;
-32;0;-91;0;;;;;;;;
111;0;-55;0;;;;;;;;
-50;0;-61;0;;;;;;;;
-106;0;74;0;;;;;;;;
-104;0;97;0;;;;;;;;
38;0;-7;0;;;;;;;;
-61;0;-31;0;;;;;;;;
-32;0;21;0;;;;;;;;
-10;0;33;0;;;;;;;;
-54;0;83;0;;;;;;;;
-24;0;-59;0;;;;;;;;
-54;0;-118;0;;;;;;;;
-111;0;-61;0;;;;;;;;
-87;0;36;0;;;;;;;;
-125;0;-13;0;;;;;;;;
-60;0;-13;0;;;;;;;;
-24;0;91;0;;;;;;;;
63;0;13;0;;;;;;;;
-62;0;47;0;;;;;;;;
108;0;-9;0;;;;;;;;
16;0;-100;0;;;;;;;;
-63;0;103;0;;;;;;;;
31;0;-40;0;;;;;;;;
-21;0;72;0;;;;;;;;
74;0;65;0;;;;;;;;
110;0;-114;0;;;;;;;;
78;0;64;0;;;;;;;;
-51;0;-9;0;;;;;;;;
-121;0;73;0;;;;;;;;
-59;0;-7;0;;;;;;;;
125;0;102;0;;;;;;;;
-114;0;-73;0;;;;;;;;
53;0;99;0;;;;;;;;
-25;0;120;0;;;;;;;;
67;0;57;0;;;;;;;;
-42;0;20;0;;;;;;;;
49;0;-27;0;;;;;;;;
57;0;19;0;;;;;;;;
-103;0;26;0;;;;;;;;
-23;0;-7;0;;;;;;;;
-7;0;-69;0;;;;;;;;
9;0;98;0;;;;;;;;
-3;0;-74;0;;;;;;;;
-107;0;109;0;;;;;;;;
31;0;91;0;;;;;;;;
18;0;-56;0;;;;;;;;
-21;0;107;0;;;;;;;;
-9;0;-24;0;;;;;;;;
-11;0;-45;0;;;;;;;;
103;0;-54;0;;;;;;;;
116;0;115;0;;;;;;;;
-63;0;-102;0;;;;;;;;
109;0;-112;0;;;;;;;;
-39;0;27;0;;;;;;;;
102;0;-16;0;;;;;;;;
-21;0;69;0;;;;;;;;
-84;0;-111;0;;;;;;;;
87;0;-21;0;;;;;;;;
39;0;-67;0;;;;;;;;
-38;0;99;0;;;;;;;;
63;0;-65;0;;;;;;;;
15;0;-99;0;;;;;;;;
58;0;-61;0;;;;;;;;
75;0;-54;0;;;;;;;;
46;0;-56;0;;;;;;;;
-41;0;114;0;;;;;;;;
120;0;13;0;;;;;;;;
-115;0;42;0;;;;;;;;
-111;0;-24;0;;;;;;;;
-10;0;48;0;;;;;;;;
96;0;-112;0;;;;;;;;
43;0;-88;0;;;;;;;;
-100;0;3;0;;;;;;;;
-8;0;19;0;;;;;;;;
12;0;51;0;;;;;;;;
-94;0;-15;0;;;;;;;;
-49;0;-10;0;;;;;;;;
-81;0;-24;0;;;;;;;;
2;0;26;0;;;;;;;;
-123;0;-47;0;;;;;;;;
-4;0;108;0;;;;;;;;
-73;0;48;0;;;;;;;;
118;0;44;0;;;;;;;;
12;0;24;0;;;;;;;;
-60;0;118;0;;;;;;;;
119;0;-91;0;;;;;;;;
-83;0;-99;0;;;;;;;;
-40;0;53;0;;;;;;;;
77;0;-78;0;;;;;;;;
102;0;-76;0;;;;;;;;
63;0;107;0;;;;;;;;
124;0;-27;0;;;;;;;;
-54;0;-26;0;;;;;;;;
69;0;-104;0;;;;;;;;
-5;0;74;0;;;;;;;;
125;0;-96;0;;;;;;;;
0;0;-2;0;;;;;;;;
80;0;-20;0;;;;;;;;
-32;0;67;0;;;;;;;;
55;0;63;0;;;;;;;;
-70;0;117;0;;;;;;;;
-66;0;122;0;;;;;;;;
-4;0;-73;0;;;;;;;;
-105;0;54;0;;;;;;;;
45;0;-88;0;;;;;;;;
-67;0;47;0;;;;;;;;
58;0;-19;0;;;;;;;;
-46;0;18;0;;;;;;;;
88;0;117;0;;;;;;;;
42;0;10;0;;;;;;;;
67;0;-76;0;;;;;;;;
55;0;-31;0;;;;;;;;
26;0;-35;0;;;;;;;;
-12;0;-68;0;;;;;;;;
51;0;25;0;;;;;;;;
-118;0;-12;0;;;;;;;;
-35;0;113;0;;;;;;;;
76;0;73;0;;;;;;;;
-114;0;74;0;;;;;;;;
91;0;78;0;;;;;;;;
-29;0;-75;0;;;;;;;;
-46;0;-81;0;;;;;;;;
-67;0;77;0;;;;;;;;
-41;0;-48;0;;;;;;;;
53;0;58;0;;;;;;;;
60;0;3;0;;;;;;;;
69;0;-14;0;;;;;;;;
81;0;107;0;;;;;;;;
-50;0;9;0;;;;;;;;
1;0;81;0;;;;;;;;
40;0;108;0;;;;;;;;
-18;0;-48;0;;;;;;;;
27;0;36;0;;;;;;;;
16;0;-115;0;;;;;;;;
-68;0;115;0;;;;;;;;
80;0;-3;0;;;;;;;;
-118;0;-110;0;;;;;;;;
10;0;45;0;;;;;;;;
98;0;-84;0;;;;;;;;
50;0;-7;0;;;;;;;;
117;0;119;0;;;;;;;;
-114;0;7;0;;;;;;;;
103;0;-66;0;;;;;;;;
-57;0;-27;0;;;;;;;;
16;0;-44;0;;;;;;;;
122;0;45;0;;;;;;;;
20;0;-104;0;;;;;;;;
82;0;-29;0;;;;;;;;
109;0;-58;0;;;;;;;;
105;0;112;0;;;;;;;;
120;0;-66;0;;;;;;;;
30;0;45;0;;;;;;;;
54;0;65;0;;;;;;;;
19;0;37;0;;;;;;;;
22;0;23;0;;;;;;;;
-118;0;-51;0;;;;;;;;
76;0;77;0;;;;;;;;
-12;0;-52;0;;;;;;;;
-113;0;41;0;;;;;;;;
-51;0;15;0;;;;;;;;
-20;0;-70;0;;;;;;;;
-53;0;24;0;;;;;;;;
38;0;-60;0;;;;;;;;
28;0;-65;0;;;;;;;;
83;0;75;0;;;;;;;;
51;0;-62;0;;;;;;;;
95;0;-74;0;;;;;;;;
70;0;-48;0;;;;;;;;
-58;0;-75;0;;;;;;;;
18;0;-14;0;;;;;;;;
10;0;-5;0;;;;;;;;
66;0;20;0;;;;;;;;
-65;0;119;0;;;;;;;;
13;0;-40;0;;;;;;;;
-87;0;-30;0;;;;;;;;
11;0;85;0;;;;;;;;
-64;0;-59;0;;;;;;;;
-43;0;-57;0;;;;;;;;
3;0;-105;0;;;;;;;;
66;0;-5;0;;;;;;;;
32;0;92;0;;;;;;;;
55;0;116;0;;;;;;;;
71;0;2;0;;;;;;;;
86;0;21;0;;;;;;;;
-106;0;-122;0;;;;;;;;
-28;0;-95;0;;;;;;;;
47;0;-88;0;;;;;;;;
10;0;76;0;;;;;;;;
51;0;-103;0;;;;;;;;
84;0;41;0;;;;;;;;
-125;0;-68;0;;;;;;;;
20;0;88;0;;;;;;;;
61;0;-66;0;;;;;;;;
-55;0;23;0;;;;;;;;
-50;0;-83;0;;;;;;;;
12;0;123;0;;;;;;;;
-61;0;-74;0;;;;;;;;
-115;0;25;0;;;;;;;;
1;0;-112;0;;;;;;;;
-88;0;-3;0;;;;;;;;
73;0;-30;0;;;;;;;;
-96;0;52;0;;;;;;;;
-74;0;0;0;;;;;;;;
-24;0;64;0;;;;;;;;
-19;0;30;0;;;;;;;;
34;0;-107;0;;;;;;;;
64;0;-89;0;;;;;;;;
124;0;10;0;;;;;;;;
-116;0;35;0;;;;;;;;
-12;0;14;0;;;;;;;;
86;0;56;0;;;;;;;;
-66;0;-77;0;;;;;;;;
106;0;122;0;;;;;;;;
73;0;84;0;;;;;;;;
-95;0;-22;0;;;;;;;;
-73;0;19;0;;;;;;;;
91;0;65;0;;;;;;;;
54;0;-113;0;;;;;;;;
-10;0;-103;0;;;;;;;;
-53;0;-83;0;;;;;;;;
-82;0;49;0;;;;;;;;
-14;0;-46;0;;;;;;;;
20;0;116;0;;;;;;;;
50;0;-27;0;;;;;;;;
-47;0;-25;0;;;;;;;;
-85;0;47;0;;;;;;;;
38;0;-94;0;;;;;;;;
-123;0;-93;0;;;;;;;;
117;0;105;0;;;;;;;;
-44;0;40;0;;;;;;;;
-34;0;21;0;;;;;;;;
-44;0;0;0;;;;;;;;
40;0;76;0;;;;;;;;
11;0;21;0;;;;;;;;
-47;0;-107;0;;;;;;;;
118;0;40;0;;;;;;;;
81;0;81;0;;;;;;;;
-52;0;116;0;;;;;;;;
105;0;79;0;;;;;;;;
-92;0;73;0;;;;;;;;
120;0;73;0;;;;;;;;
18;0;-79;0;;;;;;;;
-46;0;-101;0;;;;;;;;
-32;0;19;0;;;;;;;;
36;0;112;0;;;;;;;;
-40;0;76;0;;;;;;;;
-27;0;-5;0;;;;;;;;
-89;0;-100;0;;;;;;;;
-84;0;0;0;;;;;;;;
114;0;-72;0;;;;;;;;
-71;0;95;0;;;;;;;;
-97;0;-102;0;;;;;;;;
1;0;0;0;;;;;;;;
-35;0;1;0;;;;;;;;
19;0;105;0;;;;;;;;
-5;0;-9;0;;;;;;;;
-91;0;-112;0;;;;;;;;
-66;0;-22;0;;;;;;;;
50;0;-110;0;;;;;;;;
-86;0;30;0;;;;;;;;
-19;0;5;0;;;;;;;;
122;0;123;0;;;;;;;;
26;0;-46;0;;;;;;;;
-92;0;106;0;;;;;;;;
-45;0;104;0;;;;;;;;
-64;0;54;0;;;;;;;;
112;0;48;0;;;;;;;;
48;0;55;0;;;;;;;;
70;0;27;0;;;;;;;;
-120;0;5;0;;;;;;;;
-49;0;-117;0;;;;;;;;
75;0;-56;0;;;;;;;;
4;0;74;0;;;;;;;;
10;0;-41;0;;;;;;;;
-31;0;6;0;;;;;;;;
91;0;123;0;;;;;;;;
29;0;-91;0;;;;;;;;
-72;0;-67;0;;;;;;;;
15;0;-58;0;;;;;;;;
-26;0;97;0;;;;;;;;
102;0;88;0;;;;;;;;
100;0;-44;0;;;;;;;;
120;0;-11;0;;;;;;;;
-76;0;57;0;;;;;;;;
79;0;-76;0;;;;;;;;
14;0;-68;0;;;;;;;;
71;0;-103;0;;;;;;;;
58;0;71;0;;;;;;;;
0;0;-105;0;;;;;;;;
83;0;88;0;;;;;;;;
-113;0;-42;0;;;;;;;;
71;0;109;0;;;;;;;;
22;0;-12;0;;;;;;;;
90;0;8;0;;;;;;;;
36;0;109;0;;;;;;;;
-24;0;21;0;;;;;;;;
45;0;-6;0;;;;;;;;
85;0;-20;0;;;;;;;;
-81;0;-72;0;;;;;;;;
-23;0;75;0;;;;;;;;
-125;0;47;0;;;;;;;;
57;0;122;0;;;;;;;;
46;0;86;0;;;;;;;;
-121;0;73;0;;;;;;;;
64;0;-98;0;;;;;;;;
-110;0;-49;0;;;;;;;;
99;0;11;0;;;;;;;;
112;0;-97;0;;;;;;;;
-29;0;114;0;;;;;;;;
53;0;16;0;;;;;;;;
-36;0;112;0;;;;;;;;
-121;0;-117;0;;;;;;;;
-8;0;1;0;;;;;;;;
-17;0;94;0;;;;;;;;
-119;0;-75;0;;;;;;;;
-73;0;25;0;;;;;;;;
110;0;79;0;;;;;;;;
-15;0;-85;0;;;;;;;;
52;0;-25;0;;;;;;;;
55;0;-22;0;;;;;;;;
-101;0;-109;0;;;;;;;;
-101;0;-22;0;;;;;;;;
81;0;99;0;;;;;;;;
7;0;99;0;;;;;;;;
42;0;34;0;;;;;;;;
14;0;124;0;;;;;;;;
-63;0;-5;0;;;;;;;;
46;0;-49;0;;;;;;;;
-124;0;-79;0;;;;;;;;
-85;0;-73;0;;;;;;;;
-49;0;-21;0;;;;;;;;
-75;0;31;0;;;;;;;;
42;0;-1;0;;;;;;;;
-104;0;94;0;;;;;;;;
118;0;-24;0;;;;;;;;
-22;0;-51;0;;;;;;;;
42;0;24;0;;;;;;;;
-56;0;97;0;;;;;;;;
93;0;-84;0;;;;;;;;
16;0;-52;0;;;;;;;;
-71;0;82;0;;;;;;;;
21;0;93;0;;;;;;;;
-7;0;114;0;;;;;;;;
-35;0;85;0;;;;;;;;
20;0;-104;0;;;;;;;;
-26;0;-98;0;;;;;;;;
-86;0;108;0;;;;;;;;
32;0;46;0;;;;;;;;
-22;0;84;0;;;;;;;;
62;0;110;0;;;;;;;;
-8;0;11;0;;;;;;;;
-57;0;-61;0;;;;;;;;
86;0;82;0;;;;;;;;
-87;0;-60;0;;;;;;;;
-105;0;47;0;;;;;;;;
-91;0;42;0;;;;;;;;
-51;0;-4;0;;;;;;;;
-119;0;-5;0;;;;;;;;
107;0;113;0;;;;;;;;
-25;0;-21;0;;;;;;;;
90;0;57;0;;;;;;;;
-3;0;3;0;;;;;;;;
35;0;-113;0;;;;;;;;
-11;0;80;0;;;;;;;;
105;0;-82;0;;;;;;;;
-21;0;-121;0;;;;;;;;
-31;0;-56;0;;;;;;;;
-121;0;-93;0;;;;;;;;
-55;0;67;0;;;;;;;;
-10;0;-85;0;;;;;;;;
23;0;-92;0;;;;;;;;
125;0;-10;0;;;;;;;;
-125;0;-77;0;;;;;;;;
39;0;7;0;;;;;;;;
-57;0;32;0;;;;;;;;
120;0;-52;0;;;;;;;;
-31;0;9;0;;;;;;;;
-77;0;-66;0;;;;;;;;
8;0;3;0;;;;;;;;
-121;0;-109;0;;;;;;;;
-39;0;16;0;;;;;;;;
30;0;-14;0;;;;;;;;
44;0;-102;0;;;;;;;;
69;0;-91;0;;;;;;;;
31;0;-73;0;;;;;;;;
-53;0;46;0;;;;;;;;
13;0;28;0;;;;;;;;
67;0;-16;0;;;;;;;;
6;0;71;0;;;;;;;;
-35;0;-85;0;;;;;;;;
-83;0;99;0;;;;;;;;
1;0;-123;0;;;;;;;;
8;0;-41;0;;;;;;;;
58;0;-125;0;;;;;;;;
85;0;85;0;;;;;;;;
31;0;-12;0;;;;;;;;
-28;0;117;0;;;;;;;;
40;0;64;0;;;;;;;;
-58;0;-13;0;;;;;;;;
125;0;-75;0;;;;;;;;
-107;0;22;0;;;;;;;;
109;0;82;0;;;;;;;;
-21;0;-107;0;;;;;;;;
32;0;-117;0;;;;;;;;
36;0;-14;0;;;;;;;;
39;0;-41;0;;;;;;;;
43;0;26;0;;;;;;;;
-88;0;116;0;;;;;;;;
23;0;-2;0;;;;;;;;
49;0;-114;0;;;;;;;;
49;0;-95;0;;;;;;;;
-13;0;-73;0;;;;;;;;
-116;0;-10;0;;;;;;;;
-52;0;-79;0;;;;;;;;
57;0;-50;0;;;;;;;;
-52;0;108;0;;;;;;;;
44;0;-110;0;;;;;;;;
122;0;-41;0;;;;;;;;
94;0;50;0;;;;;;;;
-116;0;114;0;;;;;;;;
-109;0;90;0;;;;;;;;
124;0;40;0;;;;;;;;
0;0;33;0;;;;;;;;
-3;0;-8;0;;;;;;;;
-13;0;89;0;;;;;;;;
-66;0;42;0;;;;;;;;
51;0;-16;0;;;;;;;;
104;0;-107;0;;;;;;;;
70;0;-40;0;;;;;;;;
-42;0;-89;0;;;;;;;;
22;0;44;0;;;;;;;;
-2;0;-97;0;;;;;;;;
33;0;26;0;;;;;;;;
-84;0;31;0;;;;;;;;
-107;0;-81;0;;;;;;;;
-49;0;0;0;;;;;;;;
44;0;77;0;;;;;;;;
-58;0;95;0;;;;;;;;
-8;0;123;0;;;;;;;;
-110;0;78;0;;;;;;;;
24;0;-53;0;;;;;;;;
19;0;17;0;;;;;;;;
-35;0;-96;0;;;;;;;;
-121;0;-84;0;;;;;;;;
73;0;-104;0;;;;;;;;
-114;0;125;0;;;;;;;;
-44;0;30;0;;;;;;;;
-87;0;49;0;;;;;;;;
-67;0;85;0;;;;;;;;
105;0;71;0;;;;;;;;
124;0;65;0;;;;;;;;
-107;0;-17;0;;;;;;;;
-28;0;-33;0;;;;;;;;
125;0;105;0;;;;;;;;
99;0;-12;0;;;;;;;;
33;0;-66;0;;;;;;;;
-69;0;-86;0;;;;;;;;
-23;0;-89;0;;;;;;;;
123;0;-30;0;;;;;;;;
8;0;34;0;;;;;;;;
26;0;-67;0;;;;;;;;
-28;0;96;0;;;;;;;;
98;0;-41;0;;;;;;;;
9;0;-13;0;;;;;;;;
46;0;85;0;;;;;;;;
95;0;53;0;;;;;;;;
-79;0;99;0;;;;;;;;
-69;0;34;0;;;;;;;;
-50;0;5;0;;;;;;;;
-9;0;36;0;;;;;;;;
-110;0;107;0;;;;;;;;
90;0;-68;0;;;;;;;;
81;0;-83;0;;;;;;;;
46;0;-35;0;;;;;;;;
11;0;63;0;;;;;;;;
103;0;-84;0;;;;;;;;
113;0;6;0;;;;;;;;
105;0;114;0;;;;;;;;
46;0;11;0;;;;;;;;
27;0;-71;0;;;;;;;;
-12;0;-31;0;;;;;;;;
-46;0;-91;0;;;;;;;;
-86;0;89;0;;;;;;;;
71;0;87;0;;;;;;;;
-99;0;-59;0;;;;;;;;
45;0;-31;0;;;;;;;;
56;0;17;0;;;;;;;;
74;0;47;0;;;;;;;;
61;0;-47;0;;;;;;;;
60;0;123;0;;;;;;;;
47;0;-75;0;;;;;;;;
-48;0;-77;0;;;;;;;;
-27;0;99;0;;;;;;;;
86;0;105;0;;;;;;;;
-83;0;35;0;;;;;;;;
-53;0;53;0;;;;;;;;
-105;0;74;0;;;;;;;;
38;0;-10;0;;;;;;;;
97;0;-120;0;;;;;;;;
-124;0;74;0;;;;;;;;
12;0;-74;0;;;;;;;;
-34;0;-119;0;;;;;;;;
52;0;16;0;;;;;;;;
-41;0;-66;0;;;;;;;;
96;0;-104;0;;;;;;;;
-101;0;76;0;;;;;;;;
32;0;-109;0;;;;;;;;
18;0;98;0;;;;;;;;
-96;0;65;0;;;;;;;;
43;0;94;0;;;;;;;;
-96;0;112;0;;;;;;;;
86;0;106;0;;;;;;;;
-76;0;-29;0;;;;;;;;
-58;0;114;0;;;;;;;;
-121;0;-54;0;;;;;;;;
44;0;-50;0;;;;;;;;
-64;0;-93;0;;;;;;;;
-59;0;84;0;;;;;;;;
33;0;-14;0;;;;;;;;
-3;0;66;0;;;;;;;;
-74;0;-115;0;;;;;;;;
-119;0;-68;0;;;;;;;;
-86;0;-106;0;;;;;;;;
61;0;-106;0;;;;;;;;
-27;0;-35;0;;;;;;;;
-55;0;-84;0;;;;;;;;
56;0;105;0;;;;;;;;
116;0;-125;0;;;;;;;;
88;0;41;0;;;;;;;;
-94;0;-48;0;;;;;;;;
-24;0;46;0;;;;;;;;
43;0;-91;0;;;;;;;;
-66;0;-19;0;;;;;;;;
-123;0;84;0;;;;;;;;
30;0;124;0;;;;;;;;
22;0;53;0;;;;;;;;
-56;0;-31;0;;;;;;;;
-120;0;-7;0;;;;;;;;
-62;0;-69;0;;;;;;;;
23;0;43;0;;;;;;;;
65;0;76;0;;;;;;;;
-19;0;73;0;;;;;;;;
64;0;33;0;;;;;;;;
44;0;-81;0;;;;;;;;
-4;0;78;0;;;;;;;;
18;0;-95;0;;;;;;;;
-105;0;-17;0;;;;;;;;
25;0;-125;0;;;;;;;;
-48;0;61;0;;;;;;;;
-30;0;-46;0;;;;;;;;
6;0;-23;0;;;;;;;;
-44;0;-125;0;;;;;;;;
-117;0;-105;0;;;;;;;;
12;0;92;0;;;;;;;;
83;0;53;0;;;;;;;;
-101;0;-27;0;;;;;;;;
1;0;63;0;;;;;;;;
-39;0;81;0;;;;;;;;
37;0;-79;0;;;;;;;;
125;0;33;0;;;;;;;;
-74;0;105;0;;;;;;;;
43;0;-68;0;;;;;;;;
-122;0;-105;0;;;;;;;;
-102;0;116;0;;;;;;;;
119;0;51;0;;;;;;;;
-61;0;-50;0;;;;;;;;
-107;0;-53;0;;;;;;;;
106;0;124;0;;;;;;;;
-105;0;-63;0;;;;;;;;
-45;0;57;0;;;;;;;;
117;0;-75;0;;;;;;;;
52;0;-85;0;;;;;;;;
44;0;36;0;;;;;;;;
46;0;104;0;;;;;;;;
-16;0;115;0;;;;;;;;
5;0;82;0;;;;;;;;
4;0;60;0;;;;;;;;
84;0;77;0;;;;;;;;
49;0;-45;0;;;;;;;;
120;0;-124;0;;;;;;;;
-39;0;13;0;;;;;;;;
-15;0;-19;0;;;;;;;;
-101;0;46;0;;;;;;;;
-56;0;61;0;;;;;;;;
-124;0;98;0;;;;;;;;
2;0;-97;0;;;;;;;;
-21;0;115;0;;;;;;;;
119;0;27;0;;;;;;;;
66;0;12;0;;;;;;;;
-67;0;-27;0;;;;;;;;
45;0;-105;0;;;;;;;;
-53;0;10;0;;;;;;;;
111;0;-114;0;;;;;;;;
113;0;59;0;;;;;;;;
-107;0;95;0;;;;;;;;
41;0;-108;0;;;;;;;;
-97;0;79;0;;;;;;;;
74;0;-112;0;;;;;;;;
-42;0;1;0;;;;;;;;
61;0;-11;0;;;;;;;;
-50;0;-90;0;;;;;;;;
-78;0;-22;0;;;;;;;;
44;0;-34;0;;;;;;;;
112;0;7;0;;;;;;;;
-13;0;-5;0;;;;;;;;
4;0;60;0;;;;;;;;
76;0;-96;0;;;;;;;;
-11;0;-111;0;;;;;;;;
-87;0;76;0;;;;;;;;
49;0;-77;0;;;;;;;;
115;0;-87;0;;;;;;;;
43;0;90;0;;;;;;;;
82;0;-33;0;;;;;;;;
36;0;121;0;;;;;;;;
111;0;63;0;;;;;;;;
70;0;-38;0;;;;;;;;
33;0;-8;0;;;;;;;;
109;0;28;0;;;;;;;;
-107;0;-91;0;;;;;;;;
5;0;112;0;;;;;;;;
-119;0;58;0;;;;;;;;
95;0;8;0;;;;;;;;
29;0;114;0;;;;;;;;
-118;0;-117;0;;;;;;;;
-56;0;58;0;;;;;;;;
59;0;-88;0;;;;;;;;
103;0;-2;0;;;;;;;;
-70;0;46;0;;;;;;;;
112;0;120;0;;;;;;;;
-98;0;53;0;;;;;;;;
56;0;-52;0;;;;;;;;
-69;0;-47;0;;;;;;;;
-39;0;123;0;;;;;;;;
11;0;121;0;;;;;;;;
-54;0;-51;0;;;;;;;;
-60;0;96;0;;;;;;;;
17;0;-119;0;;;;;;;;
85;0;-57;0;;;;;;;;
96;0;32;0;;;;;;;;
10;0;-100;0;;;;;;;;
-70;0;-37;0;;;;;;;;
42;0;-17;0;;;;;;;;
-51;0;6;0;;;;;;;;
-86;0;87;0;;;;;;;;
-125;0;-112;0;;;;;;;;
-2;0;45;0;;;;;;;;
32;0;-53;0;;;;;;;;
8;0;-9;0;;;;;;;;
26;0;112;0;;;;;;;;
44;0;-43;0;;;;;;;;
108;0;109;0;;;;;;;;
93;0;70;0;;;;;;;;
20;0;17;0;;;;;;;;
-121;0;3;0;;;;;;;;
-110;0;63;0;;;;;;;;
54;0;-122;0;;;;;;;;
-42;0;49;0;;;;;;;;
26;0;-115;0;;;;;;;;
-56;0;-26;0;;;;;;;;
-22;0;125;0;;;;;;;;
53;0;-98;0;;;;;;;;
17;0;-102;0;;;;;;;;
-36;0;-107;0;;;;;;;;
122;0;109;0;;;;;;;;
46;0;121;0;;;;;;;;
-12;0;102;0;;;;;;;;
17;0;123;0;;;;;;;;
17;0;124;0;;;;;;;;
-78;0;-111;0;;;;;;;;
-95;0;-31;0;;;;;;;;
-104;0;-114;0;;;;;;;;
67;0;29;0;;;;;;;;
104;0;-110;0;;;;;;;;
104;0;-4;0;;;;;;;;
-7;0;6;0;;;;;;;;
110;0;96;0;;;;;;;;
38;0;-24;0;;;;;;;;
0;0;36;0;;;;;;;;
101;0;43;0;;;;;;;;
-48;0;70;0;;;;;;;;
-22;0;12;0;;;;;;;;
-41;0;119;0;;;;;;;;
21;0;108;0;;;;;;;;
63;0;111;0;;;;;;;;
49;0;-46;0;;;;;;;;
-98;0;-64;0;;;;;;;;
97;0;11;0;;;;;;;;
-30;0;120;0;;;;;;;;
65;0;71;0;;;;;;;;
117;0;55;0;;;;;;;;
-20;0;56;0;;;;;;;;
-72;0;113;0;;;;;;;;
-111;0;-98;0;;;;;;;;
-8;0;65;0;;;;;;;;
86;0;-116;0;;;;;;;;
-22;0;56;0;;;;;;;;
-123;0;-86;0;;;;;;;;
91;0;17;0;;;;;;;;
-18;0;23;0;;;;;;;;
5;0;124;0;;;;;;;;
-110;0;-55;0;;;;;;;;
31;0;-26;0;;;;;;;;
-16;0;47;0;;;;;;;;
74;0;-105;0;;;;;;;;
25;0;38;0;;;;;;;;
94;0;-23;0;;;;;;;;
-76;0;-13;0;;;;;;;;
33;0;-91;0;;;;;;;;
18;0;14;0;;;;;;;;
-75;0;20;0;;;;;;;;
95;0;94;0;;;;;;;;
103;0;24;0;;;;;;;;
124;0;99;0;;;;;;;;
37;0;-56;0;;;;;;;;
-52;0;92;0;;;;;;;;
25;0;12;0;;;;;;;;
-73;0;25;0;;;;;;;;
93;0;-122;0;;;;;;;;
-51;0;89;0;;;;;;;;
-72;0;65;0;;;;;;;;
-101;0;113;0;;;;;;;;
-122;0;66;0;;;;;;;;
-68;0;-67;0;;;;;;;;
-42;0;31;0;;;;;;;;
28;0;-104;0;;;;;;;;
-23;0;102;0;;;;;;;;
44;0;-103;0;;;;;;;;
88;0;-63;0;;;;;;;;
-49;0;27;0;;;;;;;;
-112;0;-97;0;;;;;;;;
-24;0;38;0;;;;;;;;
-112;0;-11;0;;;;;;;;
-121;0;-56;0;;;;;;;;
76;0;-92;0;;;;;;;;
-119;0;78;0;;;;;;;;
-106;0;-100;0;;;;;;;;
-70;0;26;0;;;;;;;;
-114;0;5;0;;;;;;;;
-68;0;95;0;;;;;;;;
91;0;66;0;;;;;;;;
33;0;-34;0;;;;;;;;
12;0;-9;0;;;;;;;;
0;0;-3;0;;;;;;;;
17;0;-37;0;;;;;;;;
-38;0;-58;0;;;;;;;;
47;0;47;0;;;;;;;;
24;0;122;0;;;;;;;;
76;0;87;0;;;;;;;;
71;0;58;0;;;;;;;;
21;0;45;0;;;;;;;;
75;0;16;0;;;;;;;;
50;0;-81;0;;;;;;;;
16;0;-67;0;;;;;;;;
-60;0;-62;0;;;;;;;;
97;0;83;0;;;;;;;;
68;0;-116;0;;;;;;;;
-57;0;-22;0;;;;;;;;
66;0;112;0;;;;;;;;
25;0;-20;0;;;;;;;;
-5;0;-62;0;;;;;;;;
108;0;23;0;;;;;;;;
47;0;40;0;;;;;;;;
53;0;-28;0;;;;;;;;
-84;0;8;0;;;;;;;;
-20;0;-17;0;;;;;;;;
-13;0;-116;0;;;;;;;;
-51;0;-7;0;;;;;;;;
-77;0;80;0;;;;;;;;
115;0;34;0;;;;;;;;
22;0;-115;0;;;;;;;;
-50;0;71;0;;;;;;;;
28;0;73;0;;;;;;;;
-64;0;71;0;;;;;;;;
-84;0;93;0;;;;;;;;
30;0;-5;0;;;;;;;;
-44;0;99;0;;;;;;;;
-5;0;-10;0;;;;;;;;
-7;0;100;0;;;;;;;;
73;0;14;0;;;;;;;;
-65;0;108;0;;;;;;;;
53;0;31;0;;;;;;;;
-49;0;27;0;;;;;;;;
81;0;-61;0;;;;;;;;
-123;0;-43;0;;;;;;;;
47;0;90;0;;;;;;;;
109;0;-28;0;;;;;;;;
74;0;33;0;;;;;;;;
-123;0;24;0;;;;;;;;
-80;0;25;0;;;;;;;;
-82;0;21;0;;;;;;;;
-85;0;123;0;;;;;;;;
54;0;94;0;;;;;;;;
123;0;-3;0;;;;;;;;
-27;0;12;0;;;;;;;;
71;0;-6;0;;;;;;;;
-61;0;-65;0;;;;;;;;
10;0;-108;0;;;;;;;;
-23;0;-114;0;;;;;;;;
-42;0;-15;0;;;;;;;;
0;0;-47;0;;;;;;;;
-105;0;94;0;;;;;;;;
87;0;-90;0;;;;;;;;
-63;0;74;0;;;;;;;;
-98;0;-17;0;;;;;;;;
23;0;-53;0;;;;;;;;
-50;0;-102;0;;;;;;;;
-93;0;-96;0;;;;;;;;
-48;0;-88;0;;;;;;;;
-96;0;-66;0;;;;;;;;
87;0;-60;0;;;;;;;;
-98;0;44;0;;;;;;;;
-69;0;95;0;;;;;;;;
75;0;-107;0;;;;;;;;
94;0;41;0;;;;;;;;
93;0;80;0;;;;;;;;
57;0;94;0;;;;;;;;
-21;0;75;0;;;;;;;;
-121;0;-96;0;;;;;;;;
12;0;91;0;;;;;;;;
54;0;-110;0;;;;;;;;
-27;0;25;0;;;;;;;;
105;0;16;0;;;;;;;;
10;0;74;0;;;;;;;;
12;0;40;0;;;;;;;;
13;0;-17;0;;;;;;;;
-40;0;-11;0;;;;;;;;
-32;0;103;0;;;;;;;;
10;0;-38;0;;;;;;;;
90;0;36;0;;;;;;;;
98;0;1;0;;;;;;;;
34;0;-116;0;;;;;;;;
-32;0;40;0;;;;;;;;
99;0;40;0;;;;;;;;
-26;0;-46;0;;;;;;;;
-83;0;-75;0;;;;;;;;
87;0;-112;0;;;;;;;;
76;0;-52;0;;;;;;;;
83;0;90;0;;;;;;;;
119;0;-64;0;;;;;;;;
-32;0;67;0;;;;;;;;
-104;0;68;0;;;;;;;;
23;0;102;0;;;;;;;;
82;0;-91;0;;;;;;;;
89;0;-85;0;;;;;;;;
-106;0;-52;0;;;;;;;;
115;0;27;0;;;;;;;;
20;0;-73;0;;;;;;;;
-99;0;-75;0;;;;;;;;
78;0;34;0;;;;;;;;
4;0;8;0;;;;;;;;
-25;0;-33;0;;;;;;;;
119;0;-75;0;;;;;;;;
-18;0;-38;0;;;;;;;;
106;0;93;0;;;;;;;;
59;0;112;0;;;;;;;;
93;0;72;0;;;;;;;;
-47;0;-95;0;;;;;;;;
79;0;-78;0;;;;;;;;
95;0;-81;0;;;;;;;;
94;0;-7;0;;;;;;;;
13;0;112;0;;;;;;;;
-87;0;-61;0;;;;;;;;
-66;0;-22;0;;;;;;;;
86;0;-40;0;;;;;;;;
39;0;18;0;;;;;;;;
-103;0;116;0;;;;;;;;
123;0;-80;0;;;;;;;;
103;0;-86;0;;;;;;;;
-71;0;-18;0;;;;;;;;
69;0;-39;0;;;;;;;;
-36;0;49;0;;;;;;;;
93;0;85;0;;;;;;;;
78;0;104;0;;;;;;;;
-82;0;83;0;;;;;;;;
-32;0;89;0;;;;;;;;
80;0;46;0;;;;;;;;
-26;0;-125;0;;;;;;;;
107;0;-82;0;;;;;;;;
-47;0;-32;0;;;;;;;;
-120;0;-26;0;;;;;;;;
68;0;-36;0;;;;;;;;
-64;0;83;0;;;;;;;;
-35;0;110;0;;;;;;;;
-122;0;-94;0;;;;;;;;
102;0;-16;0;;;;;;;;
71;0;21;0;;;;;;;;
-85;0;12;0;;;;;;;;
-97;0;38;0;;;;;;;;
29;0;72;0;;;;;;;;
32;0;49;0;;;;;;;;
-121;0;31;0;;;;;;;;
-119;0;14;0;;;;;;;;
59;0;34;0;;;;;;;;
102;0;-115;0;;;;;;;;
43;0;-56;0;;;;;;;;
-8;0;-63;0;;;;;;;;
15;0;17;0;;;;;;;;
66;0;39;0;;;;;;;;
122;0;-88;0;;;;;;;;
-110;0;-70;0;;;;;;;;
114;0;-74;0;;;;;;;;
28;0;-69;0;;;;;;;;
23;0;30;0;;;;;;;;
64;0;57;0;;;;;;;;
102;0;-76;0;;;;;;;;
69;0;102;0;;;;;;;;
-99;0;53;0;;;;;;;;
21;0;-69;0;;;;;;;;
-70;0;0;0;;;;;;;;
-69;0;-79;0;;;;;;;;
122;0;-17;0;;;;;;;;
39;0;-30;0;;;;;;;;
-20;0;105;0;;;;;;;;
-101;0;-119;0;;;;;;;;
7;0;-93;0;;;;;;;;
29;0;-44;0;;;;;;;;
-16;0;-71;0;;;;;;;;
48;0;-89;0;;;;;;;;
-121;0;-91;0;;;;;;;;
-58;0;116;0;;;;;;;;
111;0;-52;0;;;;;;;;
118;0;-14;0;;;;;;;;
44;0;-8;0;;;;;;;;
92;0;-97;0;;;;;;;;
11;0;48;0;;;;;;;;
15;0;-25;0;;;;;;;;
-75;0;-98;0;;;;;;;;
-123;0;-102;0;;;;;;;;
-34;0;-17;0;;;;;;;;
85;0;-97;0;;;;;;;;
95;0;23;0;;;;;;;;
4;0;-92;0;;;;;;;;
-11;0;-8;0;;;;;;;;
41;0;-35;0;;;;;;;;
58;0;68;0;;;;;;;;
-31;0;-43;0;;;;;;;;
123;0;37;0;;;;;;;;
-95;0;46;0;;;;;;;;
-73;0;-24;0;;;;;;;;
65;0;-104;0;;;;;;;;
-6;0;-101;0;;;;;;;;
28;0;82;0;;;;;;;;
70;0;103;0;;;;;;;;
-47;0;23;0;;;;;;;;
42;0;27;0;;;;;;;;
-19;0;91;0;;;;;;;;
-94;0;-47;0;;;;;;;;
-121;0;47;0;;;;;;;;
-1;0;31;0;;;;;;;;
-19;0;97;0;;;;;;;;
98;0;10;0;;;;;;;;
78;0;70;0;;;;;;;;
-2;0;96;0;;;;;;;;
-13;0;-74;0;;;;;;;;
-40;0;105;0;;;;;;;;
61;0;-36;0;;;;;;;;
-11;0;99;0;;;;;;;;
34;0;12;0;;;;;;;;
15;0;0;0;;;;;;;;
16;0;80;0;;;;;;;;
-90;0;-42;0;;;;;;;;
-27;0;8;0;;;;;;;;
25;0;-4;0;;;;;;;;
27;0;29;0;;;;;;;;
42;0;-85;0;;;;;;;;
-30;0;-108;0;;;;;;;;
118;0;33;0;;;;;;;;
-33;0;-29;0;;;;;;;;
3;0;33;0;;;;;;;;
-50;0;-112;0;;;;;;;;
11;0;98;0;;;;;;;;
120;0;-61;0;;;;;;;;
-108;0;30;0;;;;;;;;
-103;0;-63;0;;;;;;;;
-53;0;-124;0;;;;;;;;
68;0;-48;0;;;;;;;;
-22;0;98;0;;;;;;;;
-61;0;-86;0;;;;;;;;
17;0;-74;0;;;;;;;;
9;0;111;0;;;;;;;;
-19;0;0;0;;;;;;;;
73;0;109;0;;;;;;;;
-88;0;-122;0;;;;;;;;
42;0;-104;0;;;;;;;;
81;0;44;0;;;;;;;;
35;0;-23;0;;;;;;;;
-100;0;-94;0;;;;;;;;
95;0;1;0;;;;;;;;
-120;0;64;0;;;;;;;;
-32;0;93;0;;;;;;;;
-50;0;35;0;;;;;;;;
51;0;-75;0;;;;;;;;
-64;0;36;0;;;;;;;;
112;0;-123;0;;;;;;;;
-73;0;123;0;;;;;;;;
-75;0;-10;0;;;;;;;;
63;0;-4;0;;;;;;;;
106;0;-75;0;;;;;;;;
-57;0;-62;0;;;;;;;;
112;0;16;0;;;;;;;;
38;0;97;0;;;;;;;;
26;0;103;0;;;;;;;;
75;0;19;0;;;;;;;;
-85;0;22;0;;;;;;;;
-50;0;114;0;;;;;;;;
-63;0;94;0;;;;;;;;
-70;0;113;0;;;;;;;;
-77;0;18;0;;;;;;;;
-37;0;61;0;;;;;;;;
-18;0;-2;0;;;;;;;;
-96;0;92;0;;;;;;;;
-47;0;22;0;;;;;;;;
-59;0;-84;0;;;;;;;;
23;0;-22;0;;;;;;;;
107;0;118;0;;;;;;;;
-5;0;-68;0;;;;;;;;
72;0;-104;0;;;;;;;;
-70;0;-24;0;;;;;;;;
-81;0;69;0;;;;;;;;
-53;0;-30;0;;;;;;;;
82;0;-31;0;;;;;;;;
-57;0;-94;0;;;;;;;;
125;0;11;0;;;;;;;;
-31;0;76;0;;;;;;;;
-124;0;106;0;;;;;;;;
-86;0;-114;0;;;;;;;;
44;0;111;0;;;;;;;;
-54;0;72;0;;;;;;;;
113;0;-105;0;;;;;;;;
-25;0;-86;0;;;;;;;;
-46;0;-26;0;;;;;;;;
53;0;19;0;;;;;;;;
2;0;-21;0;;;;;;;;
-14;0;29;0;;;;;;;;
88;0;48;0;;;;;;;;
68;0;-70;0;;;;;;;;
-74;0;72;0;;;;;;;;
20;0;-62;0;;;;;;;;
121;0;72;0;;;;;;;;
-67;0;14;0;;;;;;;;
-12;0;-35;0;;;;;;;;
-26;0;-67;0;;;;;;;;
-95;0;56;0;;;;;;;;
86;0;87;0;;;;;;;;
-119;0;-94;0;;;;;;;;
-69;0;-86;0;;;;;;;;
75;0;23;0;;;;;;;;
-53;0;-102;0;;;;;;;;
40;0;88;0;;;;;;;;
-96;0;-10;0;;;;;;;;
72;0;16;0;;;;;;;;
-52;0;-111;0;;;;;;;;
-65;0;-1;0;;;;;;;;
-84;0;-5;0;;;;;;;;
-98;0;104;0;;;;;;;;
-20;0;-88;0;;;;;;;;
-7;0;99;0;;;;;;;;
89;0;20;0;;;;;;;;
117;0;10;0;;;;;;;;
47;0;79;0;;;;;;;;
-45;0;23;0;;;;;;;;
8;0;-17;0;;;;;;;;
104;0;-87;0;;;;;;;;
110;0;-8;0;;;;;;;;
-59;0;54;0;;;;;;;;
21;0;-27;0;;;;;;;;
30;0;82;0;;;;;;;;
1;0;-68;0;;;;;;;;
-106;0;62;0;;;;;;;;
-50;0;-90;0;;;;;;;;
35;0;-114;0;;;;;;;;
-29;0;-29;0;;;;;;;;
61;0;-38;0;;;;;;;;
-3;0;-59;0;;;;;;;;
-13;0;107;0;;;;;;;;
117;0;118;0;;;;;;;;
-17;0;-26;0;;;;;;;;
96;0;13;0;;;;;;;;
78;0;-17;0;;;;;;;;
105;0;41;0;;;;;;;;
104;0;95;0;;;;;;;;
23;0;96;0;;;;;;;;
-89;0;125;0;;;;;;;;
7;0;46;0;;;;;;;;
31;0;-41;0;;;;;;;;
-115;0;-19;0;;;;;;;;
-110;0;-47;0;;;;;;;;
-52;0;-50;0;;;;;;;;
0;0;-60;0;;;;;;;;
-41;0;54;0;;;;;;;;
15;0;12;0;;;;;;;;
38;0;103;0;;;;;;;;
-104;0;5;0;;;;;;;;
-67;0;-11;0;;;;;;;;
86;0;90;0;;;;;;;;
-66;0;-33;0;;;;;;;;
-89;0;102;0;;;;;;;;
-10;0;2;0;;;;;;;;
90;0;-84;0;;;;;;;;
-15;0;-15;0;;;;;;;;
113;0;-84;0;;;;;;;;
26;0;50;0;;;;;;;;
62;0;122;0;;;;;;;;
-82;0;18;0;;;;;;;;
77;0;115;0;;;;;;;;
100;0;58;0;;;;;;;;
70;0;34;0;;;;;;;;
-9;0;78;0;;;;;;;;
-18;0;115;0;;;;;;;;
7;0;17;0;;;;;;;;
80;0;-25;0;;;;;;;;
80;0;97;0;;;;;;;;
77;0;111;0;;;;;;;;
1;0;3;0;;;;;;;;
54;0;116;0;;;;;;;;
-60;0;69;0;;;;;;;;
85;0;-60;0;;;;;;;;
100;0;-21;0;;;;;;;;
81;0;101;0;;;;;;;;
-116;0;75;0;;;;;;;;
-20;0;59;0;;;;;;;;
-70;0;-101;0;;;;;;;;
-16;0;-99;0;;;;;;;;
-112;0;-18;0;;;;;;;;
-104;0;-105;0;;;;;;;;
-8;0;79;0;;;;;;;;
125;0;-32;0;;;;;;;;
-58;0;-23;0;;;;;;;;
79;0;78;0;;;;;;;;
111;0;-46;0;;;;;;;;
80;0;38;0;;;;;;;;
120;0;-105;0;;;;;;;;
-48;0;-93;0;;;;;;;;
27;0;-83;0;;;;;;;;
31;0;112;0;;;;;;;;
108;0;77;0;;;;;;;;
74;0;-89;0;;;;;;;;
-38;0;-110;0;;;;;;;;
-94;0;-107;0;;;;;;;;
-28;0;-38;0;;;;;;;;
-29;0;-67;0;;;;;;;;
111;0;8;0;;;;;;;;
81;0;104;0;;;;;;;;
-73;0;112;0;;;;;;;;
-41;0;-80;0;;;;;;;;
-88;0;87;0;;;;;;;;
108;0;41;0;;;;;;;;
-86;0;-81;0;;;;;;;;
99;0;-46;0;;;;;;;;
-117;0;-98;0;;;;;;;;
71;0;-68;0;;;;;;;;
37;0;-13;0;;;;;;;;
83;0;-24;0;;;;;;;;
110;0;-120;0;;;;;;;;
-16;0;64;0;;;;;;;;
-110;0;-14;0;;;;;;;;
36;0;93;0;;;;;;;;
70;0;122;0;;;;;;;;
116;0;-88;0;;;;;;;;
-8;0;-48;0;;;;;;;;
-63;0;-5;0;;;;;;;;
65;0;124;0;;;;;;;;
-118;0;63;0;;;;;;;;
-77;0;-56;0;;;;;;;;
-66;0;99;0;;;;;;;;
87;0;-89;0;;;;;;;;
6;0;-20;0;;;;;;;;
65;0;-96;0;;;;;;;;
-91;0;-111;0;;;;;;;;
-104;0;-120;0;;;;;;;;
-122;0;93;0;;;;;;;;
-50;0;41;0;;;;;;;;
20;0;-32;0;;;;;;;;
-81;0;28;0;;;;;;;;
45;0;-41;0;;;;;;;;
79;0;66;0;;;;;;;;
116;0;17;0;;;;;;;;
112;0;24;0;;;;;;;;
94;0;61;0;;;;;;;;
-97;0;-72;0;;;;;;;;
-31;0;-6;0;;;;;;;;
88;0;-28;0;;;;;;;;
-114;0;-39;0;;;;;;;;
11;0;115;0;;;;;;;;
-39;0;-1;0;;;;;;;;
9;0;25;0;;;;;;;;
114;0;-37;0;;;;;;;;
-65;0;60;0;;;;;;;;
-32;0;-124;0;;;;;;;;
112;0;-15;0;;;;;;;;
-33;0;10;0;;;;;;;;
-96;0;-6;0;;;;;;;;
0;0;-112;0;;;;;;;;
-80;0;56;0;;;;;;;;
88;0;80;0;;;;;;;;
0;0;106;0;;;;;;;;
-122;0;-77;0;;;;;;;;
58;0;-116;0;;;;;;;;
-8;0;-5;0;;;;;;;;
46;0;41;0;;;;;;;;
-50;0;-101;0;;;;;;;;
53;0;125;0;;;;;;;;
113;0;38;0;;;;;;;;
123;0;-55;0;;;;;;;;
8;0;104;0;;;;;;;;
-61;0;-118;0;;;;;;;;
97;0;85;0;;;;;;;;
77;0;-74;0;;;;;;;;
-91;0;-61;0;;;;;;;;
-88;0;-119;0;;;;;;;;
0;0;-114;0;;;;;;;;
-25;0;113;0;;;;;;;;
3;0;72;0;;;;;;;;
111;0;-64;0;;;;;;;;
-11;0;-43;0;;;;;;;;
-38;0;-59;0;;;;;;;;
-65;0;-119;0;;;;;;;;
81;0;109;0;;;;;;;;
60;0;-37;0;;;;;;;;
37;0;-45;0;;;;;;;;
-29;0;21;0;;;;;;;;
-34;0;100;0;;;;;;;;
90;0;31;0;;;;;;;;
92;0;-56;0;;;;;;;;
40;0;42;0;;;;;;;;
-83;0;-43;0;;;;;;;;
-42;0;-70;0;;;;;;;;
105;0;77;0;;;;;;;;
-27;0;47;0;;;;;;;;
53;0;64;0;;;;;;;;
121;0;78;0;;;;;;;;
-49;0;-79;0;;;;;;;;
78;0;119;0;;;;;;;;
-9;0;-29;0;;;;;;;;
15;0;27;0;;;;;;;;
64;0;-72;0;;;;;;;;
1;0;-20;0;;;;;;;;
59;0;81;0;;;;;;;;
60;0;-108;0;;;;;;;;
-68;0;-76;0;;;;;;;;
-107;0;46;0;;;;;;;;
-110;0;-100;0;;;;;;;;
-36;0;68;0;;;;;;;;
-83;0;-12;0;;;;;;;;
81;0;-89;0;;;;;;;;
-1;0;40;0;;;;;;;;
-36;0;91;0;;;;;;;;
53;0;-10;0;;;;;;;;
-2;0;73;0;;;;;;;;
124;0;28;0;;;;;;;;
-15;0;64;0;;;;;;;;
-98;0;-11;0;;;;;;;;
-100;0;90;0;;;;;;;;
4;0;106;0;;;;;;;;
116;0;57;0;;;;;;;;
-14;0;-31;0;;;;;;;;
15;0;-67;0;;;;;;;;
-68;0;57;0;;;;;;;;
24;0;19;0;;;;;;;;
-119;0;-49;0;;;;;;;;
-25;0;10;0;;;;;;;;
-74;0;-117;0;;;;;;;;
62;0;-106;0;;;;;;;;
-102;0;-122;0;;;;;;;;
111;0;86;0;;;;;;;;
20;0;30;0;;;;;;;;
56;0;-25;0;;;;;;;;
-38;0;-120;0;;;;;;;;
-113;0;94;0;;;;;;;;
25;0;-97;0;;;;;;;;
65;0;-2;0;;;;;;;;
65;0;-75;0;;;;;;;;
-81;0;18;0;;;;;;;;
114;0;53;0;;;;;;;;
101;0;116;0;;;;;;;;
79;0;47;0;;;;;;;;
-20;0;-71;0;;;;;;;;
-14;0;1;0;;;;;;;;
66;0;18;0;;;;;;;;
-50;0;123;0;;;;;;;;
-44;0;-111;0;;;;;;;;
-37;0;100;0;;;;;;;;
-123;0;-122;0;;;;;;;;
40;0;-22;0;;;;;;;;
-26;0;-108;0;;;;;;;;
16;0;-102;0;;;;;;;;
-33;0;62;0;;;;;;;;
121;0;17;0;;;;;;;;
86;0;4;0;;;;;;;;
-56;0;-25;0;;;;;;;;
70;0;-83;0;;;;;;;;
97;0;-117;0;;;;;;;;
-125;0;-70;0;;;;;;;;
-51;0;70;0;;;;;;;;
-40;0;-47;0;;;;;;;;
56;0;-116;0;;;;;;;;
19;0;97;0;;;;;;;;
74;0;12;0;;;;;;;;
-96;0;-118;0;;;;;;;;
-104;0;-76;0;;;;;;;;
-82;0;-112;0;;;;;;;;
-54;0;118;0;;;;;;;;
-37;0;-110;0;;;;;;;;
38;0;-93;0;;;;;;;;
-65;0;-89;0;;;;;;;;
39;0;106;0;;;;;;;;
-4;0;123;0;;;;;;;;
-114;0;-12;0;;;;;;;;
112;0;-14;0;;;;;;;;
-81;0;-3;0;;;;;;;;
-51;0;-125;0;;;;;;;;
40;0;75;0;;;;;;;;
-29;0;15;0;;;;;;;;
-36;0;-107;0;;;;;;;;
-49;0;113;0;;;;;;;;
-50;0;-123;0;;;;;;;;
2;0;25;0;;;;;;;;
115;0;-40;0;;;;;;;;
101;0;61;0;;;;;;;;
-123;0;92;0;;;;;;;;
100;0;31;0;;;;;;;;
-41;0;-43;0;;;;;;;;
78;0;-6;0;;;;;;;;
38;0;-23;0;;;;;;;;
-124;0;1;0;;;;;;;;
-38;0;83;0;;;;;;;;
-7;0;-26;0;;;;;;;;
-88;0;-8;0;;;;;;;;
-107;0;-30;0;;;;;;;;
-106;0;105;0;;;;;;;;
-82;0;-14;0;;;;;;;;
34;0;102;0;;;;;;;;
-16;0;35;0;;;;;;;;
2;0;52;0;;;;;;;;
5;0;-3;0;;;;;;;;
-18;0;-5;0;;;;;;;;
-41;0;63;0;;;;;;;;
-117;0;-105;0;;;;;;;;
-66;0;-32;0;;;;;;;;
-67;0;-22;0;;;;;;;;
80;0;96;0;;;;;;;;
-112;0;55;0;;;;;;;;
-38;0;96;0;;;;;;;;
79;0;-46;0;;;;;;;;
-114;0;83;0;;;;;;;;
-90;0;96;0;;;;;;;;
-28;0;-64;0;;;;;;;;
38;0;-53;0;;;;;;;;
-33;0;21;0;;;;;;;;
106;0;61;0;;;;;;;;
59;0;-38;0;;;;;;;;
-114;0;41;0;;;;;;;;
76;0;14;0;;;;;;;;
-35;0;-103;0;;;;;;;;
-69;0;94;0;;;;;;;;
101;0;-70;0;;;;;;;;
-3;0;-125;0;;;;;;;;
59;0;-104;0;;;;;;;;
-37;0;92;0;;;;;;;;
59;0;106;0;;;;;;;;
-125;0;0;0;;;;;;;;
-74;0;-50;0;;;;;;;;
28;0;122;0;;;;;;;;
-45;0;114;0;;;;;;;;
-51;0;-49;0;;;;;;;;
-78;0;-81;0;;;;;;;;
14;0;-45;0;;;;;;;;
-93;0;-59;0;;;;;;;;
13;0;68;0;;;;;;;;
83;0;112;0;;;;;;;;
17;0;66;0;;;;;;;;
-124;0;64;0;;;;;;;;
-44;0;-93;0;;;;;;;;
50;0;65;0;;;;;;;;
11;0;-34;0;;;;;;;;
-31;0;66;0;;;;;;;;
-64;0;-47;0;;;;;;;;
-118;0;104;0;;;;;;;;
-88;0;116;0;;;;;;;;
-87;0;125;0;;;;;;;;
106;0;27;0;;;;;;;;
-36;0;-75;0;;;;;;;;
16;0;-125;0;;;;;;;;
-124;0;5;0;;;;;;;;
-110;0;33;0;;;;;;;;
-125;0;95;0;;;;;;;;
-20;0;88;0;;;;;;;;
43;0;13;0;;;;;;;;
-113;0;56;0;;;;;;;;
-11;0;-93;0;;;;;;;;
-108;0;48;0;;;;;;;;
-10;0;-114;0;;;;;;;;
-90;0;-109;0;;;;;;;;
24;0;-121;0;;;;;;;;
16;0;67;0;;;;;;;;
51;0;-28;0;;;;;;;;
80;0;-98;0;;;;;;;;
105;0;-109;0;;;;;;;;
117;0;48;0;;;;;;;;
-96;0;-117;0;;;;;;;;
-95;0;-104;0;;;;;;;;
19;0;-10;0;;;;;;;;
-110;0;119;0;;;;;;;;
83;0;-40;0;;;;;;;;
32;0;-89;0;;;;;;;;
-42;0;-3;0;;;;;;;;
82;0;48;0;;;;;;;;
31;0;47;0;;;;;;;;
55;0;-16;0;;;;;;;;
-85;0;-15;0;;;;;;;;
108;0;-98;0;;;;;;;;
106;0;112;0;;;;;;;;
76;0;-94;0;;;;;;;;
-53;0;72;0;;;;;;;;
77;0;-91;0;;;;;;;;
85;0;-55;0;;;;;;;;
47;0;-15;0;;;;;;;;
-77;0;98;0;;;;;;;;
-103;0;-70;0;;;;;;;;
59;0;60;0;;;;;;;;
-14;0;36;0;;;;;;;;
-9;0;-91;0;;;;;;;;
-28;0;-47;0;;;;;;;;
-87;0;-115;0;;;;;;;;
86;0;-73;0;;;;;;;;
107;0;61;0;;;;;;;;
83;0;-71;0;;;;;;;;
22;0;-68;0;;;;;;;;
-8;0;110;0;;;;;;;;
74;0;-68;0;;;;;;;;
-63;0;-74;0;;;;;;;;
92;0;-54;0;;;;;;;;
4;0;57;0;;;;;;;;
96;0;27;0;;;;;;;;
-49;0;-32;0;;;;;;;;
10;0;-25;0;;;;;;;;
-60;0;-123;0;;;;;;;;
-109;0;20;0;;;;;;;;
-44;0;101;0;;;;;;;;
10;0;70;0;;;;;;;;
59;0;71;0;;;;;;;;
113;0;112;0;;;;;;;;
16;0;12;0;;;;;;;;
120;0;-83;0;;;;;;;;
108;0;53;0;;;;;;;;
-16;0;-68;0;;;;;;;;
69;0;-77;0;;;;;;;;
-100;0;-17;0;;;;;;;;
18;0;119;0;;;;;;;;
-25;0;9;0;;;;;;;;
3;0;-71;0;;;;;;;;
-46;0;-64;0;;;;;;;;
91;0;-123;0;;;;;;;;
-56;0;-113;0;;;;;;;;
110;0;-4;0;;;;;;;;
-5;0;-124;0;;;;;;;;
74;0;56;0;;;;;;;;
97;0;-17;0;;;;;;;;
-111;0;38;0;;;;;;;;
107;0;9;0;;;;;;;;
-93;0;66;0;;;;;;;;
-69;0;97;0;;;;;;;;
-111;0;47;0;;;;;;;;
-99;0;-49;0;;;;;;;;
54;0;62;0;;;;;;;;
-21;0;-7;0;;;;;;;;
-119;0;111;0;;;;;;;;
-5;0;-3;0;;;;;;;;
104;0;105;0;;;;;;;;
99;0;64;0;;;;;;;;
1;0;80;0;;;;;;;;
27;0;-4;0;;;;;;;;
-92;0;-104;0;;;;;;;;
113;0;79;0;;;;;;;;
39;0;-18;0;;;;;;;;
-2;0;-100;0;;;;;;;;
28;0;-85;0;;;;;;;;
-92;0;18;0;;;;;;;;
-111;0;-1;0;;;;;;;;
9;0;-60;0;;;;;;;;
-5;0;100;0;;;;;;;;
58;0;89;0;;;;;;;;
-90;0;-39;0;;;;;;;;
89;0;-3;0;;;;;;;;
17;0;-23;0;;;;;;;;
-71;0;101;0;;;;;;;;
-24;0;-66;0;;;;;;;;
65;0;-23;0;;;;;;;;
11;0;118;0;;;;;;;;
-46;0;97;0;;;;;;;;
-61;0;14;0;;;;;;;;
70;0;-101;0;;;;;;;;
-97;0;119;0;;;;;;;;
79;0;86;0;;;;;;;;
-22;0;14;0;;;;;;;;
57;0;-117;0;;;;;;;;
122;0;72;0;;;;;;;;
38;0;69;0;;;;;;;;
37;0;-75;0;;;;;;;;
-20;0;-70;0;;;;;;;;
-57;0;-48;0;;;;;;;;
-20;0;117;0;;;;;;;;
111;0;-112;0;;;;;;;;
76;0;14;0;;;;;;;;
95;0;-98;0;;;;;;;;
42;0;-103;0;;;;;;;;
-58;0;73;0;;;;;;;;
-36;0;-65;0;;;;;;;;
-55;0;43;0;;;;;;;;
-45;0;35;0;;;;;;;;
-121;0;-73;0;;;;;;;;
-74;0;-74;0;;;;;;;;
82;0;-61;0;;;;;;;;
102;0;56;0;;;;;;;;
76;0;46;0;;;;;;;;
55;0;-124;0;;;;;;;;
25;0;112;0;;;;;;;;
-45;0;-35;0;;;;;;;;
34;0;11;0;;;;;;;;
55;0;-66;0;;;;;;;;
-48;0;-98;0;;;;;;;;
-71;0;-6;0;;;;;;;;
-89;0;64;0;;;;;;;;
-30;0;98;0;;;;;;;;
28;0;13;0;;;;;;;;
-11;0;-102;0;;;;;;;;
123;0;-15;0;;;;;;;;
59;0;64;0;;;;;;;;
-54;0;59;0;;;;;;;;
-78;0;-102;0;;;;;;;;
-64;0;-121;0;;;;;;;;
-102;0;23;0;;;;;;;;
9;0;-101;0;;;;;;;;
-73;0;92;0;;;;;;;;
-22;0;-94;0;;;;;;;;
-66;0;-13;0;;;;;;;;
-41;0;-81;0;;;;;;;;
-6;0;-115;0;;;;;;;;
-122;0;-115;0;;;;;;;;
-31;0;-99;0;;;;;;;;
-35;0;-11;0;;;;;;;;
-32;0;24;0;;;;;;;;
-24;0;-88;0;;;;;;;;
-66;0;-77;0;;;;;;;;
-45;0;-95;0;;;;;;;;
-78;0;69;0;;;;;;;;
103;0;-27;0;;;;;;;;
8;0;54;0;;;;;;;;
-83;0;122;0;;;;;;;;
108;0;40;0;;;;;;;;
69;0;6;0;;;;;;;;
-6;0;-49;0;;;;;;;;
22;0;-125;0;;;;;;;;
84;0;107;0;;;;;;;;
32;0;-109;0;;;;;;;;
74;0;8;0;;;;;;;;
-32;0;48;0;;;;;;;;
-59;0;42;0;;;;;;;;
-21;0;51;0;;;;;;;;
42;0;-46;0;;;;;;;;
113;0;78;0;;;;;;;;
-100;0;-43;0;;;;;;;;
113;0;92;0;;;;;;;;
-90;0;-23;0;;;;;;;;
-58;0;-38;0;;;;;;;;
24;0;86;0;;;;;;;;
79;0;116;0;;;;;;;;
86;0;-25;0;;;;;;;;
94;0;-115;0;;;;;;;;
55;0;-66;0;;;;;;;;
9;0;121;0;;;;;;;;
37;0;-46;0;;;;;;;;
21;0;44;0;;;;;;;;
41;0;59;0;;;;;;;;
-67;0;-52;0;;;;;;;;
123;0;-52;0;;;;;;;;
-51;0;57;0;;;;;;;;
-39;0;100;0;;;;;;;;
59;0;45;0;;;;;;;;
-14;0;64;0;;;;;;;;
-4;0;30;0;;;;;;;;
16;0;-65;0;;;;;;;;
-67;0;13;0;;;;;;;;
86;0;-55;0;;;;;;;;
36;0;61;0;;;;;;;;
62;0;-83;0;;;;;;;;
14;0;56;0;;;;;;;;
-22;0;-81;0;;;;;;;;
-69;0;-5;0;;;;;;;;
-37;0;-79;0;;;;;;;;
-52;0;31;0;;;;;;;;
11;0;1;0;;;;;;;;
92;0;-66;0;;;;;;;;
-17;0;73;0;;;;;;;;
67;0;103;0;;;;;;;;
-114;0;105;0;;;;;;;;
-125;0;17;0;;;;;;;;
91;0;54;0;;;;;;;;
61;0;44;0;;;;;;;;
-42;0;76;0;;;;;;;;
-77;0;-66;0;;;;;;;;
40;0;-14;0;;;;;;;;
-118;0;-55;0;;;;;;;;
105;0;-70;0;;;;;;;;
113;0;30;0;;;;;;;;
-106;0;-19;0;;;;;;;;
-16;0;37;0;;;;;;;;
79;0;119;0;;;;;;;;
-58;0;72;0;;;;;;;;
44;0;99;0;;;;;;;;
15;0;-36;0;;;;;;;;
6;0;-119;0;;;;;;;;
59;0;13;0;;;;;;;;
64;0;-16;0;;;;;;;;
-71;0;-39;0;;;;;;;;
-114;0;-67;0;;;;;;;;
-2;0;-21;0;;;;;;;;
33;0;-106;0;;;;;;;;
66;0;-57;0;;;;;;;;
24;0;17;0;;;;;;;;
34;0;19;0;;;;;;;;
8;0;-46;0;;;;;;;;
-105;0;-4;0;;;;;;;;
103;0;-6;0;;;;;;;;
-77;0;-117;0;;;;;;;;
74;0;-113;0;;;;;;;;
-51;0;-106;0;;;;;;;;
-78;0;62;0;;;;;;;;
-5;0;28;0;;;;;;;;
-105;0;13;0;;;;;;;;
-36;0;93;0;;;;;;;;
25;0;-9;0;;;;;;;;
81;0;2;0;;;;;;;;
-36;0;-3;0;;;;;;;;
94;0;52;0;;;;;;;;
36;0;41;0;;;;;;;;
106;0;8;0;;;;;;;;
78;0;15;0;;;;;;;;
46;0;125;0;;;;;;;;
91;0;44;0;;;;;;;;
-94;0;84;0;;;;;;;;
-123;0;45;0;;;;;;;;
-30;0;-49;0;;;;;;;;
26;0;-53;0;;;;;;;;
-105;0;-109;0;;;;;;;;
-113;0;-80;0;;;;;;;;
15;0;-63;0;;;;;;;;
-49;0;-67;0;;;;;;;;
-50;0;44;0;;;;;;;;
-35;0;-46;0;;;;;;;;
-81;0;-26;0;;;;;;;;
-58;0;-20;0;;;;;;;;
62;0;-113;0;;;;;;;;
-46;0;124;0;;;;;;;;
3;0;-85;0;;;;;;;;
106;0;-103;0;;;;;;;;
99;0;101;0;;;;;;;;
-14;0;18;0;;;;;;;;
114;0;-50;0;;;;;;;;
-22;0;70;0;;;;;;;;
84;0;-88;0;;;;;;;;
-53;0;-60;0;;;;;;;;
6;0;-51;0;;;;;;;;
64;0;110;0;;;;;;;;
40;0;-51;0;;;;;;;;
0;0;-93;0;;;;;;;;
64;0;40;0;;;;;;;;
27;0;-81;0;;;;;;;;
-13;0;109;0;;;;;;;;
25;0;-18;0;;;;;;;;
37;0;96;0;;;;;;;;
-16;0;106;0;;;;;;;;
-72;0;-14;0;;;;;;;;
3;0;71;0;;;;;;;;
-47;0;120;0;;;;;;;;
-51;0;-123;0;;;;;;;;
-77;0;64;0;;;;;;;;
-11;0;60;0;;;;;;;;
-9;0;-73;0;;;;;;;;
-62;0;96;0;;;;;;;;
-99;0;0;0;;;;;;;;
-82;0;82;0;;;;;;;;
53;0;-61;0;;;;;;;;
108;0;-60;0;;;;;;;;
112;0;36;0;;;;;;;;
-105;0;80;0;;;;;;;;
32;0;98;0;;;;;;;;
66;0;-3;0;;;;;;;;
-74;0;67;0;;;;;;;;
-45;0;-20;0;;;;;;;;
55;0;-102;0;;;;;;;;
97;0;-33;0;;;;;;;;
61;0;42;0;;;;;;;;
-64;0;-19;0;;;;;;;;
23;0;-21;0;;;;;;;;
110;0;-86;0;;;;;;;;
44;0;-70;0;;;;;;;;
9;0;-46;0;;;;;;;;
-74;0;-64;0;;;;;;;;
16;0;22;0;;;;;;;;
-103;0;-21;0;;;;;;;;
72;0;-78;0;;;;;;;;
-75;0;-41;0;;;;;;;;
-75;0;78;0;;;;;;;;
68;0;65;0;;;;;;;;
8;0;1;0;;;;;;;;
79;0;-16;0;;;;;;;;
-75;0;94;0;;;;;;;;
92;0;55;0;;;;;;;;
-54;0;54;0;;;;;;;;
39;0;-79;0;;;;;;;;
-21;0;65;0;;;;;;;;
-52;0;-103;0;;;;;;;;
-71;0;14;0;;;;;;;;
-1;0;60;0;;;;;;;;
113;0;56;0;;;;;;;;
72;0;-96;0;;;;;;;;
51;0;61;0;;;;;;;;
63;0;90;0;;;;;;;;
95;0;113;0;;;;;;;;
-56;0;-46;0;;;;;;;;
-35;0;80;0;;;;;;;;
-91;0;103;0;;;;;;;;
-22;0;-77;0;;;;;;;;
23;0;72;0;;;;;;;;
1;0;-57;0;;;;;;;;
-108;0;109;0;;;;;;;;
102;0;100;0;;;;;;;;
21;0;-59;0;;;;;;;;
-49;0;116;0;;;;;;;;
118;0;-74;0;;;;;;;;
-59;0;40;0;;;;;;;;
-82;0;-33;0;;;;;;;;
39;0;-54;0;;;;;;;;
71;0;97;0;;;;;;;;
-64;0;-66;0;;;;;;;;
-43;0;18;0;;;;;;;;
-12;0;19;0;;;;;;;;
6;0;-90;0;;;;;;;;
113;0;-26;0;;;;;;;;
47;0;-89;0;;;;;;;;
-67;0;-55;0;;;;;;;;
-108;0;95;0;;;;;;;;
-88;0;-86;0;;;;;;;;
-12;0;-53;0;;;;;;;;
34;0;44;0;;;;;;;;
16;0;-67;0;;;;;;;;
18;0;-57;0;;;;;;;;
29;0;5;0;;;;;;;;
51;0;39;0;;;;;;;;
76;0;125;0;;;;;;;;
-85;0;-13;0;;;;;;;;
-114;0;-107;0;;;;;;;;
34;0;83;0;;;;;;;;
19;0;-92;0;;;;;;;;
-22;0;-53;0;;;;;;;;
91;0;-17;0;;;;;;;;
67;0;-81;0;;;;;;;;
-82;0;-16;0;;;;;;;;
93;0;-70;0;;;;;;;;
85;0;45;0;;;;;;;;
42;0;18;0;;;;;;;;
30;0;-1;0;;;;;;;;
82;0;39;0;;;;;;;;
-112;0;-59;0;;;;;;;;
102;0;-86;0;;;;;;;;
-63;0;79;0;;;;;;;;
-86;0;91;0;;;;;;;;
-80;0;33;0;;;;;;;;
-89;0;-29;0;;;;;;;;
96;0;-111;0;;;;;;;;
59;0;81;0;;;;;;;;
119;0;-109;0;;;;;;;;
-2;0;-58;0;;;;;;;;
-55;0;71;0;;;;;;;;
8;0;123;0;;;;;;;;
85;0;-110;0;;;;;;;;
-108;0;-70;0;;;;;;;;
-94;0;-3;0;;;;;;;;
-35;0;116;0;;;;;;;;
-123;0;14;0;;;;;;;;
38;0;69;0;;;;;;;;
-62;0;-64;0;;;;;;;;
-3;0;19;0;;;;;;;;
105;0;-20;0;;;;;;;;
-105;0;-33;0;;;;;;;;
91;0;5;0;;;;;;;;
-113;0;90;0;;;;;;;;
18;0;58;0;;;;;;;;
-19;0;-61;0;;;;;;;;
-123;0;-108;0;;;;;;;;
83;0;87;0;;;;;;;;
115;0;84;0;;;;;;;;
-1;0;-52;0;;;;;;;;
-95;0;83;0;;;;;;;;
67;0;-50;0;;;;;;;;
-15;0;39;0;;;;;;;;
-25;0;116;0;;;;;;;;
-73;0;-98;0;;;;;;;;
31;0;-121;0;;;;;;;;
-42;0;52;0;;;;;;;;
-30;0;-28;0;;;;;;;;
-17;0;112;0;;;;;;;;
17;0;-61;0;;;;;;;;
-66;0;-42;0;;;;;;;;
87;0;34;0;;;;;;;;
7;0;-60;0;;;;;;;;
50;0;33;0;;;;;;;;
116;0;114;0;;;;;;;;
-13;0;27;0;;;;;;;;
-75;0;33;0;;;;;;;;
-47;0;75;0;;;;;;;;
-23;0;58;0;;;;;;;;
117;0;-18;0;;;;;;;;
82;0;117;0;;;;;;;;
-68;0;95;0;;;;;;;;
64;0;41;0;;;;;;;;
83;0;-12;0;;;;;;;;
49;0;44;0;;;;;;;;
-115;0;-47;0;;;;;;;;
27;0;6;0;;;;;;;;
26;0;-49;0;;;;;;;;
-75;0;-19;0;;;;;;;;
-70;0;50;0;;;;;;;;
-46;0;-31;0;;;;;;;;
45;0;-51;0;;;;;;;;
-43;0;-63;0;;;;;;;;
-12;0;-2;0;;;;;;;;
-99;0;55;0;;;;;;;;
-17;0;12;0;;;;;;;;
4;0;1;0;;;;;;;;
-41;0;-68;0;;;;;;;;
-124;0;121;0;;;;;;;;
-106;0;-118;0;;;;;;;;
17;0;-43;0;;;;;;;;
-106;0;8;0;;;;;;;;
-123;0;-46;0;;;;;;;;
-125;0;-108;0;;;;;;;;
84;0;43;0;;;;;;;;
73;0;-10;0;;;;;;;;
-105;0;112;0;;;;;;;;
47;0;30;0;;;;;;;;
110;0;-113;0;;;;;;;;
38;0;71;0;;;;;;;;
-33;0;-17;0;;;;;;;;
-35;0;-113;0;;;;;;;;
-70;0;17;0;;;;;;;;
11;0;-82;0;;;;;;;;
113;0;50;0;;;;;;;;
12;0;-41;0;;;;;;;;
33;0;-79;0;;;;;;;;
110;0;60;0;;;;;;;;
77;0;-45;0;;;;;;;;
-88;0;-63;0;;;;;;;;
25;0;-67;0;;;;;;;;
-40;0;121;0;;;;;;;;
65;0;110;0;;;;;;;;
98;0;13;0;;;;;;;;
-97;0;3;0;;;;;;;;
26;0;99;0;;;;;;;;
-33;0;70;0;;;;;;;;
119;0;115;0;;;;;;;;
-98;0;-26;0;;;;;;;;
50;0;-3;0;;;;;;;;
91;0;-88;0;;;;;;;;
-85;0;-94;0;;;;;;;;
35;0;-46;0;;;;;;;;
18;0;-66;0;;;;;;;;
86;0;-21;0;;;;;;;;
-6;0;29;0;;;;;;;;
125;0;-49;0;;;;;;;;
-86;0;-66;0;;;;;;;;
100;0;-61;0;;;;;;;;
-75;0;9;0;;;;;;;;
-44;0;114;0;;;;;;;;
38;0;60;0;;;;;;;;
100;0;-85;0;;;;;;;;
-12;0;-114;0;;;;;;;;
75;0;-87;0;;;;;;;;
-47;0;-98;0;;;;;;;;
45;0;-90;0;;;;;;;;
67;0;116;0;;;;;;;;
-33;0;-3;0;;;;;;;;
-90;0;-77;0;;;;;;;;
22;0;-113;0;;;;;;;;
-87;0;-87;0;;;;;;;;
42;0;29;0;;;;;;;;
16;0;60;0;;;;;;;;
-52;0;-72;0;;;;;;;;
90;0;-50;0;;;;;;;;
70;0;-72;0;;;;;;;;
45;0;66;0;;;;;;;;
-95;0;-114;0;;;;;;;;
47;0;-80;0;;;;;;;;
-95;0;-19;0;;;;;;;;
114;0;-90;0;;;;;;;;
31;0;-83;0;;;;;;;;
93;0;-1;0;;;;;;;;
-70;0;62;0;;;;;;;;
68;0;-42;0;;;;;;;;
6;0;-103;0;;;;;;;;
-85;0;-82;0;;;;;;;;
80;0;81;0;;;;;;;;
-7;0;36;0;;;;;;;;
-32;0;52;0;;;;;;;;
48;0;-29;0;;;;;;;;
76;0;44;0;;;;;;;;
-18;0;-77;0;;;;;;;;
-64;0;114;0;;;;;;;;
-104;0;-90;0;;;;;;;;
62;0;-122;0;;;;;;;;
67;0;-62;0;;;;;;;;
-101;0;52;0;;;;;;;;
-116;0;-3;0;;;;;;;;
-13;0;6;0;;;;;;;;
-1;0;45;0;;;;;;;;
20;0;-114;0;;;;;;;;
-102;0;-101;0;;;;;;;;
-18;0;-39;0;;;;;;;;
-45;0;-4;0;;;;;;;;
-121;0;19;0;;;;;;;;
84;0;74;0;;;;;;;;
4;0;20;0;;;;;;;;
1;0;-119;0;;;;;;;;
-99;0;-76;0;;;;;;;;
-75;0;36;0;;;;;;;;
8;0;14;0;;;;;;;;
83;0;-21;0;;;;;;;;
-66;0;91;0;;;;;;;;
81;0;-125;0;;;;;;;;
32;0;-25;0;;;;;;;;
50;0;23;0;;;;;;;;
-67;0;-3;0;;;;;;;;
-71;0;107;0;;;;;;;;
-123;0;-58;0;;;;;;;;
-28;0;-73;0;;;;;;;;
-60;0;59;0;;;;;;;;
-37;0;-83;0;;;;;;;;
-105;0;-41;0;;;;;;;;
-101;0;13;0;;;;;;;;
50;0;36;0;;;;;;;;
-27;0;44;0;;;;;;;;
-57;0;19;0;;;;;;;;
-38;0;-74;0;;;;;;;;
-64;0;37;0;;;;;;;;
69;0;-111;0;;;;;;;;
122;0;-116;0;;;;;;;;
-107;0;86;0;;;;;;;;
14;0;95;0;;;;;;;;
123;0;28;0;;;;;;;;
-16;0;-53;0;;;;;;;;
-81;0;10;0;;;;;;;;
99;0;-33;0;;;;;;;;
95;0;-37;0;;;;;;;;
65;0;-70;0;;;;;;;;
21;0;22;0;;;;;;;;
-43;0;88;0;;;;;;;;
-40;0;24;0;;;;;;;;
9;0;76;0;;;;;;;;
-36;0;96;0;;;;;;;;
83;0;72;0;;;;;;;;
-68;0;95;0;;;;;;;;
32;0;93;0;;;;;;;;
18;0;-77;0;;;;;;;;
-124;0;56;0;;;;;;;;
93;0;109;0;;;;;;;;
-26;0;-80;0;;;;;;;;
-62;0;20;0;;;;;;;;
5;0;62;0;;;;;;;;
-84;0;2;0;;;;;;;;
-118;0;-37;0;;;;;;;;
3;0;-51;0;;;;;;;;
55;0;-119;0;;;;;;;;
48;0;93;0;;;;;;;;
-56;0;-93;0;;;;;;;;
16;0;-18;0;;;;;;;;
38;0;11;0;;;;;;;;
6;0;-56;0;;;;;;;;
-49;0;15;0;;;;;;;;
104;0;-24;0;;;;;;;;
115;0;-79;0;;;;;;;;
112;0;72;0;;;;;;;;
-6;0;103;0;;;;;;;;
86;0;-90;0;;;;;;;;
69;0;-106;0;;;;;;;;
-94;0;77;0;;;;;;;;
47;0;74;0;;;;;;;;
78;0;34;0;;;;;;;;
59;0;-50;0;;;;;;;;
-55;0;-110;0;;;;;;;;
100;0;-16;0;;;;;;;;
39;0;118;0;;;;;;;;
6;0;114;0;;;;;;;;
-4;0;12;0;;;;;;;;
80;0;-94;0;;;;;;;;
72;0;-124;0;;;;;;;;
-56;0;-77;0;;;;;;;;
116;0;-74;0;;;;;;;;
-115;0;-98;0;;;;;;;;
-18;0;-17;0;;;;;;;;
78;0;-51;0;;;;;;;;
-96;0;77;0;;;;;;;;
9;0;76;0;;;;;;;;
80;0;25;0;;;;;;;;
-101;0;10;0;;;;;;;;
37;0;77;0;;;;;;;;
114;0;-34;0;;;;;;;;
-90;0;-36;0;;;;;;;;
101;0;-119;0;;;;;;;;
68;0;-56;0;;;;;;;;
-118;0;-88;0;;;;;;;;
-120;0;-90;0;;;;;;;;
-86;0;55;0;;;;;;;;
78;0;95;0;;;;;;;;
-85;0;-36;0;;;;;;;;
72;0;-2;0;;;;;;;;
-20;0;-94;0;;;;;;;;
-77;0;60;0;;;;;;;;
109;0;48;0;;;;;;;;
-18;0;118;0;;;;;;;;
42;0;88;0;;;;;;;;
114;0;69;0;;;;;;;;
63;0;-109;0;;;;;;;;
-122;0;-47;0;;;;;;;;
-110;0;-13;0;;;;;;;;
104;0;-56;0;;;;;;;;
47;0;-106;0;;;;;;;;
49;0;-27;0;;;;;;;;
-124;0;-10;0;;;;;;;;
86;0;-60;0;;;;;;;;
105;0;-76;0;;;;;;;;
96;0;-27;0;;;;;;;;
121;0;-53;0;;;;;;;;
27;0;114;0;;;;;;;;
1;0;-52;0;;;;;;;;
-96;0;-30;0;;;;;;;;
-43;0;121;0;;;;;;;;
-14;0;8;0;;;;;;;;
-115;0;40;0;;;;;;;;
-116;0;-20;0;;;;;;;;
110;0;-73;0;;;;;;;;
9;0;-50;0;;;;;;;;
-49;0;-107;0;;;;;;;;
86;0;-15;0;;;;;;;;
-114;0;8;0;;;;;;;;
31;0;107;0;;;;;;;;
-116;0;22;0;;;;;;;;
120;0;-99;0;;;;;;;;
-118;0;-78;0;;;;;;;;
-56;0;66;0;;;;;;;;
10;0;-114;0;;;;;;;;
67;0;79;0;;;;;;;;
-48;0;39;0;;;;;;;;
17;0;-75;0;;;;;;;;
27;0;101;0;;;;;;;;
-67;0;-90;0;;;;;;;;
93;0;-90;0;;;;;;;;
-50;0;53;0;;;;;;;;
-105;0;16;0;;;;;;;;
96;0;106;0;;;;;;;;
-108;0;-27;0;;;;;;;;
105;0;-94;0;;;;;;;;
-13;0;72;0;;;;;;;;
41;0;-125;0;;;;;;;;
28;0;80;0;;;;;;;;
-112;0;52;0;;;;;;;;
-107;0;-108;0;;;;;;;;
58;0;102;0;;;;;;;;
59;0;3;0;;;;;;;;
-31;0;-67;0;;;;;;;;
101;0;-123;0;;;;;;;;
24;0;98;0;;;;;;;;
-105;0;59;0;;;;;;;;
-96;0;26;0;;;;;;;;
121;0;98;0;;;;;;;;
-81;0;24;0;;;;;;;;
59;0;-36;0;;;;;;;;
-96;0;-89;0;;;;;;;;
60;0;110;0;;;;;;;;
-83;0;16;0;;;;;;;;
-68;0;5;0;;;;;;;;
-121;0;-102;0;;;;;;;;
65;0;-89;0;;;;;;;;
91;0;-76;0;;;;;;;;
122;0;59;0;;;;;;;;
-74;0;-112;0;;;;;;;;
106;0;113;0;;;;;;;;
-42;0;22;0;;;;;;;;
119;0;-92;0;;;;;;;;
-37;0;-65;0;;;;;;;;
75;0;4;0;;;;;;;;
97;0;-119;0;;;;;;;;
-11;0;-4;0;;;;;;;;
-107;0;99;0;;;;;;;;
-121;0;107;0;;;;;;;;
-87;0;6;0;;;;;;;;
-71;0;-97;0;;;;;;;;
-38;0;-56;0;;;;;;;;
68;0;-30;0;;;;;;;;
116;0;100;0;;;;;;;;
83;0;-28;0;;;;;;;;
-47;0;-98;0;;;;;;;;
39;0;99;0;;;;;;;;
-90;0;62;0;;;;;;;;
67;0;83;0;;;;;;;;
-19;0;54;0;;;;;;;;
-86;0;-113;0;;;;;;;;
32;0;9;0;;;;;;;;
-107;0;-95;0;;;;;;;;
87;0;0;0;;;;;;;;
-27;0;88;0;;;;;;;;
-24;0;47;0;;;;;;;;
-100;0;64;0;;;;;;;;
-31;0;49;0;;;;;;;;
-84;0;-52;0;;;;;;;;
-114;0;105;0;;;;;;;;
59;0;118;0;;;;;;;;
24;0;-71;0;;;;;;;;
-77;0;-22;0;;;;;;;;
112;0;79;0;;;;;;;;
85;0;55;0;;;;;;;;
-103;0;50;0;;;;;;;;
-85;0;18;0;;;;;;;;
8;0;-23;0;;;;;;;;
44;0;90;0;;;;;;;;
-9;0;105;0;;;;;;;;
115;0;85;0;;;;;;;;
68;0;103;0;;;;;;;;
-60;0;-56;0;;;;;;;;
-71;0;42;0;;;;;;;;
-122;0;67;0;;;;;;;;
-73;0;-14;0;;;;;;;;
-41;0;123;0;;;;;;;;
14;0;-15;0;;;;;;;;
1;0;-98;0;;;;;;;;
-88;0;105;0;;;;;;;;
-43;0;-43;0;;;;;;;;
10;0;-90;0;;;;;;;;
18;0;30;0;;;;;;;;
-68;0;97;0;;;;;;;;
-48;0;-77;0;;;;;;;;
-117;0;-58;0;;;;;;;;
103;0;-5;0;;;;;;;;
117;0;-97;0;;;;;;;;
-48;0;15;0;;;;;;;;
-20;0;109;0;;;;;;;;
3;0;111;0;;;;;;;;
-24;0;-107;0;;;;;;;;
-47;0;66;0;;;;;;;;
112;0;-74;0;;;;;;;;
-70;0;22;0;;;;;;;;
-42;0;67;0;;;;;;;;
113;0;-30;0;;;;;;;;
-78;0;80;0;;;;;;;;
-16;0;-77;0;;;;;;;;
95;0;-121;0;;;;;;;;
50;0;27;0;;;;;;;;
95;0;-67;0;;;;;;;;
-123;0;-24;0;;;;;;;;
123;0;-90;0;;;;;;;;
-28;0;5;0;;;;;;;;
6;0;87;0;;;;;;;;
-73;0;-102;0;;;;;;;;
-48;0;-78;0;;;;;;;;
-48;0;-93;0;;;;;;;;
109;0;25;0;;;;;;;;
-42;0;-34;0;;;;;;;;
113;0;55;0;;;;;;;;
90;0;121;0;;;;;;;;
75;0;32;0;;;;;;;;
22;0;-52;0;;;;;;;;
-96;0;-115;0;;;;;;;;
32;0;41;0;;;;;;;;
52;0;-10;0;;;;;;;;
90;0;-61;0;;;;;;;;
-94;0;123;0;;;;;;;;
-25;0;38;0;;;;;;;;
55;0;-32;0;;;;;;;;
-106;0;-113;0;;;;;;;;
115;0;73;0;;;;;;;;
8;0;106;0;;;;;;;;
-107;0;112;0;;;;;;;;
-124;0;-58;0;;;;;;;;
-96;0;112;0;;;;;;;;
-98;0;57;0;;;;;;;;
113;0;-16;0;;;;;;;;
-95;0;-40;0;;;;;;;;
2;0;-112;0;;;;;;;;
84;0;86;0;;;;;;;;
-60;0;-3;0;;;;;;;;
-89;0;30;0;;;;;;;;
20;0;-88;0;;;;;;;;
96;0;-76;0;;;;;;;;
0;0;0;0;;;;;;;;
7;0;4;0;;;;;;;;
112;0;-41;0;;;;;;;;
79;0;-60;0;;;;;;;;
93;0;-32;0;;;;;;;;
-34;0;-20;0;;;;;;;;
110;0;107;0;;;;;;;;
68;0;77;0;;;;;;;;
-64;0;-19;0;;;;;;;;
68;0;-94;0;;;;;;;;
56;0;80;0;;;;;;;;
-125;0;12;0;;;;;;;;
13;0;83;0;;;;;;;;
-59;0;111;0;;;;;;;;
-86;0;-41;0;;;;;;;;
94;0;12;0;;;;;;;;
-114;0;-104;0;;;;;;;;
-96;0;-38;0;;;;;;;;
-79;0;-49;0;;;;;;;;
112;0;-44;0;;;;;;;;
31;0;-124;0;;;;;;;;
86;0;82;0;;;;;;;;
14;0;106;0;;;;;;;;
-57;0;-109;0;;;;;;;;
-86;0;48;0;;;;;;;;
83;0;70;0;;;;;;;;
33;0;-111;0;;;;;;;;
38;0;-49;0;;;;;;;;
-68;0;-93;0;;;;;;;;
-101;0;-119;0;;;;;;;;
26;0;-102;0;;;;;;;;
49;0;102;0;;;;;;;;
71;0;-86;0;;;;;;;;
-111;0;-112;0;;;;;;;;
106;0;87;0;;;;;;;;
12;0;78;0;;;;;;;;
45;0;2;0;;;;;;;;
44;0;80;0;;;;;;;;
-60;0;86;0;;;;;;;;
-84;0;52;0;;;;;;;;
90;0;79;0;;;;;;;;
-103;0;111;0;;;;;;;;
-114;0;29;0;;;;;;;;
86;0;115;0;;;;;;;;
-120;0;-19;0;;;;;;;;
-97;0;-125;0;;;;;;;;
66;0;55;0;;;;;;;;
36;0;91;0;;;;;;;;
92;0;19;0;;;;;;;;
52;0;0;0;;;;;;;;
25;0;-122;0;;;;;;;;
70;0;72;0;;;;;;;;
54;0;87;0;;;;;;;;
-110;0;19;0;;;;;;;;
87;0;32;0;;;;;;;;
-109;0;-18;0;;;;;;;;
39;0;-84;0;;;;;;;;
-94;0;90;0;;;;;;;;
77;0;-22;0;;;;;;;;
-32;0;21;0;;;;;;;;
-41;0;125;0;;;;;;;;
-92;0;106;0;;;;;;;;
-71;0;53;0;;;;;;;;
77;0;-80;0;;;;;;;;
10;0;82;0;;;;;;;;
-88;0;-22;0;;;;;;;;
-42;0;104;0;;;;;;;;
-73;0;102;0;;;;;;;;
-109;0;-106;0;;;;;;;;
57;0;-96;0;;;;;;;;
-55;0;20;0;;;;;;;;
-69;0;6;0;;;;;;;;
54;0;11;0;;;;;;;;
76;0;-90;0;;;;;;;;
-18;0;90;0;;;;;;;;
-109;0;-49;0;;;;;;;;
-59;0;-103;0;;;;;;;;
95;0;-97;0;;;;;;;;
119;0;-70;0;;;;;;;;
-19;0;-49;0;;;;;;;;
-71;0;46;0;;;;;;;;
-51;0;17;0;;;;;;;;
-23;0;112;0;;;;;;;;
111;0;3;0;;;;;;;;
-87;0;0;0;;;;;;;;
-47;0;35;0;;;;;;;;
7;0;88;0;;;;;;;;
-68;0;-49;0;;;;;;;;
28;0;-89;0;;;;;;;;
-27;0;29;0;;;;;;;;
88;0;-1;0;;;;;;;;
-13;0;72;0;;;;;;;;
-3;0;-14;0;;;;;;;;
-106;0;8;0;;;;;;;;
125;0;25;0;;;;;;;;
76;0;-75;0;;;;;;;;
-73;0;77;0;;;;;;;;
-47;0;87;0;;;;;;;;
80;0;69;0;;;;;;;;
26;0;113;0;;;;;;;;
-86;0;112;0;;;;;;;;
-75;0;-102;0;;;;;;;;
-17;0;28;0;;;;;;;;
-117;0;-98;0;;;;;;;;
-89;0;48;0;;;;;;;;
83;0;-93;0;;;;;;;;
44;0;26;0;;;;;;;;
15;0;74;0;;;;;;;;
-37;0;-7;0;;;;;;;;
-29;0;-82;0;;;;;;;;
-121;0;102;0;;;;;;;;
32;0;-116;0;;;;;;;;
-37;0;-73;0;;;;;;;;
-75;0;87;0;;;;;;;;
32;0;-8;0;;;;;;;;
56;0;-19;0;;;;;;;;
-74;0;13;0;;;;;;;;
80;0;-25;0;;;;;;;;
84;0;11;0;;;;;;;;
20;0;67;0;;;;;;;;
-66;0;-21;0;;;;;;;;
39;0;-120;0;;;;;;;;
-103;0;-6;0;;;;;;;;
98;0;-84;0;;;;;;;;
106;0;93;0;;;;;;;;
-76;0;-20;0;;;;;;;;
-2;0;82;0;;;;;;;;
-26;0;8;0;;;;;;;;
-111;0;-91;0;;;;;;;;
67;0;23;0;;;;;;;;
-60;0;-41;0;;;;;;;;
14;0;-106;0;;;;;;;;
103;0;-65;0;;;;;;;;
-125;0;33;0;;;;;;;;
-102;0;-53;0;;;;;;;;
82;0;113;0;;;;;;;;
6;0;-97;0;;;;;;;;
9;0;48;0;;;;;;;;
72;0;13;0;;;;;;;;
97;0;-61;0;;;;;;;;
-26;0;-63;0;;;;;;;;
6;0;-74;0;;;;;;;;
-8;0;58;0;;;;;;;;
-79;0;-117;0;;;;;;;;
113;0;-15;0;;;;;;;;
69;0;-92;0;;;;;;;;
41;0;-87;0;;;;;;;;
-79;0;89;0;;;;;;;;
122;0;-59;0;;;;;;;;
-108;0;-96;0;;;;;;;;
-26;0;51;0;;;;;;;;
40;0;58;0;;;;;;;;
52;0;57;0;;;;;;;;
104;0;104;0;;;;;;;;
107;0;90;0;;;;;;;;
64;0;42;0;;;;;;;;
51;0;-88;0;;;;;;;;
-14;0;-125;0;;;;;;;;
-25;0;-34;0;;;;;;;;
-119;0;-63;0;;;;;;;;
-45;0;16;0;;;;;;;;
-21;0;102;0;;;;;;;;
-3;0;-108;0;;;;;;;;
49;0;24;0;;;;;;;;
60;0;124;0;;;;;;;;
116;0;-25;0;;;;;;;;
22;0;-51;0;;;;;;;;
-108;0;-65;0;;;;;;;;
88;0;19;0;;;;;;;;
33;0;53;0;;;;;;;;
60;0;-60;0;;;;;;;;
95;0;-98;0;;;;;;;;
-49;0;-95;0;;;;;;;;
43;0;98;0;;;;;;;;
11;0;-117;0;;;;;;;;
-88;0;-95;0;;;;;;;;
9;0;-72;0;;;;;;;;
103;0;22;0;;;;;;;;
-100;0;6;0;;;;;;;;
42;0;-6;0;;;;;;;;
-38;0;-25;0;;;;;;;;
88;0;65;0;;;;;;;;
41;0;49;0;;;;;;;;
-24;0;-13;0;;;;;;;;
92;0;-83;0;;;;;;;;
56;0;44;0;;;;;;;;
73;0;-98;0;;;;;;;;
-109;0;-39;0;;;;;;;;
58;0;-116;0;;;;;;;;
116;0;-37;0;;;;;;;;
50;0;57;0;;;;;;;;
125;0;-84;0;;;;;;;;
79;0;83;0;;;;;;;;
111;0;8;0;;;;;;;;
-116;0;-117;0;;;;;;;;
-50;0;-60;0;;;;;;;;
-62;0;52;0;;;;;;;;
70;0;-64;0;;;;;;;;
-125;0;112;0;;;;;;;;
-15;0;-67;0;;;;;;;;
88;0;55;0;;;;;;;;
43;0;80;0;;;;;;;;
84;0;-26;0;;;;;;;;
61;0;76;0;;;;;;;;
53;0;-19;0;;;;;;;;
57;0;31;0;;;;;;;;
-12;0;91;0;;;;;;;;
84;0;-101;0;;;;;;;;
-17;0;-91;0;;;;;;;;
64;0;29;0;;;;;;;;
-91;0;48;0;;;;;;;;
-113;0;121;0;;;;;;;;
-45;0;-41;0;;;;;;;;
62;0;-60;0;;;;;;;;
-59;0;-82;0;;;;;;;;
-50;0;-51;0;;;;;;;;
-20;0;-67;0;;;;;;;;
46;0;4;0;;;;;;;;
84;0;85;0;;;;;;;;
93;0;-113;0;;;;;;;;
-53;0;-79;0;;;;;;;;
101;0;9;0;;;;;;;;
3;0;-15;0;;;;;;;;
-111;0;0;0;;;;;;;;
-90;0;-2;0;;;;;;;;
-32;0;-55;0;;;;;;;;
-60;0;42;0;;;;;;;;
-46;0;76;0;;;;;;;;
-73;0;2;0;;;;;;;;
73;0;-22;0;;;;;;;;
-48;0;96;0;;;;;;;;
74;0;-107;0;;;;;;;;
-125;0;-68;0;;;;;;;;
94;0;-8;0;;;;;;;;
77;0;-21;0;;;;;;;;
115;0;-83;0;;;;;;;;
125;0;-110;0;;;;;;;;
27;0;-4;0;;;;;;;;
115;0;115;0;;;;;;;;
-18;0;-93;0;;;;;;;;
51;0;-8;0;;;;;;;;
76;0;36;0;;;;;;;;
123;0;-116;0;;;;;;;;
100;0;58;0;;;;;;;;
-82;0;-8;0;;;;;;;;
-20;0;79;0;;;;;;;;
-115;0;-12;0;;;;;;;;
57;0;-95;0;;;;;;;;
57;0;-65;0;;;;;;;;
45;0;1;0;;;;;;;;
-11;0;-16;0;;;;;;;;
7;0;21;0;;;;;;;;
76;0;102;0;;;;;;;;
23;0;53;0;;;;;;;;
21;0;57;0;;;;;;;;
-102;0;47;0;;;;;;;;
0;0;97;0;;;;;;;;
-111;0;0;0;;;;;;;;
31;0;-76;0;;;;;;;;
-114;0;-86;0;;;;;;;;
-118;0;-65;0;;;;;;;;
-113;0;-85;0;;;;;;;;
28;0;-12;0;;;;;;;;
54;0;-115;0;;;;;;;;
58;0;-92;0;;;;;;;;
72;0;-31;0;;;;;;;;
120;0;107;0;;;;;;;;
-17;0;64;0;;;;;;;;
-42;0;-109;0;;;;;;;;
-116;0;103;0;;;;;;;;
-24;0;-98;0;;;;;;;;
46;0;-41;0;;;;;;;;
-120;0;-113;0;;;;;;;;
32;0;96;0;;;;;;;;
-105;0;-44;0;;;;;;;;
-85;0;-96;0;;;;;;;;
-30;0;-77;0;;;;;;;;
-103;0;91;0;;;;;;;;
12;0;124;0;;;;;;;;
114;0;-74;0;;;;;;;;
7;0;-69;0;;;;;;;;
-81;0;105;0;;;;;;;;
24;0;95;0;;;;;;;;
-41;0;99;0;;;;;;;;
124;0;-43;0;;;;;;;;
44;0;100;0;;;;;;;;
-59;0;-49;0;;;;;;;;
1;0;-85;0;;;;;;;;
-27;0;-14;0;;;;;;;;
80;0;-77;0;;;;;;;;
-92;0;-55;0;;;;;;;;
-41;0;73;0;;;;;;;;
32;0;118;0;;;;;;;;
-79;0;-11;0;;;;;;;;
-57;0;125;0;;;;;;;;
57;0;47;0;;;;;;;;
41;0;117;0;;;;;;;;
5;0;68;0;;;;;;;;
114;0;100;0;;;;;;;;
-21;0;-16;0;;;;;;;;
54;0;38;0;;;;;;;;
-97;0;37;0;;;;;;;;
-16;0;70;0;;;;;;;;
98;0;6;0;;;;;;;;
74;0;103;0;;;;;;;;
54;0;86;0;;;;;;;;
-113;0;-80;0;;;;;;;;
-113;0;-11;0;;;;;;;;
106;0;-27;0;;;;;;;;
-119;0;-66;0;;;;;;;;
105;0;-40;0;;;;;;;;
10;0;-108;0;;;;;;;;
-66;0;122;0;;;;;;;;
-55;0;-108;0;;;;;;;;
64;0;1;0;;;;;;;;
75;0;116;0;;;;;;;;
39;0;43;0;;;;;;;;
83;0;-74;0;;;;;;;;
-21;0;-69;0;;;;;;;;
-103;0;-97;0;;;;;;;;
61;0;44;0;;;;;;;;
-89;0;-55;0;;;;;;;;
44;0;66;0;;;;;;;;
52;0;-57;0;;;;;;;;
45;0;-19;0;;;;;;;;
121;0;112;0;;;;;;;;
-67;0;-91;0;;;;;;;;
9;0;-91;0;;;;;;;;
-1;0;13;0;;;;;;;;
90;0;32;0;;;;;;;;
-99;0;-119;0;;;;;;;;
7;0;101;0;;;;;;;;
14;0;-72;0;;;;;;;;
-85;0;116;0;;;;;;;;
-64;0;44;0;;;;;;;;
48;0;-52;0;;;;;;;;
96;0;103;0;;;;;;;;
-27;0;-53;0;;;;;;;;
51;0;-30;0;;;;;;;;
-50;0;95;0;;;;;;;;
-52;0;82;0;;;;;;;;
-29;0;50;0;;;;;;;;
-21;0;106;0;;;;;;;;
-87;0;-36;0;;;;;;;;
-8;0;17;0;;;;;;;;
-29;0;64;0;;;;;;;;
-64;0;-13;0;;;;;;;;
97;0;-97;0;;;;;;;;
94;0;-79;0;;;;;;;;
-39;0;37;0;;;;;;;;
-93;0;-77;0;;;;;;;;
-15;0;33;0;;;;;;;;
57;0;-29;0;;;;;;;;
120;0;-76;0;;;;;;;;
-64;0;27;0;;;;;;;;
90;0;16;0;;;;;;;;
10;0;-100;0;;;;;;;;
55;0;-92;0;;;;;;;;
-94;0;-44;0;;;;;;;;
-117;0;-71;0;;;;;;;;
-70;0;108;0;;;;;;;;
-26;0;90;0;;;;;;;;
-117;0;83;0;;;;;;;;
-42;0;-5;0;;;;;;;;
64;0;-28;0;;;;;;;;
-23;0;-125;0;;;;;;;;
-111;0;-2;0;;;;;;;;
92;0;54;0;;;;;;;;
-27;0;-93;0;;;;;;;;
48;0;-11;0;;;;;;;;
124;0;-65;0;;;;;;;;
-44;0;-16;0;;;;;;;;
-48;0;5;0;;;;;;;;
-2;0;50;0;;;;;;;;
54;0;101;0;;;;;;;;
100;0;106;0;;;;;;;;
13;0;-84;0;;;;;;;;
-78;0;-38;0;;;;;;;;
-10;0;-87;0;;;;;;;;
-9;0;53;0;;;;;;;;
-101;0;40;0;;;;;;;;
47;0;54;0;;;;;;;;
-124;0;-121;0;;;;;;;;
115;0;-76;0;;;;;;;;
89;0;-67;0;;;;;;;;
-3;0;56;0;;;;;;;;
-54;0;-110;0;;;;;;;;
-64;0;25;0;;;;;;;;
-23;0;-20;0;;;;;;;;
69;0;-72;0;;;;;;;;
-12;0;-56;0;;;;;;;;
114;0;-19;0;;;;;;;;
-99;0;112;0;;;;;;;;
119;0;-64;0;;;;;;;;
-110;0;-13;0;;;;;;;;
57;0;-98;0;;;;;;;;
-14;0;86;0;;;;;;;;
122;0;-56;0;;;;;;;;
38;0;-72;0;;;;;;;;
81;0;26;0;;;;;;;;
106;0;101;0;;;;;;;;
44;0;-59;0;;;;;;;;
32;0;-108;0;;;;;;;;
33;0;56;0;;;;;;;;
92;0;29;0;;;;;;;;
53;0;22;0;;;;;;;;
-35;0;5;0;;;;;;;;
45;0;-18;0;;;;;;;;
23;0;100;0;;;;;;;;
95;0;105;0;;;;;;;;
-76;0;120;0;;;;;;;;
98;0;58;0;;;;;;;;
99;0;108;0;;;;;;;;
-25;0;107;0;;;;;;;;
-52;0;33;0;;;;;;;;
-82;0;-118;0;;;;;;;;
-21;0;2;0;;;;;;;;
18;0;-62;0;;;;;;;;
27;0;6;0;;;;;;;;
22;0;102;0;;;;;;;;
105;0;-9;0;;;;;;;;
53;0;-41;0;;;;;;;;
-123;0;-42;0;;;;;;;;
-69;0;49;0;;;;;;;;
-57;0;-12;0;;;;;;;;
64;0;-14;0;;;;;;;;
55;0;18;0;;;;;;;;
-112;0;-91;0;;;;;;;;
-97;0;5;0;;;;;;;;
-122;0;25;0;;;;;;;;
-73;0;110;0;;;;;;;;
-1;0;-85;0;;;;;;;;
92;0;99;0;;;;;;;;
1;0;17;0;;;;;;;;
51;0;-90;0;;;;;;;;
-45;0;74;0;;;;;;;;
116;0;77;0;;;;;;;;
13;0;103;0;;;;;;;;
-114;0;57;0;;;;;;;;
101;0;-6;0;;;;;;;;
97;0;99;0;;;;;;;;
26;0;35;0;;;;;;;;
58;0;81;0;;;;;;;;
49;0;102;0;;;;;;;;
-37;0;-104;0;;;;;;;;
-53;0;58;0;;;;;;;;
26;0;-102;0;;;;;;;;
89;0;-86;0;;;;;;;;
-22;0;50;0;;;;;;;;
105;0;112;0;;;;;;;;
20;0;-38;0;;;;;;;;
-107;0;-89;0;;;;;;;;
50;0;103;0;;;;;;;;
-26;0;-53;0;;;;;;;;
84;0;-93;0;;;;;;;;
-3;0;35;0;;;;;;;;
-99;0;-111;0;;;;;;;;
-108;0;113;0;;;;;;;;
59;0;-27;0;;;;;;;;
64;0;-38;0;;;;;;;;
83;0;14;0;;;;;;;;
-22;0;76;0;;;;;;;;
-49;0;54;0;;;;;;;;
-26;0;-122;0;;;;;;;;
120;0;98;0;;;;;;;;
-17;0;25;0;;;;;;;;
-90;0;124;0;;;;;;;;
-94;0;-28;0;;;;;;;;
-30;0;-120;0;;;;;;;;
-83;0;-44;0;;;;;;;;
125;0;-61;0;;;;;;;;
7;0;-12;0;;;;;;;;
17;0;96;0;;;;;;;;
50;0;-3;0;;;;;;;;
53;0;4;0;;;;;;;;
48;0;83;0;;;;;;;;
19;0;-110;0;;;;;;;;
108;0;29;0;;;;;;;;
21;0;-118;0;;;;;;;;
-70;0;-10;0;;;;;;;;
16;0;88;0;;;;;;;;
-23;0;41;0;;;;;;;;
-10;0;62;0;;;;;;;;
87;0;-94;0;;;;;;;;
11;0;-100;0;;;;;;;;
7;0;-38;0;;;;;;;;
-40;0;61;0;;;;;;;;
-123;0;-23;0;;;;;;;;
88;0;-30;0;;;;;;;;
-100;0;44;0;;;;;;;;
-1;0;-86;0;;;;;;;;
98;0;-110;0;;;;;;;;
75;0;-111;0;;;;;;;;
-70;0;1;0;;;;;;;;
-112;0;-68;0;;;;;;;;
61;0;-107;0;;;;;;;;
35;0;73;0;;;;;;;;
56;0;42;0;;;;;;;;
31;0;-45;0;;;;;;;;
-76;0;36;0;;;;;;;;
7;0;-30;0;;;;;;;;
27;0;-31;0;;;;;;;;
-53;0;-33;0;;;;;;;;
5;0;-44;0;;;;;;;;
26;0;-50;0;;;;;;;;
106;0;32;0;;;;;;;;
33;0;46;0;;;;;;;;
80;0;25;0;;;;;;;;
67;0;-119;0;;;;;;;;
-64;0;-116;0;;;;;;;;
45;0;-83;0;;;;;;;;
-100;0;-107;0;;;;;;;;
-88;0;-94;0;;;;;;;;
7;0;12;0;;;;;;;;
-3;0;88;0;;;;;;;;
58;0;-13;0;;;;;;;;
44;0;-26;0;;;;;;;;
-24;0;108;0;;;;;;;;
35;0;-109;0;;;;;;;;
48;0;108;0;;;;;;;;
-51;0;33;0;;;;;;;;
45;0;-2;0;;;;;;;;
115;0;-103;0;;;;;;;;
19;0;13;0;;;;;;;;
-5;0;6;0;;;;;;;;
-46;0;-9;0;;;;;;;;
124;0;-115;0;;;;;;;;
89;0;-9;0;;;;;;;;
17;0;-79;0;;;;;;;;
-108;0;85;0;;;;;;;;
70;0;-80;0;;;;;;;;
-90;0;-89;0;;;;;;;;
-103;0;12;0;;;;;;;;
-64;0;-113;0;;;;;;;;
-113;0;-54;0;;;;;;;;
35;0;72;0;;;;;;;;
-108;0;79;0;;;;;;;;
113;0;-119;0;;;;;;;;
117;0;-26;0;;;;;;;;
76;0;44;0;;;;;;;;
-7;0;59;0;;;;;;;;
118;0;-124;0;;;;;;;;
-71;0;-51;0;;;;;;;;
100;0;38;0;;;;;;;;
106;0;-82;0;;;;;;;;
-57;0;-44;0;;;;;;;;
-123;0;-41;0;;;;;;;;
-97;0;-2;0;;;;;;;;
113;0;105;0;;;;;;;;
-12;0;27;0;;;;;;;;
-44;0;122;0;;;;;;;;
-101;0;25;0;;;;;;;;
94;0;-76;0;;;;;;;;
84;0;120;0;;;;;;;;
-57;0;30;0;;;;;;;;
80;0;-53;0;;;;;;;;
112;0;-121;0;;;;;;;;
-113;0;-38;0;;;;;;;;
-123;0;-125;0;;;;;;;;
-114;0;-49;0;;;;;;;;
-113;0;-91;0;;;;;;;;
-102;0;-85;0;;;;;;;;
104;0;120;0;;;;;;;;
-3;0;100;0;;;;;;;;
-71;0;119;0;;;;;;;;
49;0;96;0;;;;;;;;
-81;0;64;0;;;;;;;;
87;0;5;0;;;;;;;;
-112;0;60;0;;;;;;;;
-65;0;40;0;;;;;;;;
-91;0;121;0;;;;;;;;
29;0;48;0;;;;;;;;
-85;0;-64;0;;;;;;;;
75;0;-96;0;;;;;;;;
35;0;80;0;;;;;;;;
45;0;-5;0;;;;;;;;
-86;0;-46;0;;;;;;;;
-65;0;-5;0;;;;;;;;
-92;0;28;0;;;;;;;;
-112;0;-40;0;;;;;;;;
73;0;-14;0;;;;;;;;
-14;0;89;0;;;;;;;;
-81;0;-85;0;;;;;;;;
1;0;84;0;;;;;;;;
32;0;73;0;;;;;;;;
113;0;109;0;;;;;;;;
-4;0;-19;0;;;;;;;;
1;0;-110;0;;;;;;;;
-114;0;-26;0;;;;;;;;
-121;0;32;0;;;;;;;;
65;0;73;0;;;;;;;;
-103;0;-102;0;;;;;;;;
113;0;-13;0;;;;;;;;
-78;0;-71;0;;;;;;;;
-97;0;-74;0;;;;;;;;
-75;0;-2;0;;;;;;;;
-119;0;-30;0;;;;;;;;
-20;0;87;0;;;;;;;;
10;0;69;0;;;;;;;;
8;0;-59;0;;;;;;;;
-27;0;-25;0;;;;;;;;
-61;0;-42;0;;;;;;;;
69;0;34;0;;;;;;;;
100;0;54;0;;;;;;;;
-59;0;-62;0;;;;;;;;
75;0;91;0;;;;;;;;
50;0;-39;0;;;;;;;;
-108;0;117;0;;;;;;;;
-58;0;-26;0;;;;;;;;
37;0;84;0;;;;;;;;
117;0;-33;0;;;;;;;;
102;0;-18;0;;;;;;;;
-1;0;107;0;;;;;;;;
-63;0;69;0;;;;;;;;
-70;0;-114;0;;;;;;;;
-75;0;-91;0;;;;;;;;
64;0;121;0;;;;;;;;
17;0;-39;0;;;;;;;;
-95;0;103;0;;;;;;;;
-89;0;-13;0;;;;;;;;
-62;0;49;0;;;;;;;;
20;0;-77;0;;;;;;;;
112;0;41;0;;;;;;;;
-80;0;35;0;;;;;;;;
70;0;112;0;;;;;;;;
85;0;-94;0;;;;;;;;
0;0;-30;0;;;;;;;;
59;0;6;0;;;;;;;;
85;0;108;0;;;;;;;;
121;0;-92;0;;;;;;;;
55;0;-94;0;;;;;;;;
-115;0;-81;0;;;;;;;;
-21;0;107;0;;;;;;;;
-95;0;27;0;;;;;;;;
-8;0;104;0;;;;;;;;
-13;0;117;0;;;;;;;;
-5;0;-24;0;;;;;;;;
-112;0;122;0;;;;;;;;
-20;0;23;0;;;;;;;;
116;0;41;0;;;;;;;;
-112;0;50;0;;;;;;;;
-32;0;75;0;;;;;;;;
-4;0;-31;0;;;;;;;;
22;0;58;0;;;;;;;;
102;0;-51;0;;;;;;;;
36;0;62;0;;;;;;;;
-64;0;-111;0;;;;;;;;
42;0;116;0;;;;;;;;
-27;0;-21;0;;;;;;;;
-54;0;-65;0;;;;;;;;
-104;0;-116;0;;;;;;;;
-89;0;31;0;;;;;;;;
109;0;102;0;;;;;;;;
55;0;1;0;;;;;;;;
25;0;-61;0;;;;;;;;
55;0;-50;0;;;;;;;;
-111;0;61;0;;;;;;;;
-67;0;18;0;;;;;;;;
26;0;6;0;;;;;;;;
8;0;60;0;;;;;;;;
121;0;84;0;;;;;;;;
-1;0;-59;0;;;;;;;;
103;0;25;0;;;;;;;;
-28;0;62;0;;;;;;;;
-125;0;106;0;;;;;;;;
25;0;98;0;;;;;;;;
82;0;94;0;;;;;;;;
0;0;23;0;;;;;;;;
17;0;-50;0;;;;;;;;
8;0;38;0;;;;;;;;
31;0;-6;0;;;;;;;;
-59;0;111;0;;;;;;;;
115;0;-42;0;;;;;;;;
-66;0;86;0;;;;;;;;
-57;0;63;0;;;;;;;;
-106;0;-51;0;;;;;;;;
100;0;66;0;;;;;;;;
-114;0;-46;0;;;;;;;;
111;0;-1;0;;;;;;;;
5;0;70;0;;;;;;;;
-120;0;111;0;;;;;;;;
77;0;-122;0;;;;;;;;
-124;0;45;0;;;;;;;;
-70;0;86;0;;;;;;;;
-76;0;-10;0;;;;;;;;
-78;0;-48;0;;;;;;;;
-17;0;38;0;;;;;;;;
-61;0;-88;0;;;;;;;;
76;0;-53;0;;;;;;;;
-102;0;13;0;;;;;;;;
15;0;78;0;;;;;;;;
103;0;59;0;;;;;;;;
106;0;88;0;;;;;;;;
68;0;-93;0;;;;;;;;
-105;0;-5;0;;;;;;;;
42;0;101;0;;;;;;;;
9;0;-22;0;;;;;;;;
117;0;-96;0;;;;;;;;
109;0;121;0;;;;;;;;
18;0;105;0;;;;;;;;
58;0;61;0;;;;;;;;
82;0;-30;0;;;;;;;;
-90;0;-88;0;;;;;;;;
46;0;34;0;;;;;;;;
89;0;47;0;;;;;;;;
-12;0;3;0;;;;;;;;
-54;0;-69;0;;;;;;;;
-30;0;94;0;;;;;;;;
96;0;-84;0;;;;;;;;
18;0;18;0;;;;;;;;
-29;0;66;0;;;;;;;;
6;0;-91;0;;;;;;;;
-120;0;-123;0;;;;;;;;
22;0;-83;0;;;;;;;;
-81;0;-95;0;;;;;;;;
-50;0;93;0;;;;;;;;
-77;0;-75;0;;;;;;;;
25;0;89;0;;;;;;;;
51;0;105;0;;;;;;;;
86;0;98;0;;;;;;;;
-48;0;79;0;;;;;;;;
-66;0;-93;0;;;;;;;;
27;0;-44;0;;;;;;;;
50;0;75;0;;;;;;;;
-39;0;-108;0;;;;;;;;
59;0;-36;0;;;;;;;;
-61;0;-93;0;;;;;;;;
4;0;74;0;;;;;;;;
116;0;116;0;;;;;;;;
27;0;-35;0;;;;;;;;
-122;0;-51;0;;;;;;;;
23;0;114;0;;;;;;;;
-22;0;-101;0;;;;;;;;
-12;0;-75;0;;;;;;;;
-24;0;64;0;;;;;;;;
-28;0;86;0;;;;;;;;
-67;0;-67;0;;;;;;;;
72;0;10;0;;;;;;;;
-3;0;82;0;;;;;;;;
-9;0;-16;0;;;;;;;;
-101;0;-114;0;;;;;;;;
-100;0;38;0;;;;;;;;
-101;0;112;0;;;;;;;;
113;0;51;0;;;;;;;;
-14;0;-48;0;;;;;;;;
-14;0;71;0;;;;;;;;
-28;0;-95;0;;;;;;;;
-67;0;-28;0;;;;;;;;
-52;0;-7;0;;;;;;;;
-46;0;-89;0;;;;;;;;
-21;0;70;0;;;;;;;;
-12;0;107;0;;;;;;;;
60;0;-15;0;;;;;;;;
-99;0;44;0;;;;;;;;
66;0;-39;0;;;;;;;;
-54;0;111;0;;;;;;;;
3;0;100;0;;;;;;;;
-4;0;3;0;;;;;;;;
-57;0;33;0;;;;;;;;
20;0;30;0;;;;;;;;
-26;0;0;0;;;;;;;;
-77;0;44;0;;;;;;;;
0;0;68;0;;;;;;;;
-54;0;-92;0;;;;;;;;
-58;0;-119;0;;;;;;;;
112;0;5;0;;;;;;;;
10;0;-96;0;;;;;;;;
-4;0;-71;0;;;;;;;;
-34;0;-125;0;;;;;;;;
8;0;54;0;;;;;;;;
25;0;36;0;;;;;;;;
47;0;69;0;;;;;;;;
122;0;0;0;;;;;;;;
-123;0;111;0;;;;;;;;
-65;0;69;0;;;;;;;;
-28;0;8;0;;;;;;;;
36;0;-49;0;;;;;;;;
-50;0;-118;0;;;;;;;;
43;0;35;0;;;;;;;;
-60;0;122;0;;;;;;;;
72;0;-26;0;;;;;;;;
-92;0;-62;0;;;;;;;;
-48;0;-12;0;;;;;;;;
-63;0;35;0;;;;;;;;
-122;0;-62;0;;;;;;;;
117;0;45;0;;;;;;;;
67;0;-4;0;;;;;;;;
27;0;24;0;;;;;;;;
80;0;-8;0;;;;;;;;
95;0;111;0;;;;;;;;
10;0;49;0;;;;;;;;
125;0;18;0;;;;;;;;
16;0;-105;0;;;;;;;;
-81;0;38;0;;;;;;;;
-8;0;121;0;;;;;;;;
-28;0;-18;0;;;;;;;;
-9;0;45;0;;;;;;;;
-98;0;-79;0;;;;;;;;
-16;0;-123;0;;;;;;;;
79;0;-104;0;;;;;;;;
-16;0;92;0;;;;;;;;
32;0;-118;0;;;;;;;;
11;0;-18;0;;;;;;;;
-66;0;104;0;;;;;;;;
-120;0;-42;0;;;;;;;;
28;0;-86;0;;;;;;;;
64;0;-60;0;;;;;;;;
-16;0;83;0;;;;;;;;
-62;0;-20;0;;;;;;;;
-26;0;-77;0;;;;;;;;
98;0;121;0;;;;;;;;
27;0;-115;0;;;;;;;;
-42;0;-70;0;;;;;;;;
-57;0;-61;0;;;;;;;;
-61;0;12;0;;;;;;;;
-53;0;-13;0;;;;;;;;
35;0;-31;0;;;;;;;;
43;0;-4;0;;;;;;;;
90;0;-17;0;;;;;;;;
6;0;-79;0;;;;;;;;
-66;0;-52;0;;;;;;;;
105;0;-80;0;;;;;;;;
125;0;90;0;;;;;;;;
-42;0;-82;0;;;;;;;;
-29;0;-4;0;;;;;;;;
84;0;-52;0;;;;;;;;
-63;0;75;0;;;;;;;;
74;0;1;0;;;;;;;;
80;0;124;0;;;;;;;;
70;0;-109;0;;;;;;;;
80;0;19;0;;;;;;;;
23;0;72;0;;;;;;;;
-11;0;-2;0;;;;;;;;
4;0;-31;0;;;;;;;;
-59;0;-87;0;;;;;;;;
-32;0;76;0;;;;;;;;
-118;0;40;0;;;;;;;;
77;0;102;0;;;;;;;;
-39;0;8;0;;;;;;;;
51;0;-86;0;;;;;;;;
-11;0;-47;0;;;;;;;;
74;0;124;0;;;;;;;;
56;0;32;0;;;;;;;;
-42;0;-20;0;;;;;;;;
103;0;-119;0;;;;;;;;
-74;0;24;0;;;;;;;;
-96;0;-26;0;;;;;;;;
-121;0;117;0;;;;;;;;
101;0;-20;0;;;;;;;;
22;0;-18;0;;;;;;;;
107;0;-30;0;;;;;;;;
-34;0;26;0;;;;;;;;
-1;0;-27;0;;;;;;;;
-57;0;-62;0;;;;;;;;
-13;0;-109;0;;;;;;;;
-2;0;81;0;;;;;;;;
30;0;-66;0;;;;;;;;
-23;0;97;0;;;;;;;;
85;0;-87;0;;;;;;;;
-7;0;-18;0;;;;;;;;
77;0;-11;0;;;;;;;;
-58;0;120;0;;;;;;;;
2;0;-71;0;;;;;;;;
-73;0;85;0;;;;;;;;
-98;0;-95;0;;;;;;;;
28;0;116;0;;;;;;;;
115;0;97;0;;;;;;;;
19;0;1;0;;;;;;;;
-41;0;124;0;;;;;;;;
-114;0;16;0;;;;;;;;
87;0;-54;0;;;;;;;;
-54;0;45;0;;;;;;;;
38;0;90;0;;;;;;;;
20;0;8;0;;;;;;;;
19;0;92;0;;;;;;;;
-23;0;103;0;;;;;;;;
106;0;-92;0;;;;;;;;
47;0;90;0;;;;;;;;
13;0;41;0;;;;;;;;
-43;0;-102;0;;;;;;;;
-65;0;-48;0;;;;;;;;
-109;0;-70;0;;;;;;;;
-19;0;4;0;;;;;;;;
-120;0;-40;0;;;;;;;;
-108;0;56;0;;;;;;;;
-113;0;121;0;;;;;;;;
-119;0;120;0;;;;;;;;
70;0;-92;0;;;;;;;;
-113;0;48;0;;;;;;;;
-67;0;-96;0;;;;;;;;
90;0;-101;0;;;;;;;;
-22;0;71;0;;;;;;;;
104;0;125;0;;;;;;;;
63;0;36;0;;;;;;;;
83;0;18;0;;;;;;;;
64;0;-104;0;;;;;;;;
-68;0;119;0;;;;;;;;
-114;0;-51;0;;;;;;;;
-28;0;67;0;;;;;;;;
-46;0;-72;0;;;;;;;;
-84;0;65;0;;;;;;;;
93;0;95;0;;;;;;;;
-30;0;-106;0;;;;;;;;
-74;0;-51;0;;;;;;;;
115;0;29;0;;;;;;;;
-17;0;60;0;;;;;;;;
25;0;-38;0;;;;;;;;
-38;0;-95;0;;;;;;;;
73;0;-102;0;;;;;;;;
-8;0;58;0;;;;;;;;
-115;0;26;0;;;;;;;;
-17;0;-80;0;;;;;;;;
-117;0;-73;0;;;;;;;;
13;0;-11;0;;;;;;;;
-111;0;114;0;;;;;;;;
-70;0;-44;0;;;;;;;;
-11;0;-33;0;;;;;;;;
106;0;54;0;;;;;;;;
-36;0;-115;0;;;;;;;;
2;0;11;0;;;;;;;;
0;0;57;0;;;;;;;;
111;0;6;0;;;;;;;;
-61;0;4;0;;;;;;;;
-7;0;96;0;;;;;;;;
-68;0;20;0;;;;;;;;
0;0;-85;0;;;;;;;;
-125;0;-83;0;;;;;;;;
-86;0;-10;0;;;;;;;;
12;0;-4;0;;;;;;;;
-65;0;59;0;;;;;;;;
-26;0;-47;0;;;;;;;;
-71;0;18;0;;;;;;;;
-43;0;56;0;;;;;;;;
-65;0;36;0;;;;;;;;
11;0;-3;0;;;;;;;;
102;0;-81;0;;;;;;;;
-82;0;-95;0;;;;;;;;
-37;0;65;0;;;;;;;;
-107;0;26;0;;;;;;;;
7;0;-32;0;;;;;;;;
-36;0;-110;0;;;;;;;;
-31;0;24;0;;;;;;;;
95;0;-50;0;;;;;;;;
-49;0;-61;0;;;;;;;;
65;0;52;0;;;;;;;;
44;0;-65;0;;;;;;;;
-109;0;77;0;;;;;;;;
5;0;-34;0;;;;;;;;
43;0;96;0;;;;;;;;
-4;0;-27;0;;;;;;;;
-57;0;72;0;;;;;;;;
34;0;-123;0;;;;;;;;
117;0;49;0;;;;;;;;
98;0;8;0;;;;;;;;
67;0;46;0;;;;;;;;
3;0;-13;0;;;;;;;;
-66;0;-53;0;;;;;;;;
-118;0;-83;0;;;;;;;;
116;0;-14;0;;;;;;;;
68;0;41;0;;;;;;;;
-99;0;-74;0;;;;;;;;
90;0;46;0;;;;;;;;
-92;0;-96;0;;;;;;;;
-86;0;78;0;;;;;;;;
-39;0;101;0;;;;;;;;
35;0;125;0;;;;;;;;
35;0;5;0;;;;;;;;
-58;0;-91;0;;;;;;;;
-46;0;-74;0;;;;;;;;
33;0;-65;0;;;;;;;;
-26;0;-115;0;;;;;;;;
-77;0;50;0;;;;;;;;
-10;0;43;0;;;;;;;;
17;0;80;0;;;;;;;;
96;0;-8;0;;;;;;;;
45;0;-55;0;;;;;;;;
-33;0;-101;0;;;;;;;;
125;0;-60;0;;;;;;;;
92;0;72;0;;;;;;;;
-91;0;-59;0;;;;;;;;
15;0;105;0;;;;;;;;
-30;0;9;0;;;;;;;;
-66;0;-109;0;;;;;;;;
-33;0;121;0;;;;;;;;
70;0;30;0;;;;;;;;
53;0;-43;0;;;;;;;;
88;0;125;0;;;;;;;;
-40;0;-91;0;;;;;;;;
-78;0;-101;0;;;;;;;;
102;0;-36;0;;;;;;;;
-48;0;66;0;;;;;;;;
-63;0;39;0;;;;;;;;
23;0;-11;0;;;;;;;;
103;0;14;0;;;;;;;;
-21;0;-74;0;;;;;;;;
-68;0;-117;0;;;;;;;;
-30;0;-1;0;;;;;;;;
107;0;119;0;;;;;;;;
-64;0;-100;0;;;;;;;;
-85;0;123;0;;;;;;;;
-28;0;55;0;;;;;;;;
-124;0;-108;0;;;;;;;;
94;0;66;0;;;;;;;;
-86;0;-58;0;;;;;;;;
-67;0;32;0;;;;;;;;
116;0;-13;0;;;;;;;;
-79;0;110;0;;;;;;;;
-36;0;-105;0;;;;;;;;
-118;0;-10;0;;;;;;;;
-63;0;50;0;;;;;;;;
93;0;-7;0;;;;;;;;
11;0;29;0;;;;;;;;
26;0;-82;0;;;;;;;;
-26;0;-100;0;;;;;;;;
-10;0;88;0;;;;;;;;
-47;0;8;0;;;;;;;;
-67;0;-37;0;;;;;;;;
-93;0;-76;0;;;;;;;;
-119;0;-84;0;;;;;;;;
103;0;-119;0;;;;;;;;
-16;0;-77;0;;;;;;;;
-55;0;16;0;;;;;;;;
-114;0;44;0;;;;;;;;
91;0;67;0;;;;;;;;
-97;0;8;0;;;;;;;;
-66;0;72;0;;;;;;;;
-2;0;47;0;;;;;;;;
4;0;-98;0;;;;;;;;
-61;0;90;0;;;;;;;;
-108;0;99;0;;;;;;;;
73;0;87;0;;;;;;;;
-118;0;80;0;;;;;;;;
-29;0;96;0;;;;;;;;
20;0;-38;0;;;;;;;;
-77;0;-33;0;;;;;;;;
27;0;11;0;;;;;;;;
11;0;68;0;;;;;;;;
40;0;101;0;;;;;;;;
-89;0;83;0;;;;;;;;
-87;0;-47;0;;;;;;;;
-41;0;-52;0;;;;;;;;
23;0;-87;0;;;;;;;;
45;0;49;0;;;;;;;;
30;0;-17;0;;;;;;;;
-23;0;116;1;;;;;;;;
